"Condition","loc_coord","loc_id","plate","Phase","Group","seconds_total","exp_sums","mean","sd","sem","median","iqr","CI_lower","CI_upper","phase_con_mean","phase_con_sd","phase_con_sem"
"WT+DMSO","A1",1,1,"Dark","1",91,35126,386,287.207048814769,30.1074794272174,310,390,326.989340322654,445.010659677346,370.533997252747,243.19531836663,42.9912646924663
"WT+DMSO","A1",1,2,"Dark","1",91,21866,240.285714285714,213.152438186294,22.3444468860998,190,329.5,196.490598388959,284.08083018247,370.533997252747,243.19531836663,42.9912646924663
"WT+DMSO","A2",2,1,"Dark","1",91,16819,184.824175824176,335.683600811061,35.1892028666449,26,214,115.853338205552,253.7950134428,370.533997252747,243.19531836663,42.9912646924663
"WT+DMSO","A2",2,2,"Dark","1",91,16406,180.285714285714,276.186421973528,28.9522038263331,68,272.5,123.539394786101,237.032033785327,370.533997252747,243.19531836663,42.9912646924663
"Mut1","A3",3,1,"Dark","1",91,46856,514.901098901099,531.035488559748,55.6676450418399,366,514.5,405.792514619093,624.009683183105,316.938186813187,330.832927533015,58.4835516245981
"Mut1","A3",3,2,"Dark","1",91,16475,181.043956043956,164.212593378753,17.2141571637729,165,239.5,147.304208002961,214.783704084951,316.938186813187,330.832927533015,58.4835516245981
"Mut1","A4",4,1,"Dark","1",91,9917,108.978021978022,255.140178377908,26.7459580232086,0,91,56.5559442525331,161.400099703511,316.938186813187,330.832927533015,58.4835516245981
"Mut1","A4",4,2,"Dark","1",91,13287,146.010989010989,301.607820945806,31.6170905334228,0,165.5,84.0414915654803,207.980486456498,316.938186813187,330.832927533015,58.4835516245981
"Mut2","A5",5,1,"Dark","1",91,10353,113.769230769231,328.164798603895,34.4010182322365,0,0,46.3432350340472,181.195226504414,388.059752747253,400.215821334946,70.748830301021
"Mut2","A5",5,2,"Dark","1",91,22780,250.32967032967,219.189722738851,22.9773262712419,193,279.5,205.294110838036,295.365229821305,388.059752747253,400.215821334946,70.748830301021
"Mut2","A6",6,1,"Dark","1",91,27962,307.274725274725,368.921553417949,38.6734870387931,199,474,231.474690678691,383.07475987076,388.059752747253,400.215821334946,70.748830301021
"Mut2","A6",6,2,"Dark","1",91,14034,154.21978021978,289.02844159155,30.2984132701789,2,186.5,94.8348902102297,213.604670229331,388.059752747253,400.215821334946,70.748830301021
"Mut3","A7",7,1,"Dark","1",91,10205,112.142857142857,177.467403669179,18.6036388278808,0,199,75.6797250402107,148.605989245504,418.026785714286,371.29133141742,65.6356545602598
"Mut3","A7",7,2,"Dark","1",91,39391,432.868131868132,492.432447906224,51.620946824995,270,475,331.691076091142,534.045187645122,418.026785714286,371.29133141742,65.6356545602598
"Mut3","A8",8,1,"Dark","1",91,40941,449.901098901099,438.742649319749,45.9927266505095,300,582,359.7553546661,540.046843136098,418.026785714286,371.29133141742,65.6356545602598
"Mut3","A8",8,2,"Dark","1",91,23393,257.065934065934,220.225783241644,23.0859349227423,182,222.5,211.817501617359,302.314366514509,418.026785714286,371.29133141742,65.6356545602598
"Mut4","A9",9,1,"Dark","1",91,61335,674.010989010989,459.526483205037,48.1714644415989,603,534,579.594918705455,768.427059316523,373.755494505494,343.35683785598,60.6974871036833
"Mut4","A9",9,2,"Dark","1",91,3757,41.2857142857143,162.585381720517,17.0435790330263,0,0.5,7.88029938098267,74.6911291904459,373.755494505494,343.35683785598,60.6974871036833
"Mut4","A10",10,1,"Dark","1",91,38367,421.615384615385,458.525214846002,48.0665029977724,328,310,327.405038739751,515.825730491019,373.755494505494,343.35683785598,60.6974871036833
"Mut4","A10",10,2,"Dark","1",91,11012,121.010989010989,124.608319189504,13.0625011535761,112,209,95.4084867499798,146.613491271998,373.755494505494,343.35683785598,60.6974871036833
"MUT+DMSO","A11",11,1,"Dark","1",91,47583,522.89010989011,513.987882489017,53.8805703472043,372,569.5,417.284192009589,628.49602777063,311.589972527473,256.205528259735,45.2911666024851
"MUT+DMSO","A11",11,2,"Dark","1",91,17918,196.901098901099,291.305416471177,30.5371050941698,97,274,137.048372916526,256.753824885672,311.589972527473,256.205528259735,45.2911666024851
"MUT+DMSO","A12",12,1,"Dark","1",91,10849,119.21978021978,217.658897370164,22.8168521690755,0,194.5,74.4987499683922,163.940810471168,311.589972527473,256.205528259735,45.2911666024851
"MUT+DMSO","A12",12,2,"Dark","1",91,29204,320.923076923077,322.853948086239,33.844289825461,255,338,254.588268865173,387.25788498098,311.589972527473,256.205528259735,45.2911666024851
"WT+DMSO","B1",13,1,"Dark","1",91,32610,358.351648351648,423.394965949877,44.3838522749649,272,553.5,271.359297892717,445.343998810579,370.533997252747,243.19531836663,42.9912646924663
"WT+DMSO","B1",13,2,"Dark","1",91,16933,186.076923076923,260.352335233503,27.2923405230423,19,277.5,132.58393565176,239.569910502086,370.533997252747,243.19531836663,42.9912646924663
"WT+DMSO","B2",14,1,"Dark","1",91,23654,259.934065934066,256.218127652453,26.8589578111348,207,353,207.290508624242,312.57762324389,370.533997252747,243.19531836663,42.9912646924663
"WT+DMSO","B2",14,2,"Dark","1",91,11895,130.714285714286,220.571292869438,23.1221541731181,0,233,85.3948635349743,176.033707893597,370.533997252747,243.19531836663,42.9912646924663
"Mut1","B3",15,1,"Dark","1",91,48148,529.098901098901,356.331620044059,37.3537034136743,504,439.5,455.8856424081,602.312159789703,316.938186813187,330.832927533015,58.4835516245981
"Mut1","B3",15,2,"Dark","1",91,2400,26.3736263736264,58.7029524814266,6.15374149570868,0,4,14.3122930420374,38.4349597052154,316.938186813187,330.832927533015,58.4835516245981
"Mut1","B4",16,1,"Dark","1",91,29991,329.571428571429,315.980419325036,33.1237482279468,223,351,264.648882044653,394.493975098204,316.938186813187,330.832927533015,58.4835516245981
"Mut1","B4",16,2,"Dark","1",91,17129,188.230769230769,195.516187276602,20.4956654455745,163,299.5,148.059264957443,228.402273504095,316.938186813187,330.832927533015,58.4835516245981
"Mut2","B5",17,1,"Dark","1",91,50031,549.791208791209,371.659387566493,38.9604900411309,462,414,473.428648310592,626.153769271825,388.059752747253,400.215821334946,70.748830301021
"Mut2","B5",17,2,"Dark","1",91,19765,217.197802197802,252.700007465164,26.4901586065247,170,359.5,165.277091329014,269.118513066591,388.059752747253,400.215821334946,70.748830301021
"Mut2","B6",18,1,"Dark","1",91,19105,209.945054945055,322.437706736161,33.8006558758907,38,355,143.695769428309,276.194340461801,388.059752747253,400.215821334946,70.748830301021
"Mut2","B6",18,2,"Dark","1",91,5269,57.9010989010989,154.096294204851,16.1536808609985,0,30,26.2398844135419,89.5623133886559,388.059752747253,400.215821334946,70.748830301021
"Mut3","B7",19,1,"Dark","1",91,20524,225.538461538462,287.281291021431,30.1152621251663,157,304.5,166.512547773136,284.564375303787,418.026785714286,371.29133141742,65.6356545602598
"Mut3","B7",19,2,"Dark","1",91,11931,131.10989010989,185.973083509383,19.4952763481305,47,219.5,92.8991484675544,169.320631752226,418.026785714286,371.29133141742,65.6356545602598
"Mut3","B8",20,1,"Dark","1",91,43799,481.307692307692,688.634102042388,72.188468722065,30,792.5,339.818293612445,622.79709100294,418.026785714286,371.29133141742,65.6356545602598
"Mut3","B8",20,2,"Dark","1",91,13558,148.989010989011,179.575146418521,18.8245903042654,92,247.5,112.092813992651,185.885207985371,418.026785714286,371.29133141742,65.6356545602598
"Mut4","B9",21,1,"Dark","1",91,114443,1257.61538461538,678.70254930076,71.1473591076497,1178,948,1118.16656076439,1397.06420846638,373.755494505494,343.35683785598,60.6974871036833
"Mut4","B9",21,2,"Dark","1",91,6141,67.4835164835165,148.844838124759,15.6031786830514,0,104,36.9012862647358,98.0657467022972,373.755494505494,343.35683785598,60.6974871036833
"Mut4","B10",22,1,"Dark","1",91,57809,635.263736263736,602.056934095565,63.1127154855668,489,583.5,511.562813912025,758.964658615447,373.755494505494,343.35683785598,60.6974871036833
"Mut4","B10",22,2,"Dark","1",91,10634,116.857142857143,236.354609828752,24.7766953572806,1,165,68.2948199568729,165.419465757413,373.755494505494,343.35683785598,60.6974871036833
"MUT+DMSO","B11",23,1,"Dark","1",91,22889,251.527472527473,322.631931348655,33.8210161475102,148,319,185.238280878353,317.816664176592,311.589972527473,256.205528259735,45.2911666024851
"MUT+DMSO","B11",23,2,"Dark","1",91,19419,213.395604395604,242.333648744448,25.40346894063,136,339.5,163.60480527197,263.186403519239,311.589972527473,256.205528259735,45.2911666024851
"MUT+DMSO","B12",24,1,"Dark","1",91,37632,413.538461538462,382.75795391089,40.1239359219493,293,368,334.895547131441,492.181375945482,311.589972527473,256.205528259735,45.2911666024851
"MUT+DMSO","B12",24,2,"Dark","1",91,15944,175.208791208791,213.214212392843,22.3509225825024,118,295.5,131.400982947087,219.016599470496,311.589972527473,256.205528259735,45.2911666024851
"WT+DMSO","C1",25,1,"Dark","1",91,51092,561.450549450549,504.993119067231,52.9376629367084,454,734.5,457.692730094601,665.208368806498,370.533997252747,243.19531836663,42.9912646924663
"WT+DMSO","C1",25,2,"Dark","1",91,27240,299.340659340659,257.540340735635,26.9975634037363,254,284,246.425435069336,352.255883611982,370.533997252747,243.19531836663,42.9912646924663
"WT+DMSO","C2",26,1,"Dark","1",91,19114,210.043956043956,372.272209607967,39.0247312464995,0,259,133.555482800817,286.532429287095,370.533997252747,243.19531836663,42.9912646924663
"WT+DMSO","C2",26,2,"Dark","1",91,30136,331.164835164835,881.284129535939,92.3836789836199,3,142,150.09282435694,512.23684597273,370.533997252747,243.19531836663,42.9912646924663
"Mut1","C3",27,1,"Dark","1",91,16880,185.494505494505,342.708407756875,35.9256027268645,0,248.5,115.080324149851,255.90868683916,316.938186813187,330.832927533015,58.4835516245981
"Mut1","C3",27,2,"Dark","1",91,25674,282.131868131868,263.884284774436,27.662589437825,252,301.5,227.913192833731,336.350543430005,316.938186813187,330.832927533015,58.4835516245981
"Mut1","C4",28,1,"Dark","1",91,12077,132.714285714286,364.014629917055,38.159101688699,0,1.5,57.9224464044357,207.506125024136,316.938186813187,330.832927533015,58.4835516245981
"Mut1","C4",28,2,"Dark","1",91,28243,310.362637362637,278.455802057766,29.1900994994396,237,353.5,253.150042343736,367.575232381539,316.938186813187,330.832927533015,58.4835516245981
"Mut2","C5",29,1,"Dark","1",91,88731,975.065934065934,711.257178088329,74.5600114799617,799,895.5,828.928311565209,1121.20355656666,388.059752747253,400.215821334946,70.748830301021
"Mut2","C5",29,2,"Dark","1",91,20400,224.175824175824,203.872214520468,21.3716151110725,195,235.5,182.287458558122,266.064189793526,388.059752747253,400.215821334946,70.748830301021
"Mut2","C6",30,1,"Dark","1",91,9195,101.043956043956,238.972100281737,25.0510829124935,1,42.5,51.9438335354688,150.144078552443,388.059752747253,400.215821334946,70.748830301021
"Mut2","C6",30,2,"Dark","1",91,29326,322.263736263736,426.122747969404,44.6698015278602,83,505,234.71092526913,409.816547258342,388.059752747253,400.215821334946,70.748830301021
"Mut3","C7",31,1,"Dark","1",91,49814,547.406593406593,644.873785722136,67.6011411171975,415,736,414.908356816886,679.9048299963,418.026785714286,371.29133141742,65.6356545602598
"Mut3","C7",31,2,"Dark","1",91,15823,173.879120879121,164.786247751769,17.2742924818481,139,218,140.021507614699,207.736734143543,418.026785714286,371.29133141742,65.6356545602598
"Mut3","C8",32,1,"Dark","1",91,1763,19.3736263736264,52.7582849421456,5.53057101163056,0,0,8.53370719083048,30.2135455564223,418.026785714286,371.29133141742,65.6356545602598
"Mut3","C8",32,2,"Dark","1",91,24,0.263736263736264,0.940864435094602,0.0986293920720605,0,0,0.0704226552750251,0.457049872197502,418.026785714286,371.29133141742,65.6356545602598
"Mut4","C9",33,1,"Dark","1",91,1122,12.3296703296703,67.5797561642793,7.08428336563786,0,0,-1.55552506697987,26.2148657263205,373.755494505494,343.35683785598,60.6974871036833
"Mut4","C9",33,2,"Dark","1",91,4365,47.967032967033,184.315276424178,19.3214909451675,0,0,10.0969107145047,85.8371552195612,373.755494505494,343.35683785598,60.6974871036833
"Mut4","C10",34,1,"Dark","1",91,12481,137.153846153846,313.046994096446,32.8162417092681,0,179,72.8340124036808,201.473679904012,373.755494505494,343.35683785598,60.6974871036833
"Mut4","C10",34,2,"Dark","1",91,36148,397.230769230769,345.094546688072,36.175738052853,334,400.5,326.326322647177,468.135215814361,373.755494505494,343.35683785598,60.6974871036833
"MUT+DMSO","C11",35,1,"Dark","1",91,18161,199.571428571429,302.719971181917,31.73367555629,88,305.5,137.3734244811,261.769432661757,311.589972527473,256.205528259735,45.2911666024851
"MUT+DMSO","C11",35,2,"Dark","1",91,17836,196,242.879210948799,25.460659399261,150,342,146.097107577448,245.902892422552,311.589972527473,256.205528259735,45.2911666024851
"MUT+DMSO","C12",36,1,"Dark","1",91,22524,247.516483516484,369.670584969837,38.7520068806001,13,329,171.562550030507,323.47041700246,311.589972527473,256.205528259735,45.2911666024851
"MUT+DMSO","C12",36,2,"Dark","1",91,24442,268.593406593407,295.962609426032,31.0253115697961,184,217,207.783795916606,329.403017270207,311.589972527473,256.205528259735,45.2911666024851
"WT+DMSO","D1",37,1,"Dark","1",91,44528,489.318681318681,417.197472004722,43.7341783821267,373,440,403.599691689713,575.03767094765,370.533997252747,243.19531836663,42.9912646924663
"WT+DMSO","D1",37,2,"Dark","1",91,33804,371.472527472527,315.00417424604,33.0214099366233,328,408,306.750563996746,436.194490948309,370.533997252747,243.19531836663,42.9912646924663
"WT+DMSO","D2",38,1,"Dark","1",91,48545,533.461538461538,504.963415785789,52.9345491867548,405,631.5,429.709822055499,637.213254867578,370.533997252747,243.19531836663,42.9912646924663
"WT+DMSO","D2",38,2,"Dark","1",91,15526,170.615384615385,188.018779749422,19.7097235830277,133,276,131.98432639265,209.246442838119,370.533997252747,243.19531836663,42.9912646924663
"Mut1","D3",39,1,"Dark","1",91,7907,86.8901098901099,164.085848164202,17.2008706551188,0,144.5,53.176403406077,120.603816374143,316.938186813187,330.832927533015,58.4835516245981
"Mut1","D3",39,2,"Dark","1",91,15206,167.098901098901,266.82320634312,27.9706721295017,34,239,112.276383725078,221.921418472724,316.938186813187,330.832927533015,58.4835516245981
"Mut1","D4",40,1,"Dark","1",91,36480,400.879120879121,382.846613763697,40.1332299998817,424,655.5,322.217990079353,479.540251678889,316.938186813187,330.832927533015,58.4835516245981
"Mut1","D4",40,2,"Dark","1",91,7476,82.1538461538462,130.870922250125,13.7190003362619,0,153,55.2646054947728,109.04308681292,316.938186813187,330.832927533015,58.4835516245981
"Mut2","D5",41,1,"Dark","1",91,38485,422.912087912088,505.829432128869,53.0253323668352,303,543,318.982436473091,526.841739351085,388.059752747253,400.215821334946,70.748830301021
"Mut2","D5",41,2,"Dark","1",91,17438,191.626373626374,196.026792293052,20.5491913952043,124,227.5,151.349958491773,231.902788760974,388.059752747253,400.215821334946,70.748830301021
"Mut2","D6",42,1,"Dark","1",91,45142,496.065934065934,451.759764137184,47.3572910586081,474,693,403.245643591062,588.886224540806,388.059752747253,400.215821334946,70.748830301021
"Mut2","D6",42,2,"Dark","1",91,27667,304.032967032967,433.012893073365,45.3920849913898,115,441.5,215.064480449843,393.001453616091,388.059752747253,400.215821334946,70.748830301021
"Mut3","D7",43,1,"Dark","1",91,138889,1526.25274725275,719.879767637263,75.4639044677041,1497,1099.5,1378.34349449605,1674.16200000945,418.026785714286,371.29133141742,65.6356545602598
"Mut3","D7",43,2,"Dark","1",91,24855,273.131868131868,390.556162095691,40.9414102613221,107,391,192.886704019677,353.377032244059,418.026785714286,371.29133141742,65.6356545602598
"Mut3","D8",44,1,"Dark","1",91,69849,767.571428571429,611.110921789292,64.0618312866869,574,864,642.010239249522,893.132617893335,418.026785714286,371.29133141742,65.6356545602598
"Mut3","D8",44,2,"Dark","1",91,3877,42.6043956043956,129.28047709628,13.5522763824205,0,1.5,16.0419338948513,69.1668573139399,418.026785714286,371.29133141742,65.6356545602598
"Mut4","D9",45,1,"Dark","1",91,96628,1061.84615384615,438.943780836502,46.0138109624294,1082,589,971.659084359792,1152.03322333252,373.755494505494,343.35683785598,60.6974871036833
"Mut4","D9",45,2,"Dark","1",91,10997,120.846153846154,215.691339293338,22.6105960393449,0,151.5,76.5293856090379,165.16292208327,373.755494505494,343.35683785598,60.6974871036833
"Mut4","D10",46,1,"Dark","1",91,96905,1064.89010989011,520.975312926512,54.6130520847319,953,729,957.848527804035,1171.93169197618,373.755494505494,343.35683785598,60.6974871036833
"Mut4","D10",46,2,"Dark","1",91,7528,82.7252747252747,135.1652540768,14.1691686300375,1,124.5,54.9537042104012,110.496845240148,373.755494505494,343.35683785598,60.6974871036833
"MUT+DMSO","D11",47,1,"Dark","1",91,47484,521.802197802198,382.098946457596,40.0548531698918,419,515,443.29468558921,600.309710015186,311.589972527473,256.205528259735,45.2911666024851
"MUT+DMSO","D11",47,2,"Dark","1",91,3089,33.9450549450549,65.6675740440461,6.88383221346874,0,44.5,20.4527438066562,47.4373660834537,311.589972527473,256.205528259735,45.2911666024851
"MUT+DMSO","D12",48,1,"Dark","1",91,107202,1178.04395604396,661.560762508511,69.3504115907862,1066,841.5,1042.11714932602,1313.9707627619,311.589972527473,256.205528259735,45.2911666024851
"MUT+DMSO","D12",48,2,"Dark","1",91,18295,201.043956043956,300.549900167747,31.5061903024135,74,310.5,139.291823051226,262.796089036687,311.589972527473,256.205528259735,45.2911666024851
"WT+DMSO","E1",49,1,"Dark","1",91,111323,1223.32967032967,677.000099375424,70.9688938634489,1154,835.5,1084.23063835731,1362.42870230203,370.533997252747,243.19531836663,42.9912646924663
"WT+DMSO","E1",49,2,"Dark","1",91,28416,312.263736263736,395.255974307644,41.4340844490452,159,508.5,231.052930743608,393.474541783865,370.533997252747,243.19531836663,42.9912646924663
"WT+DMSO","E2",50,1,"Dark","1",91,45649,501.637362637363,680.275018184778,71.312198636383,269,634.5,361.865453310052,641.409271964673,370.533997252747,243.19531836663,42.9912646924663
"WT+DMSO","E2",50,2,"Dark","1",91,7648,84.043956043956,164.081884170876,17.2004551157091,0,81.5,50.3310640171661,117.756848070746,370.533997252747,243.19531836663,42.9912646924663
"Mut1","E3",51,1,"Dark","1",91,71474,785.428571428571,484.61827229405,50.8017986444226,776,532,685.857046085503,885.00009677164,316.938186813187,330.832927533015,58.4835516245981
"Mut1","E3",51,2,"Dark","1",91,8065,88.6263736263736,189.612977072987,19.8768408711313,0,155,49.6677655189563,127.584981733791,316.938186813187,330.832927533015,58.4835516245981
"Mut1","E4",52,1,"Dark","1",91,40261,442.428571428571,495.866091755003,51.9808905031329,334,602.5,340.546026042431,544.311116814712,316.938186813187,330.832927533015,58.4835516245981
"Mut1","E4",52,2,"Dark","1",91,9167,100.736263736264,189.022387572644,19.8149302693377,3,146,61.8990004083619,139.573527064166,316.938186813187,330.832927533015,58.4835516245981
"Mut2","E5",53,1,"Dark","1",91,49995,549.395604395604,507.479717802065,53.1983293115823,411,473.5,445.126878944903,653.664329846306,388.059752747253,400.215821334946,70.748830301021
"Mut2","E5",53,2,"Dark","1",91,19720,216.703296703297,313.854229947085,32.9008630194563,120,285.5,152.217605185162,281.188988221431,388.059752747253,400.215821334946,70.748830301021
"Mut2","E6",54,1,"Dark","1",91,92648,1018.10989010989,595.874547768972,62.4646253014744,938,658.5,895.679224519,1140.54055570078,388.059752747253,400.215821334946,70.748830301021
"Mut2","E6",54,2,"Dark","1",91,47904,526.417582417582,332.41513757262,34.8465748214208,468,499,458.118295767598,594.716869067567,388.059752747253,400.215821334946,70.748830301021
"Mut3","E7",55,1,"Dark","1",91,82373,905.197802197802,641.638184991791,67.2619579988668,826,1036.5,773.364364520023,1037.03123987558,418.026785714286,371.29133141742,65.6356545602598
"Mut3","E7",55,2,"Dark","1",91,17169,188.67032967033,195.828839945332,20.5284403507535,182,298.5,148.434586582853,228.906072757807,418.026785714286,371.29133141742,65.6356545602598
"Mut3","E8",56,1,"Dark","1",91,47617,523.263736263736,394.36871735203,41.3410746477605,477,501,442.235229954126,604.292242573347,418.026785714286,371.29133141742,65.6356545602598
"Mut3","E8",56,2,"Dark","1",91,15545,170.824175824176,226.933891176684,23.789135705882,129,238.5,124.197469840647,217.450881807704,418.026785714286,371.29133141742,65.6356545602598
"Mut4","E9",57,1,"Dark","1",91,28077,308.538461538462,391.525827378314,41.043058802569,151,466.5,228.094066285426,388.982856791497,373.755494505494,343.35683785598,60.6974871036833
"Mut4","E9",57,2,"Dark","1",91,9830,108.021978021978,150.914617363003,15.8201505021327,25,184,77.014483037798,139.029473006158,373.755494505494,343.35683785598,60.6974871036833
"Mut4","E10",58,1,"Dark","1",91,38645,424.67032967033,299.640490326697,31.4108582477397,379,409,363.10504750476,486.2356118359,373.755494505494,343.35683785598,60.6974871036833
"Mut4","E10",58,2,"Dark","1",91,10047,110.406593406593,147.012696203195,15.4111180235415,33,170.5,80.2008020804521,140.612384732735,373.755494505494,343.35683785598,60.6974871036833
"MUT+DMSO","E11",59,1,"Dark","1",91,75121,825.505494505495,593.260714163238,62.1906210880138,795,888,703.611877172987,947.399111838002,311.589972527473,256.205528259735,45.2911666024851
"MUT+DMSO","E11",59,2,"Dark","1",91,8603,94.5384615384615,163.198672903939,17.1078694178339,0,166.5,61.007037479507,128.069885597416,311.589972527473,256.205528259735,45.2911666024851
"MUT+DMSO","E12",60,1,"Dark","1",91,5323,58.4945054945055,211.723686473478,22.1946730105012,0,0,14.9929463939231,101.996064595088,311.589972527473,256.205528259735,45.2911666024851
"MUT+DMSO","E12",60,2,"Dark","1",91,16127,177.21978021978,228.70474912223,23.9747720591124,145,250,130.22922698392,224.210333455641,311.589972527473,256.205528259735,45.2911666024851
"WT+DMSO","F1",61,1,"Dark","1",91,66160,727.032967032967,545.87014024602,57.222739083917,693,715.5,614.87639842849,839.189535637444,370.533997252747,243.19531836663,42.9912646924663
"WT+DMSO","F1",61,2,"Dark","1",91,18929,208.010989010989,376.217061888051,39.4382641293316,1,205,130.711991317499,285.309986704479,370.533997252747,243.19531836663,42.9912646924663
"WT+DMSO","F2",62,1,"Dark","1",91,13698,150.527472527473,391.473550707504,41.0375787184366,0,6,70.0938182393369,230.961126815608,370.533997252747,243.19531836663,42.9912646924663
"WT+DMSO","F2",62,2,"Dark","1",91,26160,287.472527472527,318.927520176236,33.4326883414071,194,320,221.944458323369,353.000596621685,370.533997252747,243.19531836663,42.9912646924663
"Mut1","F3",63,1,"Dark","1",91,12609,138.56043956044,416.026901074417,43.611469206472,0,10.5,53.0819599157544,224.038919205125,316.938186813187,330.832927533015,58.4835516245981
"Mut1","F3",63,2,"Dark","1",91,3744,41.1428571428571,167.429625111804,17.551393722274,0,0,6.74212544720014,75.5435888385142,316.938186813187,330.832927533015,58.4835516245981
"Mut1","F4",64,1,"Dark","1",91,7864,86.4175824175824,351.868948645312,36.8858883378164,0,0,14.1212412754623,158.713923559702,316.938186813187,330.832927533015,58.4835516245981
"Mut1","F4",64,2,"Dark","1",91,5016,55.1208791208791,80.463909807073,8.43490965541147,0,126.5,38.5884561962726,71.6533020454856,316.938186813187,330.832927533015,58.4835516245981
"Mut2","F5",65,1,"Dark","1",91,3466,38.0879120879121,101.822465143083,10.673894624714,0,0,17.1670786234726,59.0087455523516,388.059752747253,400.215821334946,70.748830301021
"Mut2","F5",65,2,"Dark","1",91,8750,96.1538461538462,261.433395940191,27.4056664776819,0,63,42.4387398575896,149.868952450103,388.059752747253,400.215821334946,70.748830301021
"Mut2","F6",66,1,"Dark","1",91,9522,104.637362637363,257.934423900663,27.0388745443669,0,3,51.6411685304036,157.633556744322,388.059752747253,400.215821334946,70.748830301021
"Mut2","F6",66,2,"Dark","1",91,8345,91.7032967032967,170.16622556296,17.8382673979853,1,108.5,56.7402926032455,126.666300803348,388.059752747253,400.215821334946,70.748830301021
"Mut3","F7",67,1,"Dark","1",91,82624,907.956043956044,672.708801324712,70.5190435958074,817,870,769.738718508262,1046.17336940383,418.026785714286,371.29133141742,65.6356545602598
"Mut3","F7",67,2,"Dark","1",91,55761,612.758241758242,435.009152921824,45.6013498843195,605,759,523.379595984976,702.136887531508,418.026785714286,371.29133141742,65.6356545602598
"Mut3","F8",68,1,"Dark","1",91,29453,323.659340659341,441.932730420975,46.3271380151423,155,426.5,232.858150149662,414.46053116902,418.026785714286,371.29133141742,65.6356545602598
"Mut3","F8",68,2,"Dark","1",91,18616,204.571428571429,220.732978095815,23.1391033902314,140,321.5,159.218785926575,249.924071216282,418.026785714286,371.29133141742,65.6356545602598
"Mut4","F9",69,1,"Dark","1",91,95989,1054.82417582418,758.41149184634,79.5031266898167,944,1034.5,898.998047512135,1210.65030413622,373.755494505494,343.35683785598,60.6974871036833
"Mut4","F9",69,2,"Dark","1",91,23644,259.824175824176,233.677441187947,24.4960518281303,250,305.5,211.81191424104,307.836437407311,373.755494505494,343.35683785598,60.6974871036833
"Mut4","F10",70,1,"Dark","1",91,64502,708.813186813187,626.369307323969,65.6613447055728,560,745.5,580.116951190264,837.50942243611,373.755494505494,343.35683785598,60.6974871036833
"Mut4","F10",70,2,"Dark","1",91,6081,66.8241758241758,127.624500730907,13.3786828910415,0,88.5,40.6019573577345,93.0463942906171,373.755494505494,343.35683785598,60.6974871036833
"MUT+DMSO","F11",71,1,"Dark","1",91,42225,464.010989010989,484.713512053036,50.8117824839425,332,612,364.419895342462,563.602082679516,311.589972527473,256.205528259735,45.2911666024851
"MUT+DMSO","F11",71,2,"Dark","1",91,10699,117.571428571429,245.598730672486,25.7457425282118,0,128,67.1097732161335,168.033083926724,311.589972527473,256.205528259735,45.2911666024851
"MUT+DMSO","F12",72,1,"Dark","1",91,45453,499.483516483516,644.638561308021,67.5764828985431,281,576.5,367.033610002372,631.933422964661,311.589972527473,256.205528259735,45.2911666024851
"MUT+DMSO","F12",72,2,"Dark","1",91,17930,197.032967032967,253.399747897334,26.5635113349932,116,323,144.96848481638,249.097449249554,311.589972527473,256.205528259735,45.2911666024851
"WT+DMSO","G1",73,1,"Dark","1",91,64158,705.032967032967,464.935179485615,48.7384498713354,615,604.5,609.50560528515,800.560328780784,370.533997252747,243.19531836663,42.9912646924663
"WT+DMSO","G1",73,2,"Dark","1",91,22095,242.802197802198,229.034020751902,24.0092891047672,192,276.5,195.743991156854,289.860404447542,370.533997252747,243.19531836663,42.9912646924663
"WT+DMSO","G2",74,1,"Dark","1",91,46296,508.747252747253,472.522794121713,49.5338480083265,420,531,411.660910650933,605.833594843573,370.533997252747,243.19531836663,42.9912646924663
"WT+DMSO","G2",74,2,"Dark","1",91,20336,223.472527472527,194.830144864662,20.423748659796,177,184.5,183.441980099327,263.503074845728,370.533997252747,243.19531836663,42.9912646924663
"Mut1","G3",75,1,"Dark","1",91,70364,773.230769230769,507.18329092971,53.1672553320336,684,598.5,669.022948779983,877.438589681555,316.938186813187,330.832927533015,58.4835516245981
"Mut1","G3",75,2,"Dark","1",91,17344,190.593406593407,225.387024077942,23.6269799734784,173,275,144.284525845389,236.902287341424,316.938186813187,330.832927533015,58.4835516245981
"Mut1","G4",76,1,"Dark","1",91,155555,1709.3956043956,578.931004891696,60.6884593936147,1802,684.5,1590.44622398412,1828.34498480709,316.938186813187,330.832927533015,58.4835516245981
"Mut1","G4",76,2,"Dark","1",91,35240,387.252747252747,241.745853389996,25.3418512449133,348,271.5,337.582718812717,436.922775692777,316.938186813187,330.832927533015,58.4835516245981
"Mut2","G5",77,1,"Dark","1",91,169926,1867.31868131868,570.127780591936,59.7656307388447,1857,633.5,1750.17804507055,1984.45931756682,388.059752747253,400.215821334946,70.748830301021
"Mut2","G5",77,2,"Dark","1",91,4820,52.967032967033,101.113407238215,10.5995651597109,1,61.5,32.1918852539996,73.7421806800664,388.059752747253,400.215821334946,70.748830301021
"Mut2","G6",78,1,"Dark","1",91,99592,1094.41758241758,593.981987492215,62.2662310774037,1011,838,972.375769505871,1216.45939532929,388.059752747253,400.215821334946,70.748830301021
"Mut2","G6",78,2,"Dark","1",91,10018,110.087912087912,231.950983727724,24.3150699104505,1,156,62.430375063429,157.745449112395,388.059752747253,400.215821334946,70.748830301021
"Mut3","G7",79,1,"Dark","1",91,108936,1197.0989010989,542.944299474736,56.916027632397,1269,780.5,1085.5434869394,1308.6543152584,418.026785714286,371.29133141742,65.6356545602598
"Mut3","G7",79,2,"Dark","1",91,451,4.95604395604396,36.5434025320614,3.83078947565853,0,0,-2.55230341624676,12.4643913283347,418.026785714286,371.29133141742,65.6356545602598
"Mut3","G8",80,1,"Dark","1",91,69747,766.450549450549,515.093826700777,53.9965048019492,663,619,660.617400038729,872.28369886237,418.026785714286,371.29133141742,65.6356545602598
"Mut3","G8",80,2,"Dark","1",91,19441,213.637362637363,301.144465755539,31.5685177114255,123,328,151.763067922969,275.511657351757,418.026785714286,371.29133141742,65.6356545602598
"Mut4","G9",81,1,"Dark","1",91,39525,434.340659340659,338.969261791627,35.5336337250985,332,357.5,364.694737239466,503.986581441852,373.755494505494,343.35683785598,60.6974871036833
"Mut4","G9",81,2,"Dark","1",91,29465,323.791208791209,303.068658025556,31.7702278693851,261,281,261.521562167214,386.060855415204,373.755494505494,343.35683785598,60.6974871036833
"Mut4","G10",82,1,"Dark","1",91,46233,508.054945054945,385.987344715899,40.4624680632233,416,408,428.748507651027,587.361382458863,373.755494505494,343.35683785598,60.6974871036833
"Mut4","G10",82,2,"Dark","1",91,17693,194.428571428571,240.67175169407,25.2292547928196,124,203.5,144.979232034645,243.877910822498,373.755494505494,343.35683785598,60.6974871036833
"MUT+DMSO","G11",83,1,"Dark","1",91,73439,807.021978021978,522.229046769114,54.7444791023804,771,838,699.722798981313,914.321157062644,311.589972527473,256.205528259735,45.2911666024851
"MUT+DMSO","G11",83,2,"Dark","1",91,10940,120.21978021978,121.776097107018,12.7656036072463,98,205.5,95.1991971495775,145.240363289983,311.589972527473,256.205528259735,45.2911666024851
"MUT+DMSO","G12",84,1,"Dark","1",91,58076,638.197802197802,468.993869180024,49.1639161576962,606,559.5,541.836526528718,734.559077866887,311.589972527473,256.205528259735,45.2911666024851
"MUT+DMSO","G12",84,2,"Dark","1",91,22484,247.076923076923,205.260768063415,21.5171750734772,206,210,204.903259932908,289.250586220938,311.589972527473,256.205528259735,45.2911666024851
"WT+DMSO","H1",85,1,"Dark","1",91,66320,728.791208791209,446.937244326651,46.8517536193907,720,637.5,636.961771697203,820.620645885215,370.533997252747,243.19531836663,42.9912646924663
"WT+DMSO","H1",85,2,"Dark","1",91,23070,253.516483516484,381.014008568287,39.941120776077,82,343.5,175.231886795373,331.801080237595,370.533997252747,243.19531836663,42.9912646924663
"WT+DMSO","H2",86,1,"Dark","1",91,60826,668.417582417582,676.760782714806,70.9438066607988,514,888.5,529.367721362417,807.467443472748,370.533997252747,243.19531836663,42.9912646924663
"WT+DMSO","H2",86,2,"Dark","1",91,12617,138.648351648352,262.268665202789,27.4932264879381,61,162,84.7616277319929,192.53507556471,370.533997252747,243.19531836663,42.9912646924663
"Mut1","H3",87,1,"Dark","1",91,59850,657.692307692308,443.182071746984,46.4581045719368,594,500.5,566.634422731312,748.750192653304,316.938186813187,330.832927533015,58.4835516245981
"Mut1","H3",87,2,"Dark","1",91,26756,294.021978021978,336.442796129082,35.268788160644,167,489.5,224.895153227116,363.14880281684,316.938186813187,330.832927533015,58.4835516245981
"Mut1","H4",88,1,"Dark","1",91,50315,552.912087912088,519.24902286008,54.4320877146895,431,487,446.225195991297,659.598979832879,316.938186813187,330.832927533015,58.4835516245981
"Mut1","H4",88,2,"Dark","1",91,15154,166.527472527473,204.809686221642,21.4698888479922,101,268,124.446490385408,208.608454669537,316.938186813187,330.832927533015,58.4835516245981
"Mut2","H5",89,1,"Dark","1",91,75023,824.428571428571,825.838498374122,86.5713975426791,583,1389,654.74863224492,994.108510612223,388.059752747253,400.215821334946,70.748830301021
"Mut2","H5",89,2,"Dark","1",91,8696,95.5604395604396,150.01157057531,15.7254854766938,0,189.5,64.7384880261198,126.382391094759,388.059752747253,400.215821334946,70.748830301021
"Mut2","H6",90,1,"Dark","1",91,57844,635.648351648352,637.713822504985,66.8505730299948,472,1097,504.621228509562,766.675474787142,388.059752747253,400.215821334946,70.748830301021
"Mut2","H6",90,2,"Dark","1",91,18078,198.659340659341,378.73491813845,39.7022071821654,17,215,120.843014582297,276.475666736385,388.059752747253,400.215821334946,70.748830301021
"Mut3","H7",91,1,"Dark","1",91,80215,881.483516483516,734.267501401338,76.9721487816712,683,1184,730.618104871441,1032.34892809559,418.026785714286,371.29133141742,65.6356545602598
"Mut3","H7",91,2,"Dark","1",91,1142,12.5494505494505,71.959751672764,7.54343165328332,0,0,-2.23567549098476,27.3345765898859,418.026785714286,371.29133141742,65.6356545602598
"Mut3","H8",92,1,"Dark","1",91,48836,536.659340659341,333.317573620121,34.9411758238915,485,458,468.174636044513,605.144045274168,418.026785714286,371.29133141742,65.6356545602598
"Mut3","H8",92,2,"Dark","1",91,30732,337.714285714286,288.286750985283,30.22066296857,275,285.5,278.481786295888,396.946785132683,418.026785714286,371.29133141742,65.6356545602598
"Mut4","H9",93,1,"Dark","1",91,45152,496.175824175824,412.935415811308,43.2873934940454,415,625.5,411.332532927495,581.019115424153,373.755494505494,343.35683785598,60.6974871036833
"Mut4","H9",93,2,"Dark","1",91,14049,154.384615384615,143.798606795196,15.0741899045141,109,221,124.839203171768,183.930027597463,373.755494505494,343.35683785598,60.6974871036833
"Mut4","H10",94,1,"Dark","1",91,32938,361.956043956044,307.462406449523,32.2308178543066,286,288,298.783640961603,425.128446950485,373.755494505494,343.35683785598,60.6974871036833
"Mut4","H10",94,2,"Dark","1",91,16834,184.989010989011,177.431206982405,18.5998443840924,147,147.5,148.53331599619,221.444705981832,373.755494505494,343.35683785598,60.6974871036833
"MUT+DMSO","H11",95,1,"Dark","1",91,12425,136.538461538462,188.72857098032,19.7841299214865,22,266.5,97.761566892348,175.315356184575,311.589972527473,256.205528259735,45.2911666024851
"MUT+DMSO","H11",95,2,"Dark","1",91,16634,182.791208791209,285.55293404915,29.9340810845178,82,198.5,124.120409865554,241.462007716864,311.589972527473,256.205528259735,45.2911666024851
"MUT+DMSO","H12",96,1,"Dark","1",91,14825,162.912087912088,202.346328432311,21.2116587861945,126,269.5,121.337236691147,204.486939133029,311.589972527473,256.205528259735,45.2911666024851
"MUT+DMSO","H12",96,2,"Dark","1",91,16575,182.142857142857,236.789760074608,24.8223114977233,126,246,133.49112660732,230.794587678395,311.589972527473,256.205528259735,45.2911666024851
"WT+DMSO","A1",1,1,"Trans 1","1",16,2290,143.125,229.569415791099,57.3923539477748,0,250,30.6359862623613,255.614013737639,407.353515625,390.414111011576,69.0161163418008
"WT+DMSO","A1",1,2,"Trans 1","1",16,2008,125.5,198.400604837788,49.6001512094469,0,321.25,28.283703629484,222.716296370516,407.353515625,390.414111011576,69.0161163418008
"WT+DMSO","A2",2,1,"Trans 1","1",16,2045,127.8125,294.572960684898,73.6432401712246,0,34.5,-16.5282507356002,272.1532507356,407.353515625,390.414111011576,69.0161163418008
"WT+DMSO","A2",2,2,"Trans 1","1",16,589,36.8125,71.0213289559317,17.7553322389829,0,21.75,2.01204881159346,71.6129511884065,407.353515625,390.414111011576,69.0161163418008
"Mut1","A3",3,1,"Trans 1","1",16,16111,1006.9375,1421.59959054346,355.399897635865,388,1726.5,310.353700633705,1703.5212993663,449.291015625,306.460740365593,54.1751169199901
"Mut1","A3",3,2,"Trans 1","1",16,1905,119.0625,229.869084118185,57.4672710295463,0,69.75,6.42664878208922,231.698351217911,449.291015625,306.460740365593,54.1751169199901
"Mut1","A4",4,1,"Trans 1","1",16,6791,424.4375,845.45443155343,211.363607888357,0,525,10.1648285388193,838.710171461181,449.291015625,306.460740365593,54.1751169199901
"Mut1","A4",4,2,"Trans 1","1",16,2613,163.3125,394.75945734924,98.6898643373101,0,4.25,-30.1196341011277,356.744634101128,449.291015625,306.460740365593,54.1751169199901
"Mut2","A5",5,1,"Trans 1","1",16,4689,293.0625,547.995920757323,136.998980189331,0,391,24.5444988289115,561.580501171088,433.693359375,336.544264811127,59.4931829543472
"Mut2","A5",5,2,"Trans 1","1",16,14093,880.8125,1496.92904390956,374.232260977391,190.5,934.25,147.317268484314,1614.30773151569,433.693359375,336.544264811127,59.4931829543472
"Mut2","A6",6,1,"Trans 1","1",16,2841,177.5625,254.541409532254,63.6353523830635,0.5,351.75,52.8372093291955,302.287790670804,433.693359375,336.544264811127,59.4931829543472
"Mut2","A6",6,2,"Trans 1","1",16,1971,123.1875,413.022391443047,103.255597860762,0,2,-79.1934718070929,325.568471807093,433.693359375,336.544264811127,59.4931829543472
"Mut3","A7",7,1,"Trans 1","1",16,3810,238.125,540.760560075653,135.190140018913,0,32.5,-26.8476744370697,503.09767443707,505.810546875,399.848325415771,70.6838655868942
"Mut3","A7",7,2,"Trans 1","1",16,11575,723.4375,556.393981365723,139.098495341431,646.5,670.75,450.804449130796,996.070550869204,505.810546875,399.848325415771,70.6838655868942
"Mut3","A8",8,1,"Trans 1","1",16,9955,622.1875,673.20786475402,168.301966188505,274.5,1283.75,292.31564627053,952.05935372947,505.810546875,399.848325415771,70.6838655868942
"Mut3","A8",8,2,"Trans 1","1",16,6357,397.3125,441.55659791998,110.389149479995,203,575.75,180.94976701921,613.67523298079,505.810546875,399.848325415771,70.6838655868942
"Mut4","A9",9,1,"Trans 1","1",16,12120,757.5,1097.38045666335,274.345114165838,42.5,1271,219.783576234958,1295.21642376504,487.310546875,427.536511741477,75.5784916643101
"Mut4","A9",9,2,"Trans 1","1",16,10380,648.75,1302.33106390042,325.582765975105,3,203.75,10.6077786887942,1286.89222131121,487.310546875,427.536511741477,75.5784916643101
"Mut4","A10",10,1,"Trans 1","1",16,10430,651.875,859.00142607565,214.750356518912,402.5,781.25,230.964301222932,1072.78569877707,487.310546875,427.536511741477,75.5784916643101
"Mut4","A10",10,2,"Trans 1","1",16,4963,310.1875,504.095787028616,126.023946757154,86,452.75,63.1805643559781,557.194435644022,487.310546875,427.536511741477,75.5784916643101
"MUT+DMSO","A11",11,1,"Trans 1","1",16,9222,576.375,855.927713069275,213.981928267319,9.5,892.25,156.970420596055,995.779579403945,342.09765625,242.869357231063,42.9336423601257
"MUT+DMSO","A11",11,2,"Trans 1","1",16,3845,240.3125,381.739128856343,95.4347822140859,119,273.5,53.2603268603917,427.364673139608,342.09765625,242.869357231063,42.9336423601257
"MUT+DMSO","A12",12,1,"Trans 1","1",16,1147,71.6875,204.392667432078,51.0981668580195,0,9,-28.4649070417182,171.839907041718,342.09765625,242.869357231063,42.9336423601257
"MUT+DMSO","A12",12,2,"Trans 1","1",16,4283,267.6875,616.319583630657,154.079895907664,22.5,121.5,-34.3090959790221,569.684095979022,342.09765625,242.869357231063,42.9336423601257
"WT+DMSO","B1",13,1,"Trans 1","1",16,7033,439.5625,818.065031542929,204.516257885732,1,393.25,38.7106345439648,840.414365456035,407.353515625,390.414111011576,69.0161163418008
"WT+DMSO","B1",13,2,"Trans 1","1",16,1208,75.5,128.512515603215,32.1281289008038,12.5,101,12.5288673544245,138.471132645576,407.353515625,390.414111011576,69.0161163418008
"WT+DMSO","B2",14,1,"Trans 1","1",16,5278,329.875,808.372016256542,202.093004064135,0,158,-66.2272879657054,725.977287965706,407.353515625,390.414111011576,69.0161163418008
"WT+DMSO","B2",14,2,"Trans 1","1",16,5382,336.375,544.791932759655,136.197983189914,11.5,612.75,69.4269529477692,603.323047052231,407.353515625,390.414111011576,69.0161163418008
"Mut1","B3",15,1,"Trans 1","1",16,10837,677.3125,930.239375555203,232.559843888801,273.5,971.75,221.495205977951,1133.12979402205,449.291015625,306.460740365593,54.1751169199901
"Mut1","B3",15,2,"Trans 1","1",16,2141,133.8125,193.58795374024,48.39698843506,62.5,152.25,38.9544026672824,228.670597332718,449.291015625,306.460740365593,54.1751169199901
"Mut1","B4",16,1,"Trans 1","1",16,10934,683.375,1124.0448908592,281.0112227148,90.5,795,132.593003478993,1234.15699652101,449.291015625,306.460740365593,54.1751169199901
"Mut1","B4",16,2,"Trans 1","1",16,4915,307.1875,340.118649640583,85.0296624101456,178.5,589.75,140.529361676115,473.845638323885,449.291015625,306.460740365593,54.1751169199901
"Mut2","B5",17,1,"Trans 1","1",16,10409,650.5625,602.066438055912,150.516609513978,412.5,730.25,355.549945352603,945.575054647397,433.693359375,336.544264811127,59.4931829543472
"Mut2","B5",17,2,"Trans 1","1",16,4024,251.5,757.133189515997,189.283297378999,9,151,-119.495262862839,622.495262862838,433.693359375,336.544264811127,59.4931829543472
"Mut2","B6",18,1,"Trans 1","1",16,2964,185.25,388.361772921418,97.0904432303544,0,134.25,-5.0472687314946,375.547268731495,433.693359375,336.544264811127,59.4931829543472
"Mut2","B6",18,2,"Trans 1","1",16,774,48.375,181.329120661851,45.3322801654627,0,0,-40.4762691243068,137.226269124307,433.693359375,336.544264811127,59.4931829543472
"Mut3","B7",19,1,"Trans 1","1",16,13283,830.1875,1556.51963126072,389.129907815179,4,1653.5,67.4928806822485,1592.88211931775,505.810546875,399.848325415771,70.6838655868942
"Mut3","B7",19,2,"Trans 1","1",16,5428,339.25,404.865327403241,101.21633185081,226.5,519.25,140.865989572412,537.634010427588,505.810546875,399.848325415771,70.6838655868942
"Mut3","B8",20,1,"Trans 1","1",16,3335,208.4375,569.972159407808,142.493039851952,0,8.25,-70.848858109826,487.723858109826,505.810546875,399.848325415771,70.6838655868942
"Mut3","B8",20,2,"Trans 1","1",16,1193,74.5625,151.993845818397,37.9984614545993,0,64,0.0855155489854269,149.039484451015,505.810546875,399.848325415771,70.6838655868942
"Mut4","B9",21,1,"Trans 1","1",16,22606,1412.875,1218.57484382372,304.64371095593,1048.5,1816.75,815.773326526378,2009.97667347362,487.310546875,427.536511741477,75.5784916643101
"Mut4","B9",21,2,"Trans 1","1",16,2337,146.0625,285.350186904909,71.3375467262273,0,107.75,6.24090841659444,285.884091583406,487.310546875,427.536511741477,75.5784916643101
"Mut4","B10",22,1,"Trans 1","1",16,5724,357.75,609.456096313207,152.364024078302,184,378,59.1165128065285,656.383487193472,487.310546875,427.536511741477,75.5784916643101
"Mut4","B10",22,2,"Trans 1","1",16,389,24.3125,46.7343110929575,11.6835777732394,0,12.75,1.41268756445081,47.2123124355492,487.310546875,427.536511741477,75.5784916643101
"MUT+DMSO","B11",23,1,"Trans 1","1",16,2566,160.375,314.07894442852,78.51973610713,0,146.25,6.47631723002522,314.273682769975,342.09765625,242.869357231063,42.9336423601257
"MUT+DMSO","B11",23,2,"Trans 1","1",16,3107,194.1875,324.367737555181,81.0919343887952,12,186.5,35.2473085979614,353.127691402039,342.09765625,242.869357231063,42.9336423601257
"MUT+DMSO","B12",24,1,"Trans 1","1",16,6652,415.75,841.440312797052,210.360078199263,45.5,356.75,3.44424672944467,828.055753270555,342.09765625,242.869357231063,42.9336423601257
"MUT+DMSO","B12",24,2,"Trans 1","1",16,2086,130.375,299.758096915941,74.9395242289852,0,50.75,-16.5064674888111,277.256467488811,342.09765625,242.869357231063,42.9336423601257
"WT+DMSO","C1",25,1,"Trans 1","1",16,3333,208.3125,324.854576438956,81.2136441097389,4.5,338.5,49.1337575449117,367.491242455088,407.353515625,390.414111011576,69.0161163418008
"WT+DMSO","C1",25,2,"Trans 1","1",16,2569,160.5625,311.768711012934,77.9421777532336,0,210,7.79583160366209,313.329168396338,407.353515625,390.414111011576,69.0161163418008
"WT+DMSO","C2",26,1,"Trans 1","1",16,2604,162.75,361.417671584184,90.3544178960461,0,57.5,-14.3446590762503,339.84465907625,407.353515625,390.414111011576,69.0161163418008
"WT+DMSO","C2",26,2,"Trans 1","1",16,11598,724.875,910.82137839059,227.705344597647,163,1382.75,278.572524588611,1171.17747541139,407.353515625,390.414111011576,69.0161163418008
"Mut1","C3",27,1,"Trans 1","1",16,13724,857.75,1444.34236476906,361.085591192264,0,1582,150.022241263163,1565.47775873684,449.291015625,306.460740365593,54.1751169199901
"Mut1","C3",27,2,"Trans 1","1",16,2981,186.3125,573.170331722313,143.292582930578,0.5,29.75,-94.5409625439335,467.165962543934,449.291015625,306.460740365593,54.1751169199901
"Mut1","C4",28,1,"Trans 1","1",16,15075,942.1875,1284.44058997163,321.110147492907,187,1873.75,312.811610913902,1571.5633890861,449.291015625,306.460740365593,54.1751169199901
"Mut1","C4",28,2,"Trans 1","1",16,15664,979,855.982865872131,213.995716468033,637,1242.75,559.568395722656,1398.43160427734,449.291015625,306.460740365593,54.1751169199901
"Mut2","C5",29,1,"Trans 1","1",16,14752,922,1634.68810480776,408.672026201941,0,1442.75,121.002828644195,1722.9971713558,433.693359375,336.544264811127,59.4931829543472
"Mut2","C5",29,2,"Trans 1","1",16,2434,152.125,264.413785571025,66.1034463927563,0,192.25,22.5622450701977,281.687754929802,433.693359375,336.544264811127,59.4931829543472
"Mut2","C6",30,1,"Trans 1","1",16,4368,273,483.640637939645,120.910159484911,1.5,310.25,36.016087409574,509.983912590426,433.693359375,336.544264811127,59.4931829543472
"Mut2","C6",30,2,"Trans 1","1",16,1377,86.0625,122.32277997168,30.58069499292,13.5,166.25,26.1243378138769,146.000662186123,433.693359375,336.544264811127,59.4931829543472
"Mut3","C7",31,1,"Trans 1","1",16,20146,1259.125,1476.76908034624,369.192270086559,1063,1834.25,535.508150630345,1982.74184936966,505.810546875,399.848325415771,70.6838655868942
"Mut3","C7",31,2,"Trans 1","1",16,4090,255.625,597.454028914917,149.363507228729,0,142.5,-37.1274741683094,548.377474168309,505.810546875,399.848325415771,70.6838655868942
"Mut3","C8",32,1,"Trans 1","1",16,196,12.25,28.5411982929939,7.13529957324848,0,1.25,-1.73518716356703,26.235187163567,505.810546875,399.848325415771,70.6838655868942
"Mut3","C8",32,2,"Trans 1","1",16,17,1.0625,3.17214438511238,0.793036096278095,0,0,-0.491850748705066,2.61685074870507,505.810546875,399.848325415771,70.6838655868942
"Mut4","C9",33,1,"Trans 1","1",16,3366,210.375,591.790038780647,147.947509695162,0,1.25,-79.6021190025172,500.352119002517,487.310546875,427.536511741477,75.5784916643101
"Mut4","C9",33,2,"Trans 1","1",16,2397,149.8125,314.762178742407,78.6905446856016,1,77.5,-4.4209675837792,304.045967583779,487.310546875,427.536511741477,75.5784916643101
"Mut4","C10",34,1,"Trans 1","1",16,1915,119.6875,260.689782116599,65.1724455291498,0,160,-8.05049323713365,247.425493237134,487.310546875,427.536511741477,75.5784916643101
"Mut4","C10",34,2,"Trans 1","1",16,24642,1540.125,1481.84510549067,370.461276372668,1119.5,1862,814.02089830957,2266.22910169043,487.310546875,427.536511741477,75.5784916643101
"MUT+DMSO","C11",35,1,"Trans 1","1",16,8329,520.5625,1476.40947205261,369.102368013152,0,176.75,-202.878141305779,1244.00314130578,342.09765625,242.869357231063,42.9336423601257
"MUT+DMSO","C11",35,2,"Trans 1","1",16,8398,524.875,724.915063990258,181.228765997565,245.5,917,169.666618644774,880.083381355226,342.09765625,242.869357231063,42.9336423601257
"MUT+DMSO","C12",36,1,"Trans 1","1",16,4564,285.25,543.230153802235,135.807538450559,0,363.75,19.0672246369048,551.432775363095,342.09765625,242.869357231063,42.9336423601257
"MUT+DMSO","C12",36,2,"Trans 1","1",16,2541,158.8125,285.467153685557,71.3667884213892,0,198.75,18.9335946940771,298.691405305923,342.09765625,242.869357231063,42.9336423601257
"WT+DMSO","D1",37,1,"Trans 1","1",16,5661,353.8125,571.14145577081,142.785363942702,32,464.25,73.9531866723032,633.671813327697,407.353515625,390.414111011576,69.0161163418008
"WT+DMSO","D1",37,2,"Trans 1","1",16,3764,235.25,343.101054112827,85.7752635282068,69.5,310.25,67.1304834847146,403.369516515285,407.353515625,390.414111011576,69.0161163418008
"WT+DMSO","D2",38,1,"Trans 1","1",16,11784,736.5,857.453827717077,214.363456929269,756.5,1151.25,316.347624418632,1156.65237558137,407.353515625,390.414111011576,69.0161163418008
"WT+DMSO","D2",38,2,"Trans 1","1",16,15688,980.5,1708.4620374282,427.115509357051,78.5,766.75,143.35360166018,1817.64639833982,407.353515625,390.414111011576,69.0161163418008
"Mut1","D3",39,1,"Trans 1","1",16,4484,280.25,834.534640782914,208.633660195728,0,1,-128.671973983628,689.171973983628,449.291015625,306.460740365593,54.1751169199901
"Mut1","D3",39,2,"Trans 1","1",16,4110,256.875,389.544841235683,97.3862103089207,30,321.75,65.9980277945155,447.751972205485,449.291015625,306.460740365593,54.1751169199901
"Mut1","D4",40,1,"Trans 1","1",16,11813,738.3125,882.084781922917,220.521195480729,423.5,470.25,306.090956857771,1170.53404314223,449.291015625,306.460740365593,54.1751169199901
"Mut1","D4",40,2,"Trans 1","1",16,4361,272.5625,707.219623478685,176.804905869671,1,212.5,-73.9751155045557,619.100115504556,449.291015625,306.460740365593,54.1751169199901
"Mut2","D5",41,1,"Trans 1","1",16,5815,363.4375,902.7870157647,225.696753941175,0,322.75,-78.9281377247032,805.803137724703,433.693359375,336.544264811127,59.4931829543472
"Mut2","D5",41,2,"Trans 1","1",16,10114,632.125,548.757976403684,137.189494100921,632.5,724.75,363.233591562195,901.016408437805,433.693359375,336.544264811127,59.4931829543472
"Mut2","D6",42,1,"Trans 1","1",16,12829,801.8125,1643.95961908031,410.989904770077,0,606,-3.72771334935021,1607.35271334935,433.693359375,336.544264811127,59.4931829543472
"Mut2","D6",42,2,"Trans 1","1",16,5886,367.875,607.410007051799,151.85250176295,101,374.5,70.2440965446184,665.505903455382,433.693359375,336.544264811127,59.4931829543472
"Mut3","D7",43,1,"Trans 1","1",16,23945,1496.5625,929.490324048615,232.372581012154,1472.5,1207.25,1041.11224121618,1952.01275878382,505.810546875,399.848325415771,70.6838655868942
"Mut3","D7",43,2,"Trans 1","1",16,8800,550,1104.78921066419,276.197302666047,1,746.25,8.65328677454784,1091.34671322545,505.810546875,399.848325415771,70.6838655868942
"Mut3","D8",44,1,"Trans 1","1",16,15838,989.875,1269.25063850027,317.312659625067,162,2108.75,367.94218713487,1611.80781286513,505.810546875,399.848325415771,70.6838655868942
"Mut3","D8",44,2,"Trans 1","1",16,5290,330.625,823.556181042516,205.889045260629,0,304,-72.9175287108328,734.167528710833,505.810546875,399.848325415771,70.6838655868942
"Mut4","D9",45,1,"Trans 1","1",16,20749,1296.8125,948.802348138606,237.200587034652,1118,963.75,831.899349412083,1761.72565058792,487.310546875,427.536511741477,75.5784916643101
"Mut4","D9",45,2,"Trans 1","1",16,4247,265.4375,623.379816671452,155.844954167863,3.5,132.75,-40.0186101690116,570.893610169012,487.310546875,427.536511741477,75.5784916643101
"Mut4","D10",46,1,"Trans 1","1",16,16569,1035.5625,1079.25362905729,269.813407264323,745,1772.5,506.728221761927,1564.39677823807,487.310546875,427.536511741477,75.5784916643101
"Mut4","D10",46,2,"Trans 1","1",16,3122,195.125,343.9044198611,85.9761049652751,34.5,240.5,26.6118342680608,363.638165731939,487.310546875,427.536511741477,75.5784916643101
"MUT+DMSO","D11",47,1,"Trans 1","1",16,5365,335.3125,426.666101887647,106.666525471912,203,589,126.246110075053,544.378889924947,342.09765625,242.869357231063,42.9336423601257
"MUT+DMSO","D11",47,2,"Trans 1","1",16,1101,68.8125,187.887632642492,46.971908160623,0,0,-23.252439994821,160.877439994821,342.09765625,242.869357231063,42.9336423601257
"MUT+DMSO","D12",48,1,"Trans 1","1",16,16649,1040.5625,959.284314389292,239.821078597323,714,1466.75,570.513185949247,1510.61181405075,342.09765625,242.869357231063,42.9336423601257
"MUT+DMSO","D12",48,2,"Trans 1","1",16,3648,228,475.953078919901,118.988269729975,0,123.5,-5.2170086707514,461.217008670751,342.09765625,242.869357231063,42.9336423601257
"WT+DMSO","E1",49,1,"Trans 1","1",16,24804,1550.25,1529.42296308117,382.355740770294,1245.5,2841.5,800.832748090224,2299.66725190978,407.353515625,390.414111011576,69.0161163418008
"WT+DMSO","E1",49,2,"Trans 1","1",16,4823,301.4375,472.249505911159,118.06237647779,100.5,468.25,70.0352421035323,532.839757896468,407.353515625,390.414111011576,69.0161163418008
"WT+DMSO","E2",50,1,"Trans 1","1",16,5547,346.6875,744.815925245963,186.203981311491,0,128.75,-18.2723033705219,711.647303370522,407.353515625,390.414111011576,69.0161163418008
"WT+DMSO","E2",50,2,"Trans 1","1",16,2865,179.0625,319.623834895543,79.9059587238857,3,256.75,22.4468209011839,335.678179098816,407.353515625,390.414111011576,69.0161163418008
"Mut1","E3",51,1,"Trans 1","1",16,17128,1070.5,1153.70776195707,288.426940489268,859,1587.5,505.183196641034,1635.81680335897,449.291015625,306.460740365593,54.1751169199901
"Mut1","E3",51,2,"Trans 1","1",16,1874,117.125,235.912942982505,58.9782357456263,0,105.25,1.52765793857253,232.722342061427,449.291015625,306.460740365593,54.1751169199901
"Mut1","E4",52,1,"Trans 1","1",16,13723,857.6875,1570.83233642762,392.708084106906,0,700.25,87.9796551504645,1627.39534484954,449.291015625,306.460740365593,54.1751169199901
"Mut1","E4",52,2,"Trans 1","1",16,283,17.6875,39.2678303449529,9.81695758623821,0,0.5,-1.5537368690269,36.9287368690269,449.291015625,306.460740365593,54.1751169199901
"Mut2","E5",53,1,"Trans 1","1",16,3944,246.5,390.415334398296,97.603833599574,0,372.25,55.1964861448349,437.803513855165,433.693359375,336.544264811127,59.4931829543472
"Mut2","E5",53,2,"Trans 1","1",16,8468,529.25,1195.42307712932,298.85576928233,0,159,-56.5073077933671,1115.00730779337,433.693359375,336.544264811127,59.4931829543472
"Mut2","E6",54,1,"Trans 1","1",16,12095,755.9375,1225.85695025969,306.464237564924,5.5,865.75,155.267594372749,1356.60740562725,433.693359375,336.544264811127,59.4931829543472
"Mut2","E6",54,2,"Trans 1","1",16,13694,855.875,1682.85090941929,420.712727354823,12.5,850,31.2780543845477,1680.47194561545,433.693359375,336.544264811127,59.4931829543472
"Mut3","E7",55,1,"Trans 1","1",16,15913,994.5625,835.043070246479,208.76076756162,846.5,1276.5,585.391395579225,1403.73360442078,505.810546875,399.848325415771,70.6838655868942
"Mut3","E7",55,2,"Trans 1","1",16,1438,89.875,164.765237029336,41.191309257334,2,87,9.14003385562528,170.609966144375,505.810546875,399.848325415771,70.6838655868942
"Mut3","E8",56,1,"Trans 1","1",16,4287,267.9375,537.251209863691,134.312802465923,0,257.25,4.68440716679129,531.190592833209,505.810546875,399.848325415771,70.6838655868942
"Mut3","E8",56,2,"Trans 1","1",16,6424,401.5,416.250885884943,104.062721471236,272.5,595.5,197.537065916378,605.462934083622,505.810546875,399.848325415771,70.6838655868942
"Mut4","E9",57,1,"Trans 1","1",16,8204,512.75,944.107938744294,236.026984686074,0,572.5,50.1371100152958,975.362889984704,487.310546875,427.536511741477,75.5784916643101
"Mut4","E9",57,2,"Trans 1","1",16,2611,163.1875,455.107198910323,113.776799727581,0,0,-59.8150274660581,386.190027466058,487.310546875,427.536511741477,75.5784916643101
"Mut4","E10",58,1,"Trans 1","1",16,9666,604.125,785.840007041298,196.460001760324,394,448.5,219.063396549764,989.186603450236,487.310546875,427.536511741477,75.5784916643101
"Mut4","E10",58,2,"Trans 1","1",16,2566,160.375,310.421621884387,77.6054054710967,25.5,121.5,8.26840527665038,312.48159472335,487.310546875,427.536511741477,75.5784916643101
"MUT+DMSO","E11",59,1,"Trans 1","1",16,8604,537.75,726.837946175074,181.709486543769,281,814.75,181.599406374214,893.900593625786,342.09765625,242.869357231063,42.9336423601257
"MUT+DMSO","E11",59,2,"Trans 1","1",16,3117,194.8125,546.461614235925,136.615403558981,15,100.25,-72.9536909756034,462.578690975603,342.09765625,242.869357231063,42.9336423601257
"MUT+DMSO","E12",60,1,"Trans 1","1",16,2473,154.5625,401.702372202771,100.425593050693,0,62.5,-42.2716623793577,351.396662379358,342.09765625,242.869357231063,42.9336423601257
"MUT+DMSO","E12",60,2,"Trans 1","1",16,10061,628.8125,1444.61289941862,361.153224854655,0,195.25,-79.0478207151228,1336.67282071512,342.09765625,242.869357231063,42.9336423601257
"WT+DMSO","F1",61,1,"Trans 1","1",16,6930,433.125,505.823141028561,126.45578525714,247.5,682,185.271660896005,680.978339103995,407.353515625,390.414111011576,69.0161163418008
"WT+DMSO","F1",61,2,"Trans 1","1",16,1322,82.625,258.128617811612,64.532154452903,0,0,-43.85802272769,209.10802272769,407.353515625,390.414111011576,69.0161163418008
"WT+DMSO","F2",62,1,"Trans 1","1",16,190,11.875,41.9934518705,10.498362967625,0,0,-8.701791416545,32.451791416545,407.353515625,390.414111011576,69.0161163418008
"WT+DMSO","F2",62,2,"Trans 1","1",16,7081,442.5625,872.26754066628,218.06688516657,1.5,220.5,15.1514050735229,869.973594926477,407.353515625,390.414111011576,69.0161163418008
"Mut1","F3",63,1,"Trans 1","1",16,4381,273.8125,558.67798939401,139.669497348502,0,204.75,0.0602851969351832,547.564714803065,449.291015625,306.460740365593,54.1751169199901
"Mut1","F3",63,2,"Trans 1","1",16,2949,184.3125,347.045956370815,86.7614890927036,5.5,204,14.2599813783009,354.365018621699,449.291015625,306.460740365593,54.1751169199901
"Mut1","F4",64,1,"Trans 1","1",16,5852,365.75,821.601241479101,205.400310369775,0,198.75,-36.8346083247595,768.33460832476,449.291015625,306.460740365593,54.1751169199901
"Mut1","F4",64,2,"Trans 1","1",16,3620,226.25,699.293691281901,174.823422820475,0,74,-116.403908728132,568.903908728131,449.291015625,306.460740365593,54.1751169199901
"Mut2","F5",65,1,"Trans 1","1",16,2546,159.125,410.198955792593,102.549738948148,1,80.5,-41.8724883383704,360.12248833837,433.693359375,336.544264811127,59.4931829543472
"Mut2","F5",65,2,"Trans 1","1",16,3340,208.75,366.369667594539,91.5924168986349,2,176,29.2288628786757,388.271137121324,433.693359375,336.544264811127,59.4931829543472
"Mut2","F6",66,1,"Trans 1","1",16,662,41.375,141.590901308429,35.3977253271073,0,0,-28.0045416411303,110.75454164113,433.693359375,336.544264811127,59.4931829543472
"Mut2","F6",66,2,"Trans 1","1",16,2778,173.625,234.559978115051,58.6399945287628,0,288,58.6906107236249,288.559389276375,433.693359375,336.544264811127,59.4931829543472
"Mut3","F7",67,1,"Trans 1","1",16,12773,798.3125,1118.53765955078,279.634414887695,20,1396,250.229046820119,1346.39595317988,505.810546875,399.848325415771,70.6838655868942
"Mut3","F7",67,2,"Trans 1","1",16,4344,271.5,326.178887524418,81.5447218811044,166.5,530.5,111.672345113035,431.327654886965,505.810546875,399.848325415771,70.6838655868942
"Mut3","F8",68,1,"Trans 1","1",16,8608,538,776.074480961718,194.018620240429,221,764,157.723504328758,918.276495671242,505.810546875,399.848325415771,70.6838655868942
"Mut3","F8",68,2,"Trans 1","1",16,3278,204.875,430.087568602798,107.5218921507,0,120.5,-5.86790861537114,415.617908615371,505.810546875,399.848325415771,70.6838655868942
"Mut4","F9",69,1,"Trans 1","1",16,7509,469.3125,788.092441172565,197.023110293141,16.5,775.5,83.1472038254431,855.477796174557,487.310546875,427.536511741477,75.5784916643101
"Mut4","F9",69,2,"Trans 1","1",16,6270,391.875,426.197900041753,106.549475010438,270,608.25,183.038028979541,600.711971020459,487.310546875,427.536511741477,75.5784916643101
"Mut4","F10",70,1,"Trans 1","1",16,8413,525.8125,698.398188118116,174.599547029529,359.5,662.5,183.597387822123,868.027612177877,487.310546875,427.536511741477,75.5784916643101
"Mut4","F10",70,2,"Trans 1","1",16,2622,163.875,323.168660815577,80.7921652038942,0,236.5,5.52235620036737,322.227643799633,487.310546875,427.536511741477,75.5784916643101
"MUT+DMSO","F11",71,1,"Trans 1","1",16,2398,149.875,261.480113966627,65.3700284916566,22.5,129.5,21.749744156353,278.000255843647,342.09765625,242.869357231063,42.9336423601257
"MUT+DMSO","F11",71,2,"Trans 1","1",16,2701,168.8125,308.64072290178,77.160180725445,0,204.5,17.5785457781278,320.046454221872,342.09765625,242.869357231063,42.9336423601257
"MUT+DMSO","F12",72,1,"Trans 1","1",16,15755,984.6875,1881.9427096753,470.485677418824,0,904.75,62.5355722591044,1906.8394277409,342.09765625,242.869357231063,42.9336423601257
"MUT+DMSO","F12",72,2,"Trans 1","1",16,1957,122.3125,155.254938193068,38.813734548267,36,237.5,46.2375802853967,198.387419714603,342.09765625,242.869357231063,42.9336423601257
"WT+DMSO","G1",73,1,"Trans 1","1",16,11729,733.0625,866.231413942025,216.557853485506,473.5,1094.25,308.609107168408,1157.51589283159,407.353515625,390.414111011576,69.0161163418008
"WT+DMSO","G1",73,2,"Trans 1","1",16,5660,353.75,186.529175555282,46.6322938888206,332,250.25,262.350703977912,445.149296022088,407.353515625,390.414111011576,69.0161163418008
"WT+DMSO","G2",74,1,"Trans 1","1",16,26998,1687.375,2798.23775199083,699.559437997706,194.5,2045.75,316.238501524496,3058.5114984755,407.353515625,390.414111011576,69.0161163418008
"WT+DMSO","G2",74,2,"Trans 1","1",16,5587,349.1875,413.471678796343,103.367919699086,208,459.75,146.586377389792,551.788622610208,407.353515625,390.414111011576,69.0161163418008
"Mut1","G3",75,1,"Trans 1","1",16,7307,456.6875,657.771360352516,164.442840088129,171,596.5,134.379533427267,778.995466572733,449.291015625,306.460740365593,54.1751169199901
"Mut1","G3",75,2,"Trans 1","1",16,5618,351.125,593.913110928975,148.478277732244,159,309.5,60.1075756448021,642.142424355198,449.291015625,306.460740365593,54.1751169199901
"Mut1","G4",76,1,"Trans 1","1",16,10199,637.4375,908.42933819863,227.107334549657,98,857.25,192.307124282672,1082.56787571733,449.291015625,306.460740365593,54.1751169199901
"Mut1","G4",76,2,"Trans 1","1",16,4965,310.3125,439.805672049221,109.951418012305,137,492.25,94.8077206958818,525.817279304118,449.291015625,306.460740365593,54.1751169199901
"Mut2","G5",77,1,"Trans 1","1",16,13839,864.9375,1059.00717459011,264.751793647528,348.5,1662,346.023984450845,1383.85101554916,433.693359375,336.544264811127,59.4931829543472
"Mut2","G5",77,2,"Trans 1","1",16,774,48.375,131.836198873198,32.9590497182994,0,15.5,-16.2247374478669,112.974737447867,433.693359375,336.544264811127,59.4931829543472
"Mut2","G6",78,1,"Trans 1","1",16,18025,1126.5625,1559.12107585225,389.780268963062,600.5,1773.5,362.593172832399,1890.5318271676,433.693359375,336.544264811127,59.4931829543472
"Mut2","G6",78,2,"Trans 1","1",16,8600,537.5,1086.45447826098,271.613619565244,1,573.75,5.13730565212086,1069.86269434788,433.693359375,336.544264811127,59.4931829543472
"Mut3","G7",79,1,"Trans 1","1",16,11953,747.0625,766.035549109831,191.508887277458,525,991,371.705080936183,1122.41991906382,505.810546875,399.848325415771,70.6838655868942
"Mut3","G7",79,2,"Trans 1","1",16,865,54.0625,135.638474753048,33.9096186882621,0,7,-12.4003526289937,120.525352628994,505.810546875,399.848325415771,70.6838655868942
"Mut3","G8",80,1,"Trans 1","1",16,10260,641.25,767.440464574723,191.860116143681,391.5,953.5,265.204172358386,1017.29582764161,505.810546875,399.848325415771,70.6838655868942
"Mut3","G8",80,2,"Trans 1","1",16,1559,97.4375,304.066871756856,76.0167179392139,0,3.5,-51.5552671608592,246.430267160859,505.810546875,399.848325415771,70.6838655868942
"Mut4","G9",81,1,"Trans 1","1",16,2767,172.9375,274.852558959648,68.713139739912,11,213.75,38.2597461097726,307.615253890227,487.310546875,427.536511741477,75.5784916643101
"Mut4","G9",81,2,"Trans 1","1",16,5905,369.0625,712.751519932905,178.187879983226,184,254.5,19.8142552328765,718.310744767124,487.310546875,427.536511741477,75.5784916643101
"Mut4","G10",82,1,"Trans 1","1",16,24129,1508.0625,2254.02630770657,563.506576926644,382,2385.75,403.589609223778,2612.53539077622,487.310546875,427.536511741477,75.5784916643101
"Mut4","G10",82,2,"Trans 1","1",16,2319,144.9375,302.952244586502,75.7380611466256,38.5,124.5,-3.50909984738618,293.384099847386,487.310546875,427.536511741477,75.5784916643101
"MUT+DMSO","G11",83,1,"Trans 1","1",16,9336,583.5,759.444094936114,189.861023734028,179.5,1088.75,211.372393481304,955.627606518696,342.09765625,242.869357231063,42.9336423601257
"MUT+DMSO","G11",83,2,"Trans 1","1",16,3892,243.25,514.389411503257,128.597352875814,19.5,165.75,-8.80081163659574,495.300811636596,342.09765625,242.869357231063,42.9336423601257
"MUT+DMSO","G12",84,1,"Trans 1","1",16,9671,604.4375,847.990799380119,211.99769984503,170.5,815.5,188.922008303742,1019.95299169626,342.09765625,242.869357231063,42.9336423601257
"MUT+DMSO","G12",84,2,"Trans 1","1",16,5019,313.6875,410.602925586265,102.650731396566,180.5,335.5,112.49206646273,514.88293353727,342.09765625,242.869357231063,42.9336423601257
"WT+DMSO","H1",85,1,"Trans 1","1",16,6422,401.375,482.315785214072,120.578946303518,205.5,660.5,165.040265245105,637.709734754895,407.353515625,390.414111011576,69.0161163418008
"WT+DMSO","H1",85,2,"Trans 1","1",16,5730,358.125,706.482354108485,176.620588527121,0,399.5,11.9486464868424,704.301353513158,407.353515625,390.414111011576,69.0161163418008
"WT+DMSO","H2",86,1,"Trans 1","1",16,8599,537.4375,1244.94883261656,311.23720815414,0,379,-72.587427982114,1147.46242798211,407.353515625,390.414111011576,69.0161163418008
"WT+DMSO","H2",86,2,"Trans 1","1",16,1444,90.25,115.20850663037,28.8021266575925,37,142.25,33.7978317511187,146.702168248881,407.353515625,390.414111011576,69.0161163418008
"Mut1","H3",87,1,"Trans 1","1",16,9433,589.5625,687.510675674688,171.877668918672,247.5,1159.25,252.682268919403,926.442731080597,449.291015625,306.460740365593,54.1751169199901
"Mut1","H3",87,2,"Trans 1","1",16,3008,188,505.715994078363,126.428998519591,0,99.25,-59.8008370983977,435.800837098398,449.291015625,306.460740365593,54.1751169199901
"Mut1","H4",88,1,"Trans 1","1",16,8481,530.0625,837.741206558843,209.435301639711,174,771.5,119.569308786167,940.555691213833,449.291015625,306.460740365593,54.1751169199901
"Mut1","H4",88,2,"Trans 1","1",16,2757,172.3125,187.358735673929,46.8396839184823,83,394,80.5067195197746,264.118280480225,449.291015625,306.460740365593,54.1751169199901
"Mut2","H5",89,1,"Trans 1","1",16,18393,1149.5625,1434.61683473323,358.654208683308,371,2201.5,446.600250980716,1852.52474901928,433.693359375,336.544264811127,59.4931829543472
"Mut2","H5",89,2,"Trans 1","1",16,1352,84.5,170.309913588924,42.5774783972309,0,96.75,1.04814234142736,167.951857658573,433.693359375,336.544264811127,59.4931829543472
"Mut2","H6",90,1,"Trans 1","1",16,9796,612.25,564.330931280574,141.082732820144,432,744,335.727843672519,888.772156327481,433.693359375,336.544264811127,59.4931829543472
"Mut2","H6",90,2,"Trans 1","1",16,4405,275.3125,705.60798547541,176.401996368853,13.5,118.5,-70.435412882951,621.060412882951,433.693359375,336.544264811127,59.4931829543472
"Mut3","H7",91,1,"Trans 1","1",16,19639,1227.4375,1194.56753506586,298.641883766466,925,2222.75,642.099407817727,1812.77559218227,505.810546875,399.848325415771,70.6838655868942
"Mut3","H7",91,2,"Trans 1","1",16,1124,70.25,195.57078854812,48.8926971370299,0,11.75,-25.5796863885786,166.079686388579,505.810546875,399.848325415771,70.6838655868942
"Mut3","H8",92,1,"Trans 1","1",16,14415,900.9375,895.669691255283,223.917422813821,699,1229.25,462.059351284912,1339.81564871509,505.810546875,399.848325415771,70.6838655868942
"Mut3","H8",92,2,"Trans 1","1",16,8837,552.3125,727.699637556595,181.924909389149,400.5,514.5,195.739677597268,908.885322402732,505.810546875,399.848325415771,70.6838655868942
"Mut4","H9",93,1,"Trans 1","1",16,6678,417.375,500.251253538326,125.062813384582,239.5,618,172.25188576622,662.49811423378,487.310546875,427.536511741477,75.5784916643101
"Mut4","H9",93,2,"Trans 1","1",16,2720,170,250.210844422592,62.5527111056481,41.5,210.25,47.3966862329298,292.60331376707,487.310546875,427.536511741477,75.5784916643101
"Mut4","H10",94,1,"Trans 1","1",16,7278,454.875,531.951987181801,132.98799679545,268,488.5,194.218526280918,715.531473719082,487.310546875,427.536511741477,75.5784916643101
"Mut4","H10",94,2,"Trans 1","1",16,3890,243.125,430.894863433452,107.723715858363,0,370.25,31.9865169176085,454.263483082392,487.310546875,427.536511741477,75.5784916643101
"MUT+DMSO","H11",95,1,"Trans 1","1",16,3626,226.625,502.137813088532,125.534453272133,0,142,-19.4225284133806,472.672528413381,342.09765625,242.869357231063,42.9336423601257
"MUT+DMSO","H11",95,2,"Trans 1","1",16,5176,323.5,379.062176078455,94.7655440196137,151,604.25,137.759533721557,509.240466278443,342.09765625,242.869357231063,42.9336423601257
"MUT+DMSO","H12",96,1,"Trans 1","1",16,2096,131,323.933943883626,80.9834859709064,0,92,-27.7276325029766,289.727632502977,342.09765625,242.869357231063,42.9336423601257
"MUT+DMSO","H12",96,2,"Trans 1","1",16,5769,360.5625,976.418419104569,244.104604776142,29.5,184,-117.882525361239,839.007525361239,342.09765625,242.869357231063,42.9336423601257
"WT+DMSO","A1",1,1,"Light","1",43,977,22.7209302325581,104.362081597219,15.9150682405105,0,0,-8.47260351884242,53.9144639839587,86.938226744186,128.82391521314,22.773066006553
"WT+DMSO","A1",1,2,"Light","1",43,97,2.25581395348837,14.7923613222627,2.25581395348837,0,0,-2.16558139534884,6.67720930232558,86.938226744186,128.82391521314,22.773066006553
"WT+DMSO","A2",2,1,"Light","1",43,1639,38.1162790697674,100.327845753031,15.2998530418874,0,0,8.12856710766818,68.1039910318667,86.938226744186,128.82391521314,22.773066006553
"WT+DMSO","A2",2,2,"Light","1",43,9680,225.116279069767,787.760363891938,120.132329258213,0,0,-10.3430862763299,460.575644415865,86.938226744186,128.82391521314,22.773066006553
"Mut1","A3",3,1,"Light","1",43,1158,26.9302325581395,173.648577160726,26.4811597573017,0,0,-24.9728405661718,78.8333056824509,60.9803779069767,86.4322006520799,15.2791987984905
"Mut1","A3",3,2,"Light","1",43,4193,97.5116279069767,183.154939885414,27.9308664818798,3,124,42.7671296024923,152.256126211461,60.9803779069767,86.4322006520799,15.2791987984905
"Mut1","A4",4,1,"Light","1",43,794,18.4651162790698,121.083864844088,18.4651162790698,0,0,-17.726511627907,54.6567441860465,60.9803779069767,86.4322006520799,15.2791987984905
"Mut1","A4",4,2,"Light","1",43,172,4,11.9383336158699,1.82057880857384,0,0,0.431665535195281,7.56833446480472,60.9803779069767,86.4322006520799,15.2791987984905
"Mut2","A5",5,1,"Light","1",43,0,0,0,0,0,0,0,0,64.1533430232558,130.940108659137,23.1471596905447
"Mut2","A5",5,2,"Light","1",43,1191,27.6976744186047,86.8914305829327,13.250818938052,0,0,1.72606930002273,53.6692795371866,64.1533430232558,130.940108659137,23.1471596905447
"Mut2","A6",6,1,"Light","1",43,1414,32.8837209302326,111.038433779936,16.9332024034118,0,0,-0.305355780454626,66.0727976409197,64.1533430232558,130.940108659137,23.1471596905447
"Mut2","A6",6,2,"Light","1",43,4,0.0930232558139535,0.478785839805931,0.0730141560659,0,0,-0.0500844900752106,0.236131001703118,64.1533430232558,130.940108659137,23.1471596905447
"Mut3","A7",7,1,"Light","1",43,665,15.4651162790698,95.3615548064586,14.5425007726793,0,0,-13.0381852353816,43.9684177935211,66.0327034883721,102.178566021055,18.0627892313513
"Mut3","A7",7,2,"Light","1",43,2080,48.3720930232558,154.155923423225,23.5085579303444,0,0,2.29531947978087,94.4488665667308,66.0327034883721,102.178566021055,18.0627892313513
"Mut3","A8",8,1,"Light","1",43,11118,258.558139534884,253.52151240792,38.6616681907675,223,316,182.781269880979,334.335009188788,66.0327034883721,102.178566021055,18.0627892313513
"Mut3","A8",8,2,"Light","1",43,1,0.0232558139534884,0.152498570332605,0.0232558139534884,0,0,-0.0223255813953488,0.0688372093023256,66.0327034883721,102.178566021055,18.0627892313513
"Mut4","A9",9,1,"Light","1",43,5769,134.162790697674,370.912576673916,56.5636376611548,0,0,23.298060881811,245.027520513538,78.7107558139535,146.877909942543,25.9645915317198
"Mut4","A9",9,2,"Light","1",43,87,2.02325581395349,11.9133545955249,1.81676954368292,0,0,-1.53761249166504,5.58412411957201,78.7107558139535,146.877909942543,25.9645915317198
"Mut4","A10",10,1,"Light","1",43,0,0,0,0,0,0,0,0,78.7107558139535,146.877909942543,25.9645915317198
"Mut4","A10",10,2,"Light","1",43,2893,67.2790697674419,216.359965223456,32.9945853737891,0,0.5,2.60968243481526,131.948457100068,78.7107558139535,146.877909942543,25.9645915317198
"MUT+DMSO","A11",11,1,"Light","1",43,2421,56.3023255813954,210.889446876762,32.16033914694,0,0,-6.73193914660708,119.336590309398,35.281976744186,49.2053019013322,8.69835066119082
"MUT+DMSO","A11",11,2,"Light","1",43,8540,198.604651162791,702.135861888054,107.074715117179,0,1,-11.2617904668809,408.471092792462,35.281976744186,49.2053019013322,8.69835066119082
"MUT+DMSO","A12",12,1,"Light","1",43,1322,30.7441860465116,88.0816972024257,13.4323328958393,0,0,4.4168135706666,57.0715585223567,35.281976744186,49.2053019013322,8.69835066119082
"MUT+DMSO","A12",12,2,"Light","1",43,424,9.86046511627907,56.2378373709326,8.57618979766475,0,0,-6.94886688714385,26.669797119702,35.281976744186,49.2053019013322,8.69835066119082
"WT+DMSO","B1",13,1,"Light","1",43,2250,52.3255813953488,146.352106551002,22.3184870141928,0,0,8.58134684753089,96.0698159431668,86.938226744186,128.82391521314,22.773066006553
"WT+DMSO","B1",13,2,"Light","1",43,15,0.348837209302326,2.13679467260386,0.325858132666414,0,0,-0.289844730723846,0.987519149328497,86.938226744186,128.82391521314,22.773066006553
"WT+DMSO","B2",14,1,"Light","1",43,1648,38.3255813953488,190.44305747266,29.0422939943507,0,0,-18.5973148335786,95.2484776242762,86.938226744186,128.82391521314,22.773066006553
"WT+DMSO","B2",14,2,"Light","1",43,3220,74.8837209302326,420.924617688608,64.190402415311,0,0,-50.929467803777,200.696909664242,86.938226744186,128.82391521314,22.773066006553
"Mut1","B3",15,1,"Light","1",43,1269,29.5116279069767,151.4251932384,23.0921254811944,0,0,-15.7489380361643,74.7721938501178,60.9803779069767,86.4322006520799,15.2791987984905
"Mut1","B3",15,2,"Light","1",43,223,5.18604651162791,20.6562060476628,3.15004189076427,0,0,-0.988035594270068,11.3601286175259,60.9803779069767,86.4322006520799,15.2791987984905
"Mut1","B4",16,1,"Light","1",43,2580,60,388.46664378468,59.2406077990689,0,0,-56.111591286175,176.111591286175,60.9803779069767,86.4322006520799,15.2791987984905
"Mut1","B4",16,2,"Light","1",43,439,10.2093023255814,56.6066453021092,8.63243247989651,0,0,-6.71026533501576,27.1288699861786,60.9803779069767,86.4322006520799,15.2791987984905
"Mut2","B5",17,1,"Light","1",43,3067,71.3255813953488,230.235151109038,35.1105313844395,0,0,2.50893988184743,140.14222290885,64.1533430232558,130.940108659137,23.1471596905447
"Mut2","B5",17,2,"Light","1",43,945,21.9767441860465,94.6151322771044,14.4286724040887,0,0,-6.30345372596732,50.2569420980603,64.1533430232558,130.940108659137,23.1471596905447
"Mut2","B6",18,1,"Light","1",43,2440,56.7441860465116,150.692701030822,22.9804214667589,0,0,11.7025599716642,101.785812121359,64.1533430232558,130.940108659137,23.1471596905447
"Mut2","B6",18,2,"Light","1",43,1209,28.1162790697674,82.2919336735369,12.5494022351199,0,0,3.51945068893244,52.7131074506024,64.1533430232558,130.940108659137,23.1471596905447
"Mut3","B7",19,1,"Light","1",43,0,0,0,0,0,0,0,0,66.0327034883721,102.178566021055,18.0627892313513
"Mut3","B7",19,2,"Light","1",43,1292,30.046511627907,146.673747689732,22.3675368280092,0,0,-13.7938605549912,73.8868838108051,66.0327034883721,102.178566021055,18.0627892313513
"Mut3","B8",20,1,"Light","1",43,5423,126.116279069767,288.230414549782,43.9547261452158,0,44.5,39.9650158251445,212.26754231439,66.0327034883721,102.178566021055,18.0627892313513
"Mut3","B8",20,2,"Light","1",43,2243,52.1627906976744,154.929927360812,23.6265924242582,0,0,5.85466954612841,98.4709118492204,66.0327034883721,102.178566021055,18.0627892313513
"Mut4","B9",21,1,"Light","1",43,33417,777.139534883721,557.139786742257,84.9630209536064,750,513.5,610.612013814652,943.667055952789,78.7107558139535,146.877909942543,25.9645915317198
"Mut4","B9",21,2,"Light","1",43,117,2.72093023255814,14.6699004790914,2.23713884998303,0,0,-1.66386191340859,7.10572237852487,78.7107558139535,146.877909942543,25.9645915317198
"Mut4","B10",22,1,"Light","1",43,3312,77.0232558139535,187.559703303863,28.6025866058466,0,12,20.9621860664942,133.084325561413,78.7107558139535,146.877909942543,25.9645915317198
"Mut4","B10",22,2,"Light","1",43,1,0.0232558139534884,0.152498570332605,0.0232558139534884,0,0,-0.0223255813953488,0.0688372093023256,78.7107558139535,146.877909942543,25.9645915317198
"MUT+DMSO","B11",23,1,"Light","1",43,2820,65.5813953488372,149.644377260309,22.8205535905101,0,27.5,20.8531103114375,110.309680386237,35.281976744186,49.2053019013322,8.69835066119082
"MUT+DMSO","B11",23,2,"Light","1",43,782,18.1860465116279,90.8982308523825,13.8618502507514,0,0,-8.98317997984482,45.3552730031006,35.281976744186,49.2053019013322,8.69835066119082
"MUT+DMSO","B12",24,1,"Light","1",43,10,0.232558139534884,1.52498570332605,0.232558139534884,0,0,-0.223255813953488,0.688372093023256,35.281976744186,49.2053019013322,8.69835066119082
"MUT+DMSO","B12",24,2,"Light","1",43,18,0.418604651162791,1.89275005443119,0.288641677297716,0,0,-0.147133036340734,0.984342338666315,35.281976744186,49.2053019013322,8.69835066119082
"WT+DMSO","C1",25,1,"Light","1",43,3667,85.2790697674419,222.924322583055,33.9956404862803,0,5,18.6476144143325,151.910525120551,86.938226744186,128.82391521314,22.773066006553
"WT+DMSO","C1",25,2,"Light","1",43,1068,24.8372093023256,81.1482858524349,12.3749975774378,0,0,0.5822140505474,49.0922045541038,86.938226744186,128.82391521314,22.773066006553
"WT+DMSO","C2",26,1,"Light","1",43,0,0,0,0,0,0,0,0,86.938226744186,128.82391521314,22.773066006553
"WT+DMSO","C2",26,2,"Light","1",43,6672,155.162790697674,612.580332156043,93.4176248676686,0,0,-27.935754042956,338.261335438305,86.938226744186,128.82391521314,22.773066006553
"Mut1","C3",27,1,"Light","1",43,0,0,0,0,0,0,0,0,60.9803779069767,86.4322006520799,15.2791987984905
"Mut1","C3",27,2,"Light","1",43,11,0.255813953488372,1.09311750023704,0.166698855991699,0,0,-0.0709158042553583,0.582543711232102,60.9803779069767,86.4322006520799,15.2791987984905
"Mut1","C4",28,1,"Light","1",43,8645,201.046511627907,611.395591424842,93.2369535999457,0,2,18.3020825720135,383.7909406838,60.9803779069767,86.4322006520799,15.2791987984905
"Mut1","C4",28,2,"Light","1",43,13848,322.046511627907,336.595911010473,51.3303952088977,193,429.5,221.438937018467,422.654086237347,60.9803779069767,86.4322006520799,15.2791987984905
"Mut2","C5",29,1,"Light","1",43,3875,90.1162790697674,195.884101946403,29.8720454977127,0,47,31.5670698942506,148.665488245284,64.1533430232558,130.940108659137,23.1471596905447
"Mut2","C5",29,2,"Light","1",43,1910,44.4186046511628,181.234422326725,27.6379902998811,0,0.5,-9.75185633660421,98.5890656389298,64.1533430232558,130.940108659137,23.1471596905447
"Mut2","C6",30,1,"Light","1",43,137,3.18604651162791,16.9779349997262,2.58911081465814,0,0,-1.88861068510204,8.26070370835786,64.1533430232558,130.940108659137,23.1471596905447
"Mut2","C6",30,2,"Light","1",43,20258,471.116279069767,514.07453643844,78.3956318512585,291,673.5,317.460840641301,624.771717498234,64.1533430232558,130.940108659137,23.1471596905447
"Mut3","C7",31,1,"Light","1",43,16182,376.325581395349,598.174672726885,91.2207824000236,26,554.5,197.532847891302,555.118314899395,66.0327034883721,102.178566021055,18.0627892313513
"Mut3","C7",31,2,"Light","1",43,2632,61.2093023255814,197.215806154377,30.0751284855346,0,0,2.26205049393367,120.156554157229,66.0327034883721,102.178566021055,18.0627892313513
"Mut3","C8",32,1,"Light","1",43,0,0,0,0,0,0,0,0,66.0327034883721,102.178566021055,18.0627892313513
"Mut3","C8",32,2,"Light","1",43,0,0,0,0,0,0,0,0,66.0327034883721,102.178566021055,18.0627892313513
"Mut4","C9",33,1,"Light","1",43,2,0.0465116279069767,0.213082632316446,0.0324947967909661,0,0,-0.0171781738033169,0.11020142961727,78.7107558139535,146.877909942543,25.9645915317198
"Mut4","C9",33,2,"Light","1",43,716,16.6511627906977,103.988067932938,15.8580316914228,0,0,-14.4305793244909,47.7329049058863,78.7107558139535,146.877909942543,25.9645915317198
"Mut4","C10",34,1,"Light","1",43,0,0,0,0,0,0,0,0,78.7107558139535,146.877909942543,25.9645915317198
"Mut4","C10",34,2,"Light","1",43,2721,63.2790697674419,138.9503723639,21.1897331326778,3,58.5,21.7471928273934,104.81094670749,78.7107558139535,146.877909942543,25.9645915317198
"MUT+DMSO","C11",35,1,"Light","1",43,0,0,0,0,0,0,0,0,35.281976744186,49.2053019013322,8.69835066119082
"MUT+DMSO","C11",35,2,"Light","1",43,7348,170.883720930233,531.760204160374,81.092670894231,0,0,11.9420859775399,329.825355882925,35.281976744186,49.2053019013322,8.69835066119082
"MUT+DMSO","C12",36,1,"Light","1",43,871,20.2558139534884,92.8160220731764,14.1543106701189,0,0,-7.48663495994463,47.9982628669214,35.281976744186,49.2053019013322,8.69835066119082
"MUT+DMSO","C12",36,2,"Light","1",43,1067,24.8139534883721,86.1331349918346,13.13517994452,0,7,-0.930999202887133,50.5589061796313,35.281976744186,49.2053019013322,8.69835066119082
"WT+DMSO","D1",37,1,"Light","1",43,894,20.7906976744186,77.1126443030352,11.7595680107795,0,0,-2.25805562670928,43.8394509755465,86.938226744186,128.82391521314,22.773066006553
"WT+DMSO","D1",37,2,"Light","1",43,3219,74.8604651162791,156.675366738475,23.892769433954,45,81,28.0306370257293,121.690293206829,86.938226744186,128.82391521314,22.773066006553
"WT+DMSO","D2",38,1,"Light","1",43,23977,557.604651162791,523.112622834058,79.773927105133,498,404.5,401.24775403673,713.961548288851,86.938226744186,128.82391521314,22.773066006553
"WT+DMSO","D2",38,2,"Light","1",43,149,3.46511627906977,22.2585979505505,3.3944043650672,0,0,-3.18791627646195,10.1181488346015,86.938226744186,128.82391521314,22.773066006553
"Mut1","D3",39,1,"Light","1",43,0,0,0,0,0,0,0,0,60.9803779069767,86.4322006520799,15.2791987984905
"Mut1","D3",39,2,"Light","1",43,741,17.2325581395349,113.00144061646,17.2325581395349,0,0,-16.5432558139535,51.0083720930233,60.9803779069767,86.4322006520799,15.2791987984905
"Mut1","D4",40,1,"Light","1",43,4407,102.488372093023,309.313323354216,47.1698395963446,0,0,10.0354864841879,194.941257701859,60.9803779069767,86.4322006520799,15.2791987984905
"Mut1","D4",40,2,"Light","1",43,2384,55.4418604651163,124.756582482235,19.0252004681225,0,31.5,18.1524675475961,92.7312533826364,60.9803779069767,86.4322006520799,15.2791987984905
"Mut2","D5",41,1,"Light","1",43,0,0,0,0,0,0,0,0,64.1533430232558,130.940108659137,23.1471596905447
"Mut2","D5",41,2,"Light","1",43,9233,214.720930232558,603.719279040208,92.0663269358625,0,19.5,34.2709294382676,395.170931026849,64.1533430232558,130.940108659137,23.1471596905447
"Mut2","D6",42,1,"Light","1",43,0,0,0,0,0,0,0,0,64.1533430232558,130.940108659137,23.1471596905447
"Mut2","D6",42,2,"Light","1",43,9997,232.488372093023,707.266884768504,107.857188770792,0,6.5,21.0882821022712,443.888462083775,64.1533430232558,130.940108659137,23.1471596905447
"Mut3","D7",43,1,"Light","1",43,16382,380.976744186047,418.131472168406,63.7644517167492,367,531.5,255.998418821218,505.955069550875,66.0327034883721,102.178566021055,18.0627892313513
"Mut3","D7",43,2,"Light","1",43,765,17.7906976744186,84.8055361342965,12.9327230167703,0,0,-7.55743943845111,43.1388347872883,66.0327034883721,102.178566021055,18.0627892313513
"Mut3","D8",44,1,"Light","1",43,5444,126.604651162791,539.232529554952,82.2321898339642,0,0,-34.5704409117792,287.779743237361,66.0327034883721,102.178566021055,18.0627892313513
"Mut3","D8",44,2,"Light","1",43,226,5.25581395348837,33.2380254293295,5.0687513586515,0,0,-4.67893870946858,15.1905666164453,66.0327034883721,102.178566021055,18.0627892313513
"Mut4","D9",45,1,"Light","1",43,12185,283.372093023256,449.220013083833,68.5054097600784,38,434,149.101489893502,417.64269615301,78.7107558139535,146.877909942543,25.9645915317198
"Mut4","D9",45,2,"Light","1",43,7975,185.46511627907,488.505658632587,74.4964145408569,0,213.5,39.4521437789902,331.478088779149,78.7107558139535,146.877909942543,25.9645915317198
"Mut4","D10",46,1,"Light","1",43,1833,42.6279069767442,139.50781225024,21.2747419183911,0,0,0.929412816697685,84.3264011367907,78.7107558139535,146.877909942543,25.9645915317198
"Mut4","D10",46,2,"Light","1",43,2846,66.1860465116279,170.801786515408,26.0470282538544,0,1,15.1338711340732,117.238221889183,78.7107558139535,146.877909942543,25.9645915317198
"MUT+DMSO","D11",47,1,"Light","1",43,444,10.3255813953488,67.7093652276765,10.3255813953488,0,0,-9.91255813953488,30.5637209302326,35.281976744186,49.2053019013322,8.69835066119082
"MUT+DMSO","D11",47,2,"Light","1",43,3377,78.5348837209302,237.519958944527,36.2214541644994,0,0,7.54083355851147,149.528933883349,35.281976744186,49.2053019013322,8.69835066119082
"MUT+DMSO","D12",48,1,"Light","1",43,3494,81.2558139534884,201.938709822849,30.7953645427952,0,0,20.8968994496097,141.614728457367,35.281976744186,49.2053019013322,8.69835066119082
"MUT+DMSO","D12",48,2,"Light","1",43,0,0,0,0,0,0,0,0,35.281976744186,49.2053019013322,8.69835066119082
"WT+DMSO","E1",49,1,"Light","1",43,3965,92.2093023255814,375.24129114221,57.2237604289478,0,0,-19.9492681151562,204.367872766319,86.938226744186,128.82391521314,22.773066006553
"WT+DMSO","E1",49,2,"Light","1",43,5621,130.720930232558,257.086545144533,39.20533058629,0,78.5,53.8784822834298,207.563378181686,86.938226744186,128.82391521314,22.773066006553
"WT+DMSO","E2",50,1,"Light","1",43,540,12.5581395348837,82.3492279796065,12.5581395348837,0,0,-12.0558139534884,37.1720930232558,86.938226744186,128.82391521314,22.773066006553
"WT+DMSO","E2",50,2,"Light","1",43,1471,34.2093023255814,188.852494485276,28.7997354127507,0,0,-22.23817908341,90.6567837345727,86.938226744186,128.82391521314,22.773066006553
"Mut1","E3",51,1,"Light","1",43,10451,243.046511627907,397.600718206713,60.6335410897405,0,345.5,124.204771092016,361.888252163798,60.9803779069767,86.4322006520799,15.2791987984905
"Mut1","E3",51,2,"Light","1",43,0,0,0,0,0,0,0,0,60.9803779069767,86.4322006520799,15.2791987984905
"Mut1","E4",52,1,"Light","1",43,876,20.3720930232558,133.588747611362,20.3720930232558,0,0,-19.5572093023256,60.3013953488372,60.9803779069767,86.4322006520799,15.2791987984905
"Mut1","E4",52,2,"Light","1",43,1053,24.4883720930233,143.055828611307,21.8158093409705,0,0,-18.270614215279,67.2473584013255,60.9803779069767,86.4322006520799,15.2791987984905
"Mut2","E5",53,1,"Light","1",43,326,7.58139534883721,37.3543090891861,5.69647873186311,0,0,-3.58370296561448,18.7464936632889,64.1533430232558,130.940108659137,23.1471596905447
"Mut2","E5",53,2,"Light","1",43,1,0.0232558139534884,0.152498570332605,0.0232558139534884,0,0,-0.0223255813953488,0.0688372093023256,64.1533430232558,130.940108659137,23.1471596905447
"Mut2","E6",54,1,"Light","1",43,1,0.0232558139534884,0.152498570332605,0.0232558139534884,0,0,-0.0223255813953488,0.0688372093023256,64.1533430232558,130.940108659137,23.1471596905447
"Mut2","E6",54,2,"Light","1",43,4,0.0930232558139535,0.609994281330419,0.0930232558139535,0,0,-0.0893023255813953,0.275348837209302,64.1533430232558,130.940108659137,23.1471596905447
"Mut3","E7",55,1,"Light","1",43,897,20.8604651162791,95.5780861005056,14.5755214854537,0,0,-7.70755699521018,49.4284872277683,66.0327034883721,102.178566021055,18.0627892313513
"Mut3","E7",55,2,"Light","1",43,103,2.3953488372093,11.2570391414687,1.71668237525215,0,0,-0.969348618284906,5.76004629270351,66.0327034883721,102.178566021055,18.0627892313513
"Mut3","E8",56,1,"Light","1",43,0,0,0,0,0,0,0,0,66.0327034883721,102.178566021055,18.0627892313513
"Mut3","E8",56,2,"Light","1",43,2602,60.5116279069767,162.942053984877,24.8484302797519,0,11,11.8087045586631,109.21455125529,66.0327034883721,102.178566021055,18.0627892313513
"Mut4","E9",57,1,"Light","1",43,10008,232.744186046512,486.379730791608,74.1722135844773,0,181.5,87.3666474209361,378.121724672087,78.7107558139535,146.877909942543,25.9645915317198
"Mut4","E9",57,2,"Light","1",43,990,23.0232558139535,108.989839712589,16.6207947369496,0,0,-9.55350187046767,55.6000134983747,78.7107558139535,146.877909942543,25.9645915317198
"Mut4","E10",58,1,"Light","1",43,566,13.1627906976744,60.3343581467389,9.20090335931302,0,0,-4.87097988657911,31.1965612819279,78.7107558139535,146.877909942543,25.9645915317198
"Mut4","E10",58,2,"Light","1",43,331,7.69767441860465,35.2747953210092,5.37935585522915,0,0,-2.84586305764449,18.2412118948538,78.7107558139535,146.877909942543,25.9645915317198
"MUT+DMSO","E11",59,1,"Light","1",43,3938,91.5813953488372,226.112406997066,34.4818188015165,0,0,23.9970304978648,159.16576019981,35.281976744186,49.2053019013322,8.69835066119082
"MUT+DMSO","E11",59,2,"Light","1",43,25,0.581395348837209,1.88012864478212,0.28671693037065,0,0,0.0194301653107352,1.14336053236368,35.281976744186,49.2053019013322,8.69835066119082
"MUT+DMSO","E12",60,1,"Light","1",43,0,0,0,0,0,0,0,0,35.281976744186,49.2053019013322,8.69835066119082
"MUT+DMSO","E12",60,2,"Light","1",43,4433,103.093023255814,312.301503736182,47.6255328324903,0,0,9.74697890413292,196.439067607495,35.281976744186,49.2053019013322,8.69835066119082
"WT+DMSO","F1",61,1,"Light","1",43,1,0.0232558139534884,0.152498570332605,0.0232558139534884,0,0,-0.0223255813953488,0.0688372093023256,86.938226744186,128.82391521314,22.773066006553
"WT+DMSO","F1",61,2,"Light","1",43,8627,200.627906976744,517.028829593891,78.8461573338083,0,5.5,46.0894386024798,355.166375351009,86.938226744186,128.82391521314,22.773066006553
"WT+DMSO","F2",62,1,"Light","1",43,0,0,0,0,0,0,0,0,86.938226744186,128.82391521314,22.773066006553
"WT+DMSO","F2",62,2,"Light","1",43,15,0.348837209302326,1.46195760687401,0.222946444935163,0,0,-0.0881378227705938,0.785812241375245,86.938226744186,128.82391521314,22.773066006553
"Mut1","F3",63,1,"Light","1",43,3194,74.2790697674419,280.619580281222,42.794084800222,0,1,-9.59733644099319,158.155475975877,60.9803779069767,86.4322006520799,15.2791987984905
"Mut1","F3",63,2,"Light","1",43,1535,35.6976744186046,132.981297446872,20.2794577416228,0,0,-4.05006275497603,75.4454115921853,60.9803779069767,86.4322006520799,15.2791987984905
"Mut1","F4",64,1,"Light","1",43,2105,48.953488372093,209.304739496354,31.9186735370323,0,0,-13.6071117604903,111.514088504676,60.9803779069767,86.4322006520799,15.2791987984905
"Mut1","F4",64,2,"Light","1",43,8197,190.627906976744,498.464978148669,76.015196528545,0,89.5,41.6381217807959,339.617692172693,60.9803779069767,86.4322006520799,15.2791987984905
"Mut2","F5",65,1,"Light","1",43,11,0.255813953488372,1.17702254005633,0.179494254607842,0,0,-0.095994785542998,0.607622692519742,64.1533430232558,130.940108659137,23.1471596905447
"Mut2","F5",65,2,"Light","1",43,720,16.7441860465116,109.798970639475,16.7441860465116,0,0,-16.0744186046512,49.5627906976744,64.1533430232558,130.940108659137,23.1471596905447
"Mut2","F6",66,1,"Light","1",43,0,0,0,0,0,0,0,0,64.1533430232558,130.940108659137,23.1471596905447
"Mut2","F6",66,2,"Light","1",43,14,0.325581395348837,2.13497998465647,0.325581395348837,0,0,-0.312558139534884,0.963720930232558,64.1533430232558,130.940108659137,23.1471596905447
"Mut3","F7",67,1,"Light","1",43,0,0,0,0,0,0,0,0,66.0327034883721,102.178566021055,18.0627892313513
"Mut3","F7",67,2,"Light","1",43,14,0.325581395348837,1.37530828115628,0.209732546642925,0,0,-0.0854943960712964,0.736657186768971,66.0327034883721,102.178566021055,18.0627892313513
"Mut3","F8",68,1,"Light","1",43,3102,72.1395348837209,136.898568881063,20.8768360349418,0,83.5,31.220936255235,113.058133512207,66.0327034883721,102.178566021055,18.0627892313513
"Mut3","F8",68,2,"Light","1",43,2775,64.5348837209302,269.122237126659,41.0407564065277,0,0,-15.904998835864,144.974766277725,66.0327034883721,102.178566021055,18.0627892313513
"Mut4","F9",69,1,"Light","1",43,0,0,0,0,0,0,0,0,78.7107558139535,146.877909942543,25.9645915317198
"Mut4","F9",69,2,"Light","1",43,28,0.651162790697674,2.85259882288008,0.435017242221682,0,0,-0.201471004056823,1.50379658545217,78.7107558139535,146.877909942543,25.9645915317198
"Mut4","F10",70,1,"Light","1",43,4056,94.3255813953488,201.716175063856,30.7614283101994,0,0,34.0331819073581,154.61798088334,78.7107558139535,146.877909942543,25.9645915317198
"Mut4","F10",70,2,"Light","1",43,138,3.2093023255814,11.6467002061587,1.77610513053166,0,0,-0.271863730260649,6.69046838142344,78.7107558139535,146.877909942543,25.9645915317198
"MUT+DMSO","F11",71,1,"Light","1",43,643,14.953488372093,72.3993401339214,11.040795863447,0,0,-6.68647152026306,36.5934482644491,35.281976744186,49.2053019013322,8.69835066119082
"MUT+DMSO","F11",71,2,"Light","1",43,1552,36.093023255814,215.737143186254,32.8996059035441,0,0,-28.3902043151325,100.57625082676,35.281976744186,49.2053019013322,8.69835066119082
"MUT+DMSO","F12",72,1,"Light","1",43,0,0,0,0,0,0,0,0,35.281976744186,49.2053019013322,8.69835066119082
"MUT+DMSO","F12",72,2,"Light","1",43,463,10.7674418604651,70.606838063996,10.7674418604651,0,0,-10.3367441860465,31.8716279069767,35.281976744186,49.2053019013322,8.69835066119082
"WT+DMSO","G1",73,1,"Light","1",43,1018,23.6744186046512,90.3442413718699,13.7773676469939,0,2.5,-3.32922198345692,50.6780591927592,86.938226744186,128.82391521314,22.773066006553
"WT+DMSO","G1",73,2,"Light","1",43,21048,489.488372093023,506.330184577172,77.2146292642626,395,594,338.147698735069,640.829045450978,86.938226744186,128.82391521314,22.773066006553
"WT+DMSO","G2",74,1,"Light","1",43,3989,92.7674418604651,351.272098929245,53.5684928844431,0,0,-12.2268041930434,197.761687913974,86.938226744186,128.82391521314,22.773066006553
"WT+DMSO","G2",74,2,"Light","1",43,4938,114.837209302326,192.07574525649,29.2912765471843,0,125,57.4263072698443,172.248111334807,86.938226744186,128.82391521314,22.773066006553
"Mut1","G3",75,1,"Light","1",43,375,8.72093023255814,55.016588659108,8.38995111509096,0,0,-7.72337395302015,25.1652344181364,60.9803779069767,86.4322006520799,15.2791987984905
"Mut1","G3",75,2,"Light","1",43,1600,37.2093023255814,73.6205063757746,11.227021969468,0,1,15.204339265424,59.2142653857387,60.9803779069767,86.4322006520799,15.2791987984905
"Mut1","G4",76,1,"Light","1",43,22,0.511627906976744,2.10862280741828,0.321561963502011,0,0,-0.118633541487198,1.14188935544069,60.9803779069767,86.4322006520799,15.2791987984905
"Mut1","G4",76,2,"Light","1",43,41,0.953488372093023,4.820361023686,0.735098164599125,0,0,-0.487304030521262,2.39428077470731,60.9803779069767,86.4322006520799,15.2791987984905
"Mut2","G5",77,1,"Light","1",43,44,1.02325581395349,4.13745016999499,0.630955235746628,0,0,-0.213416448109903,2.25992807601688,64.1533430232558,130.940108659137,23.1471596905447
"Mut2","G5",77,2,"Light","1",43,68,1.58139534883721,5.91701564955854,0.902336427193326,0,0,-0.18718404846171,3.34997474613613,64.1533430232558,130.940108659137,23.1471596905447
"Mut2","G6",78,1,"Light","1",43,0,0,0,0,0,0,0,0,64.1533430232558,130.940108659137,23.1471596905447
"Mut2","G6",78,2,"Light","1",43,1538,35.7674418604651,169.239171027179,25.80873162592,0,0,-14.8176721263381,86.3525558472683,64.1533430232558,130.940108659137,23.1471596905447
"Mut3","G7",79,1,"Light","1",43,34,0.790697674418605,2.65076933607768,0.404238534033354,0,0,-0.0016098522867688,1.58300520112398,66.0327034883721,102.178566021055,18.0627892313513
"Mut3","G7",79,2,"Light","1",43,8,0.186046511627907,0.663892344739874,0.101242633427592,0,0,-0.0123890498901725,0.384482073145986,66.0327034883721,102.178566021055,18.0627892313513
"Mut3","G8",80,1,"Light","1",43,1976,45.953488372093,195.307688080259,29.7841432072058,0,0,-12.4234323140304,104.330409058216,66.0327034883721,102.178566021055,18.0627892313513
"Mut3","G8",80,2,"Light","1",43,4609,107.186046511628,309.631674875777,47.2183877482458,0,4.5,14.6380065250661,199.73408649819,66.0327034883721,102.178566021055,18.0627892313513
"Mut4","G9",81,1,"Light","1",43,1,0.0232558139534884,0.152498570332605,0.0232558139534884,0,0,-0.0223255813953488,0.0688372093023256,78.7107558139535,146.877909942543,25.9645915317198
"Mut4","G9",81,2,"Light","1",43,6351,147.697674418605,185.547392852777,28.2957121389907,25,260,92.2380786261829,203.157270211026,78.7107558139535,146.877909942543,25.9645915317198
"Mut4","G10",82,1,"Light","1",43,4283,99.6046511627907,325.500357657245,49.6383391854814,0,0,2.31350635924724,196.895795966334,78.7107558139535,146.877909942543,25.9645915317198
"Mut4","G10",82,2,"Light","1",43,4582,106.558139534884,196.61120715109,29.9829280019087,0,103,47.7916006511426,165.324678418625,78.7107558139535,146.877909942543,25.9645915317198
"MUT+DMSO","G11",83,1,"Light","1",43,873,20.3023255813953,97.5974567593412,14.8834726238977,0,0,-8.86928076144421,49.4739319242349,35.281976744186,49.2053019013322,8.69835066119082
"MUT+DMSO","G11",83,2,"Light","1",43,137,3.18604651162791,11.5413455804472,1.76003870073273,0,0,-0.263629341808242,6.63572236506405,35.281976744186,49.2053019013322,8.69835066119082
"MUT+DMSO","G12",84,1,"Light","1",43,690,16.046511627907,78.4871701642929,11.9691812395065,0,0,-7.41308360152583,39.5061068573398,35.281976744186,49.2053019013322,8.69835066119082
"MUT+DMSO","G12",84,2,"Light","1",43,1,0.0232558139534884,0.152498570332605,0.0232558139534884,0,0,-0.0223255813953488,0.0688372093023256,35.281976744186,49.2053019013322,8.69835066119082
"WT+DMSO","H1",85,1,"Light","1",43,2375,55.2325581395349,123.811269048096,18.8810415209002,0,0,18.2257167585705,92.2393995204992,86.938226744186,128.82391521314,22.773066006553
"WT+DMSO","H1",85,2,"Light","1",43,3161,73.5116279069767,302.661713728067,46.1554786379464,0,0,-16.9531102233981,163.976366037352,86.938226744186,128.82391521314,22.773066006553
"WT+DMSO","H2",86,1,"Light","1",43,0,0,0,0,0,0,0,0,86.938226744186,128.82391521314,22.773066006553
"WT+DMSO","H2",86,2,"Light","1",43,3686,85.7209302325581,269.16275175523,41.0469348294623,0,0,5.26893796681202,166.172922498304,86.938226744186,128.82391521314,22.773066006553
"Mut1","H3",87,1,"Light","1",43,827,19.2325581395349,65.5743261350204,9.99999098611456,0,0,-0.367424193249654,38.8325404723194,60.9803779069767,86.4322006520799,15.2791987984905
"Mut1","H3",87,2,"Light","1",43,72,1.67441860465116,7.72047657742077,1.17736164034303,0,0,-0.633210210421173,3.9820474197235,60.9803779069767,86.4322006520799,15.2791987984905
"Mut1","H4",88,1,"Light","1",43,1414,32.8837209302326,160.759537864465,24.5155996916612,0,0,-15.1668544654234,80.9342963258885,60.9803779069767,86.4322006520799,15.2791987984905
"Mut1","H4",88,2,"Light","1",43,11283,262.395348837209,494.252496659392,75.3727991238777,0,288.5,114.664662554409,410.12603512001,60.9803779069767,86.4322006520799,15.2791987984905
"Mut2","H5",89,1,"Light","1",43,4401,102.348837209302,327.374613126987,49.924160465055,0,0,4.49748269779444,200.20019172081,64.1533430232558,130.940108659137,23.1471596905447
"Mut2","H5",89,2,"Light","1",43,0,0,0,0,0,0,0,0,64.1533430232558,130.940108659137,23.1471596905447
"Mut2","H6",90,1,"Light","1",43,23784,553.116279069767,680.056202484917,103.70759862477,284,873.5,349.849385765218,756.383172374317,64.1533430232558,130.940108659137,23.1471596905447
"Mut2","H6",90,2,"Light","1",43,1683,39.1395348837209,170.604329397886,26.0169163257303,0,0,-11.8536211147105,90.1326908821524,64.1533430232558,130.940108659137,23.1471596905447
"Mut3","H7",91,1,"Light","1",43,953,22.1627906976744,99.4513353671648,15.166186461161,0,0,-7.56293476620123,51.8885161615501,66.0327034883721,102.178566021055,18.0627892313513
"Mut3","H7",91,2,"Light","1",43,1,0.0232558139534884,0.152498570332605,0.0232558139534884,0,0,-0.0223255813953488,0.0688372093023256,66.0327034883721,102.178566021055,18.0627892313513
"Mut3","H8",92,1,"Light","1",43,8539,198.581395348837,471.045252732491,71.8337276036653,0,30.5,57.7872892456533,339.375501452021,66.0327034883721,102.178566021055,18.0627892313513
"Mut3","H8",92,2,"Light","1",43,795,18.4883720930233,61.2855813435767,9.34596353689799,0,0,0.170283560703187,36.8064606253433,66.0327034883721,102.178566021055,18.0627892313513
"Mut4","H9",93,1,"Light","1",43,1835,42.6744186046512,142.746982443335,21.768710741902,0,0,0.00774555052328196,85.341091658779,78.7107558139535,146.877909942543,25.9645915317198
"Mut4","H9",93,2,"Light","1",43,1106,25.7209302325581,109.251201493098,16.6606520348168,0,0,-6.93394775568272,58.375808220799,78.7107558139535,146.877909942543,25.9645915317198
"Mut4","H10",94,1,"Light","1",43,156,3.62790697674419,23.7897769718863,3.62790697674419,0,0,-3.48279069767442,10.7386046511628,78.7107558139535,146.877909942543,25.9645915317198
"Mut4","H10",94,2,"Light","1",43,1,0.0232558139534884,0.152498570332605,0.0232558139534884,0,0,-0.0223255813953488,0.0688372093023256,78.7107558139535,146.877909942543,25.9645915317198
"MUT+DMSO","H11",95,1,"Light","1",43,0,0,0,0,0,0,0,0,35.281976744186,49.2053019013322,8.69835066119082
"MUT+DMSO","H11",95,2,"Light","1",43,1871,43.5116279069767,142.46643248633,21.7259272745519,0,0,0.928810448855039,86.0944453650984,35.281976744186,49.2053019013322,8.69835066119082
"MUT+DMSO","H12",96,1,"Light","1",43,423,9.83720930232558,62.5086394914671,9.53247815588492,0,0,-8.84644788320887,28.52086648786,35.281976744186,49.2053019013322,8.69835066119082
"MUT+DMSO","H12",96,2,"Light","1",43,561,13.046511627907,62.3679379963975,9.51102137904315,0,0,-5.59509027501759,31.6881135308315,35.281976744186,49.2053019013322,8.69835066119082
"WT+DMSO","A1",1,1,"Trans 2","1",29,13864,478.068965517241,512.822506960566,95.2287488548459,312,615,291.420617761743,664.717313272739,328.526939655172,220.446193265444,38.9697495361889
"WT+DMSO","A1",1,2,"Trans 2","1",29,7014,241.862068965517,298.854446671898,55.4958775404539,177,302,133.090148986228,350.633988944807,328.526939655172,220.446193265444,38.9697495361889
"WT+DMSO","A2",2,1,"Trans 2","1",29,6055,208.793103448276,346.414427622501,64.3275442867701,0,220,82.7111166462065,334.875090250345,328.526939655172,220.446193265444,38.9697495361889
"WT+DMSO","A2",2,2,"Trans 2","1",29,4087,140.931034482759,185.844583885584,34.510472853007,0,300,73.2905076908649,208.571561274652,328.526939655172,220.446193265444,38.9697495361889
"Mut1","A3",3,1,"Trans 2","1",29,14185,489.137931034483,621.083829408486,115.332371738307,353,609,263.086482427401,715.189379641565,287.927801724138,293.797616691192,51.9365717646969
"Mut1","A3",3,2,"Trans 2","1",29,4119,142.034482758621,143.366284828811,26.6224507444736,140,236,89.8544792994524,194.214486217789,287.927801724138,293.797616691192,51.9365717646969
"Mut1","A4",4,1,"Trans 2","1",29,2044,70.4827586206897,309.930363225775,57.5526236105469,0,0,-42.3203836559822,183.285900897362,287.927801724138,293.797616691192,51.9365717646969
"Mut1","A4",4,2,"Trans 2","1",29,8703,300.103448275862,471.165829529536,87.4932980519584,0,352,128.616584094024,471.590312457701,287.927801724138,293.797616691192,51.9365717646969
"Mut2","A5",5,1,"Trans 2","1",29,11049,381,594.508500479898,110.397457045747,0,541,164.620984190336,597.379015809664,363.511853448276,368.148182187728,65.0800190266107
"Mut2","A5",5,2,"Trans 2","1",29,8914,307.379310344828,390.813749373672,72.5722913541856,136,471,165.137619290624,449.621001399031,363.511853448276,368.148182187728,65.0800190266107
"Mut2","A6",6,1,"Trans 2","1",29,10913,376.310344827586,539.305313968699,100.146482658099,205,493,180.023238817713,572.59745083746,363.511853448276,368.148182187728,65.0800190266107
"Mut2","A6",6,2,"Trans 2","1",29,4716,162.620689655172,260.202450547523,48.3183820489198,14,225,67.9166608392895,257.324718471055,363.511853448276,368.148182187728,65.0800190266107
"Mut3","A7",7,1,"Trans 2","1",29,6132,211.448275862069,506.226980866918,94.0039904064304,0,224,27.2004546654654,395.696097058673,297.859913793103,262.91550864097,46.4773347597851
"Mut3","A7",7,2,"Trans 2","1",29,9387,323.689655172414,589.650629213621,109.495372998135,141,123,109.078724096069,538.300586248758,297.859913793103,262.91550864097,46.4773347597851
"Mut3","A8",8,1,"Trans 2","1",29,15205,524.310344827586,542.387519836949,100.718833919135,424,478,326.901430346082,721.71925930909,297.859913793103,262.91550864097,46.4773347597851
"Mut3","A8",8,2,"Trans 2","1",29,7241,249.689655172414,334.602013426642,62.1340340379827,120,357,127.906948457968,371.47236188686,297.859913793103,262.91550864097,46.4773347597851
"Mut4","A9",9,1,"Trans 2","1",29,22365,771.206896551724,819.371421940988,152.153453289944,543,655,472.986128103435,1069.42766500001,329.32974137931,348.722835563845,61.646070445449
"Mut4","A9",9,2,"Trans 2","1",29,1321,45.551724137931,204.027586756388,37.8869717201753,0,0,-28.7067404336125,119.810188709475,329.32974137931,348.722835563845,61.646070445449
"Mut4","A10",10,1,"Trans 2","1",29,14538,501.310344827586,400.568801246452,74.3837590106362,423,467,355.518177166739,647.102512488433,329.32974137931,348.722835563845,61.646070445449
"Mut4","A10",10,2,"Trans 2","1",29,826,28.4827586206897,152.616143288049,28.3401063391516,0,0,-27.0638498040475,84.0293670454268,329.32974137931,348.722835563845,61.646070445449
"MUT+DMSO","A11",11,1,"Trans 2","1",29,13680,471.724137931034,567.597813883319,105.400267997618,408,629,265.139612655703,678.308663206366,257.989224137931,190.488122828247,33.6738608468373
"MUT+DMSO","A11",11,2,"Trans 2","1",29,6022,207.655172413793,215.998888201846,40.109986590509,119,344,129.039598696396,286.270746131191,257.989224137931,190.488122828247,33.6738608468373
"MUT+DMSO","A12",12,1,"Trans 2","1",29,14410,496.896551724138,626.13892484174,116.271079394303,293,663,269.005236111305,724.787867336971,257.989224137931,190.488122828247,33.6738608468373
"MUT+DMSO","A12",12,2,"Trans 2","1",29,12269,423.068965517241,494.726903816243,91.868479709443,243,389,243.006745286733,603.13118574775,257.989224137931,190.488122828247,33.6738608468373
"WT+DMSO","B1",13,1,"Trans 2","1",29,6966,240.206896551724,229.670475014957,42.6487365271866,242,385,156.615372958438,323.79842014501,328.526939655172,220.446193265444,38.9697495361889
"WT+DMSO","B1",13,2,"Trans 2","1",29,5391,185.896551724138,399.38026498453,74.1630533675429,0,209,40.5369671237539,331.256136324522,328.526939655172,220.446193265444,38.9697495361889
"WT+DMSO","B2",14,1,"Trans 2","1",29,7649,263.758620689655,460.79610110984,85.5676878262587,0,347,96.0459525501882,431.471288829122,328.526939655172,220.446193265444,38.9697495361889
"WT+DMSO","B2",14,2,"Trans 2","1",29,470,16.2068965517241,50.7911545380723,9.43168061835024,0,0,-2.27919746024234,34.6929905636906,328.526939655172,220.446193265444,38.9697495361889
"Mut1","B3",15,1,"Trans 2","1",29,15735,542.586206896552,495.935156853147,92.0928466657344,419,764,362.084227431712,723.088186361391,287.927801724138,293.797616691192,51.9365717646969
"Mut1","B3",15,2,"Trans 2","1",29,929,32.0344827586207,142.240109562925,26.4133252476283,0,0,-19.7356347267307,83.8046002439721,287.927801724138,293.797616691192,51.9365717646969
"Mut1","B4",16,1,"Trans 2","1",29,13482,464.896551724138,425.419485821061,78.9984152866495,403,404,310.059657762305,619.733445685971,287.927801724138,293.797616691192,51.9365717646969
"Mut1","B4",16,2,"Trans 2","1",29,2059,71,126.319040528338,23.4568569491105,0,101,25.0245603797434,116.975439620257,287.927801724138,293.797616691192,51.9365717646969
"Mut2","B5",17,1,"Trans 2","1",29,22384,771.862068965517,582.182146517856,108.108510578275,675,646,559.969388232098,983.754749698937,363.511853448276,368.148182187728,65.0800190266107
"Mut2","B5",17,2,"Trans 2","1",29,7295,251.551724137931,469.303023201648,87.1473836009429,0,253,80.7428522800829,422.360595995779,363.511853448276,368.148182187728,65.0800190266107
"Mut2","B6",18,1,"Trans 2","1",29,444,15.3103448275862,81.8736410784831,15.2035534678555,0,0,-14.4886199694105,45.109309624583,363.511853448276,368.148182187728,65.0800190266107
"Mut2","B6",18,2,"Trans 2","1",29,923,31.8275862068966,89.542515426838,16.6276276834106,0,2,-0.76256405258815,64.4177364663813,363.511853448276,368.148182187728,65.0800190266107
"Mut3","B7",19,1,"Trans 2","1",29,1263,43.551724137931,152.222249689369,28.266962134139,0,0,-11.8515216449814,98.9549699208435,297.859913793103,262.91550864097,46.4773347597851
"Mut3","B7",19,2,"Trans 2","1",29,3002,103.51724137931,174.251177632761,32.357631358265,0,117,40.0962839171109,166.93819884151,297.859913793103,262.91550864097,46.4773347597851
"Mut3","B8",20,1,"Trans 2","1",29,13527,466.448275862069,612.454522288734,113.729949634471,241,738,243.537574578505,689.358977145632,297.859913793103,262.91550864097,46.4773347597851
"Mut3","B8",20,2,"Trans 2","1",29,10794,372.206896551724,334.379529802198,62.0927198661027,310,402,250.505165614163,493.908627489285,297.859913793103,262.91550864097,46.4773347597851
"Mut4","B9",21,1,"Trans 2","1",29,40124,1383.58620689655,730.384953160288,135.62908087653,1341,780,1117.75320837855,1649.41920541455,329.32974137931,348.722835563845,61.646070445449
"Mut4","B9",21,2,"Trans 2","1",29,2291,79,146.58785761447,27.2206817923685,0,139,25.6474636869578,132.352536313042,329.32974137931,348.722835563845,61.646070445449
"Mut4","B10",22,1,"Trans 2","1",29,35160,1212.41379310345,967.432445675569,179.647695163177,1495,1402,860.304310583621,1564.52327562328,329.32974137931,348.722835563845,61.646070445449
"Mut4","B10",22,2,"Trans 2","1",29,5124,176.689655172414,343.702955580654,63.8240365690017,0,242,51.5945434971704,301.784766847657,329.32974137931,348.722835563845,61.646070445449
"MUT+DMSO","B11",23,1,"Trans 2","1",29,7221,249,332.762034235535,61.7923584798514,0,338,127.886977379491,370.113022620509,257.989224137931,190.488122828247,33.6738608468373
"MUT+DMSO","B11",23,2,"Trans 2","1",29,9839,339.275862068966,261.220062748377,48.5073478906906,308,458,244.201460203212,434.350263934719,257.989224137931,190.488122828247,33.6738608468373
"MUT+DMSO","B12",24,1,"Trans 2","1",29,12507,431.275862068966,421.598734119112,78.2889195072654,258,526,277.829579834725,584.722144303206,257.989224137931,190.488122828247,33.6738608468373
"MUT+DMSO","B12",24,2,"Trans 2","1",29,349,12.0344827586207,61.7497731393292,11.466645005464,0,0,-10.4401414520887,34.5091069693301,257.989224137931,190.488122828247,33.6738608468373
"WT+DMSO","C1",25,1,"Trans 2","1",29,15944,549.793103448276,639.147388507888,118.686690453952,331,310,317.16719015853,782.419016738021,328.526939655172,220.446193265444,38.9697495361889
"WT+DMSO","C1",25,2,"Trans 2","1",29,7112,245.241379310345,369.188845905299,68.55664759158,33,317,110.870350030848,379.612408589842,328.526939655172,220.446193265444,38.9697495361889
"WT+DMSO","C2",26,1,"Trans 2","1",29,6191,213.48275862069,463.477432081931,86.0655984878858,0,198,44.7941855844335,382.171331656946,328.526939655172,220.446193265444,38.9697495361889
"WT+DMSO","C2",26,2,"Trans 2","1",29,4,0.137931034482759,0.441113682386046,0.0819127544252014,0,0,-0.0226179641906362,0.298480033156153,328.526939655172,220.446193265444,38.9697495361889
"Mut1","C3",27,1,"Trans 2","1",29,7178,247.51724137931,550.827664304859,102.286129400366,0,176,47.0364277545921,447.998055004029,287.927801724138,293.797616691192,51.9365717646969
"Mut1","C3",27,2,"Trans 2","1",29,9926,342.275862068966,465.675308139521,86.4737338256711,158,392,172.78734377065,511.764380367281,287.927801724138,293.797616691192,51.9365717646969
"Mut1","C4",28,1,"Trans 2","1",29,963,33.2068965517241,104.44047495048,19.3941093153012,0,0,-4.80555770626629,71.2193508097146,287.927801724138,293.797616691192,51.9365717646969
"Mut1","C4",28,2,"Trans 2","1",29,3462,119.379310344828,290.957583284808,54.0294668232502,0,82,13.4815553712573,225.277065318398,287.927801724138,293.797616691192,51.9365717646969
"Mut2","C5",29,1,"Trans 2","1",29,22762,784.896551724138,796.716536113225,147.946546604795,537,1425,494.92132037874,1074.87178306954,363.511853448276,368.148182187728,65.0800190266107
"Mut2","C5",29,2,"Trans 2","1",29,3767,129.896551724138,120.139604754393,22.3093645333244,110,153,86.170197238822,173.622906209454,363.511853448276,368.148182187728,65.0800190266107
"Mut2","C6",30,1,"Trans 2","1",29,3734,128.758620689655,272.848290548379,50.6666555844117,0,36,29.4519757442083,228.065265635102,363.511853448276,368.148182187728,65.0800190266107
"Mut2","C6",30,2,"Trans 2","1",29,6611,227.965517241379,396.096261997602,73.5532293223108,0,296,83.8011877696501,372.129846713109,363.511853448276,368.148182187728,65.0800190266107
"Mut3","C7",31,1,"Trans 2","1",29,9861,340.034482758621,291.124234987478,54.0604132675352,315,297,234.076072754252,445.99289276299,297.859913793103,262.91550864097,46.4773347597851
"Mut3","C7",31,2,"Trans 2","1",29,2145,73.9655172413793,146.345843505479,27.1757409005558,0,38,20.70106507629,127.229969406469,297.859913793103,262.91550864097,46.4773347597851
"Mut3","C8",32,1,"Trans 2","1",29,0,0,0,0,0,0,0,0,297.859913793103,262.91550864097,46.4773347597851
"Mut3","C8",32,2,"Trans 2","1",29,9,0.310344827586207,1.67125804359347,0.310344827586207,0,0,-0.297931034482759,0.918620689655173,297.859913793103,262.91550864097,46.4773347597851
"Mut4","C9",33,1,"Trans 2","1",29,4657,160.586206896552,382.194370635954,70.9717129046089,0,0,21.4816496035182,299.690764189585,329.32974137931,348.722835563845,61.646070445449
"Mut4","C9",33,2,"Trans 2","1",29,2275,78.448275862069,303.62918952081,56.382525028491,0,0,-32.0614731937734,188.958024917911,329.32974137931,348.722835563845,61.646070445449
"Mut4","C10",34,1,"Trans 2","1",29,587,20.2413793103448,51.8243290718157,9.62353631278964,0,0,1.37924813727714,39.1035104834125,329.32974137931,348.722835563845,61.646070445449
"Mut4","C10",34,2,"Trans 2","1",29,1237,42.6551724137931,69.2223518102916,12.854268028823,0,80,17.4608070773001,67.8495377502861,329.32974137931,348.722835563845,61.646070445449
"MUT+DMSO","C11",35,1,"Trans 2","1",29,9620,331.724137931034,491.784788627224,91.3221426344623,0,646,152.732738367488,510.715537494581,257.989224137931,190.488122828247,33.6738608468373
"MUT+DMSO","C11",35,2,"Trans 2","1",29,16,0.551724137931034,1.80448265036491,0.335084015994135,0,0,-0.105040533417471,1.20848880927954,257.989224137931,190.488122828247,33.6738608468373
"MUT+DMSO","C12",36,1,"Trans 2","1",29,8999,310.310344827586,453.202816742624,84.157650317814,1,542,145.361350204671,475.259339450502,257.989224137931,190.488122828247,33.6738608468373
"MUT+DMSO","C12",36,2,"Trans 2","1",29,6666,229.862068965517,214.295144291687,39.793609288945,167,280,151.866594759185,307.857543171849,257.989224137931,190.488122828247,33.6738608468373
"WT+DMSO","D1",37,1,"Trans 2","1",29,11937,411.620689655172,449.694214660926,83.5061192677245,269,607,247.948695890432,575.292683419912,328.526939655172,220.446193265444,38.9697495361889
"WT+DMSO","D1",37,2,"Trans 2","1",29,11990,413.448275862069,449.9453606675,83.552755910347,285,417,249.684874277789,577.211677446349,328.526939655172,220.446193265444,38.9697495361889
"WT+DMSO","D2",38,1,"Trans 2","1",29,19883,685.620689655172,683.92749270002,127.002147045513,639,576,436.696481445966,934.544897864379,328.526939655172,220.446193265444,38.9697495361889
"WT+DMSO","D2",38,2,"Trans 2","1",29,1246,42.9655172413793,97.5270961464486,18.1103271003406,0,0,7.4692761247117,78.4617583580469,328.526939655172,220.446193265444,38.9697495361889
"Mut1","D3",39,1,"Trans 2","1",29,2918,100.620689655172,194.987254856953,36.2082242308768,0,94,29.6525701626538,171.588809147691,287.927801724138,293.797616691192,51.9365717646969
"Mut1","D3",39,2,"Trans 2","1",29,3491,120.379310344828,227.603730479267,42.2649517017061,0,132,37.5400050094837,203.218615680171,287.927801724138,293.797616691192,51.9365717646969
"Mut1","D4",40,1,"Trans 2","1",29,0,0,0,0,0,0,0,0,287.927801724138,293.797616691192,51.9365717646969
"Mut1","D4",40,2,"Trans 2","1",29,2002,69.0344827586207,158.191674595505,29.3754565108064,0,2,11.4585879974402,126.610377519801,287.927801724138,293.797616691192,51.9365717646969
"Mut2","D5",41,1,"Trans 2","1",29,10307,355.413793103448,550.478980865195,102.221380511121,238,424,155.05988730165,555.767698905246,363.511853448276,368.148182187728,65.0800190266107
"Mut2","D5",41,2,"Trans 2","1",29,5705,196.724137931034,293.516961854936,54.5047314923531,101,190,89.8948642060224,303.553411656047,363.511853448276,368.148182187728,65.0800190266107
"Mut2","D6",42,1,"Trans 2","1",29,16845,580.862068965517,554.975078213809,103.056284828749,478,1003,378.871750701169,782.852387229865,363.511853448276,368.148182187728,65.0800190266107
"Mut2","D6",42,2,"Trans 2","1",29,1581,54.5172413793103,141.779663232792,26.3278225106419,0,20,2.9147092584523,106.119773500168,363.511853448276,368.148182187728,65.0800190266107
"Mut3","D7",43,1,"Trans 2","1",29,28257,974.379310344828,537.662893177042,99.8414927737629,971,622,778.689984508252,1170.0686361814,297.859913793103,262.91550864097,46.4773347597851
"Mut3","D7",43,2,"Trans 2","1",29,7345,253.275862068966,276.209793008312,51.290870920492,180,312,152.745755064801,353.80596907313,297.859913793103,262.91550864097,46.4773347597851
"Mut3","D8",44,1,"Trans 2","1",29,7234,249.448275862069,246.949327683535,45.8573389167896,274,340,159.567891585161,339.328660138976,297.859913793103,262.91550864097,46.4773347597851
"Mut3","D8",44,2,"Trans 2","1",29,4283,147.689655172414,214.297040751563,39.7939614527029,0,249,69.6934907251162,225.685819619711,297.859913793103,262.91550864097,46.4773347597851
"Mut4","D9",45,1,"Trans 2","1",29,29858,1029.58620689655,786.373435336517,146.025881008265,995,1212,743.375480120353,1315.79693367275,329.32974137931,348.722835563845,61.646070445449
"Mut4","D9",45,2,"Trans 2","1",29,1483,51.1379310344828,169.481504287537,31.4719252534297,0,0,-10.5470424622394,112.822904531205,329.32974137931,348.722835563845,61.646070445449
"Mut4","D10",46,1,"Trans 2","1",29,12201,420.724137931034,385.048781376346,71.5017636723422,339,296,280.580681133244,560.867594728825,329.32974137931,348.722835563845,61.646070445449
"Mut4","D10",46,2,"Trans 2","1",29,1183,40.7931034482759,103.80764467801,19.2765956838464,0,0,3.01097590793697,78.5752309886148,329.32974137931,348.722835563845,61.646070445449
"MUT+DMSO","D11",47,1,"Trans 2","1",29,16302,562.137931034483,630.437757443074,117.069352567974,327,870,332.682000001254,791.593862067711,257.989224137931,190.488122828247,33.6738608468373
"MUT+DMSO","D11",47,2,"Trans 2","1",29,1984,68.4137931034483,127.693695235731,23.7121239198764,0,106,21.9380302204905,114.889555986406,257.989224137931,190.488122828247,33.6738608468373
"MUT+DMSO","D12",48,1,"Trans 2","1",29,19094,658.413793103448,690.237046095728,128.173801697076,558,1118,407.19314177718,909.634444429716,257.989224137931,190.488122828247,33.6738608468373
"MUT+DMSO","D12",48,2,"Trans 2","1",29,2717,93.6896551724138,193.666152999779,35.9629017747427,0,44,23.2023676939181,164.17694265091,257.989224137931,190.488122828247,33.6738608468373
"WT+DMSO","E1",49,1,"Trans 2","1",29,26280,906.206896551724,693.763719519958,128.828688511228,828,912,653.702667069717,1158.71112603373,328.526939655172,220.446193265444,38.9697495361889
"WT+DMSO","E1",49,2,"Trans 2","1",29,11952,412.137931034483,374.824218242739,69.6031099635346,237,581,275.715835505955,548.560026563011,328.526939655172,220.446193265444,38.9697495361889
"WT+DMSO","E2",50,1,"Trans 2","1",29,14072,485.241379310345,571.685643837116,106.159358963299,337,923,277.169035742279,693.313722878411,328.526939655172,220.446193265444,38.9697495361889
"WT+DMSO","E2",50,2,"Trans 2","1",29,780,26.8965517241379,68.6337822002642,12.7449733960482,0,1,1.9164038678835,51.8766995803924,328.526939655172,220.446193265444,38.9697495361889
"Mut1","E3",51,1,"Trans 2","1",29,16664,574.620689655172,562.686185935255,104.488201584803,614,833,369.823814548959,779.417564761386,287.927801724138,293.797616691192,51.9365717646969
"Mut1","E3",51,2,"Trans 2","1",29,4941,170.379310344828,499.976100414031,92.8432310468272,0,0,-11.5934225069537,352.352043196609,287.927801724138,293.797616691192,51.9365717646969
"Mut1","E4",52,1,"Trans 2","1",29,15155,522.586206896552,464.448099302616,86.2458468656883,424,385,353.544347039803,691.628066753301,287.927801724138,293.797616691192,51.9365717646969
"Mut1","E4",52,2,"Trans 2","1",29,1899,65.4827586206897,148.691824323631,27.6113786019395,0,0,11.3644565608882,119.601060680491,287.927801724138,293.797616691192,51.9365717646969
"Mut2","E5",53,1,"Trans 2","1",29,15333,528.724137931035,550.830016335849,102.286566161556,358,903,328.242468254384,729.205807607685,363.511853448276,368.148182187728,65.0800190266107
"Mut2","E5",53,2,"Trans 2","1",29,4056,139.862068965517,378.211554947184,70.2321225983859,0,36,2.20710867268087,277.517029258354,363.511853448276,368.148182187728,65.0800190266107
"Mut2","E6",54,1,"Trans 2","1",29,27254,939.793103448276,763.2717817448,141.736011632102,910,1473,661.990520649357,1217.59568624719,363.511853448276,368.148182187728,65.0800190266107
"Mut2","E6",54,2,"Trans 2","1",29,7511,259,188.995086859799,35.0955065682316,271,263,190.212807126266,327.787192873734,363.511853448276,368.148182187728,65.0800190266107
"Mut3","E7",55,1,"Trans 2","1",29,13381,461.413793103448,349.262541163662,64.8564256939627,457,626,334.295198743281,588.532387463615,297.859913793103,262.91550864097,46.4773347597851
"Mut3","E7",55,2,"Trans 2","1",29,2785,96.0344827586207,181.873284529685,33.773021076111,1,150,29.8393614494431,162.229604067798,297.859913793103,262.91550864097,46.4773347597851
"Mut3","E8",56,1,"Trans 2","1",29,17766,612.620689655172,581.978854168695,108.070760136749,478,791,400.801999787144,824.439379523201,297.859913793103,262.91550864097,46.4773347597851
"Mut3","E8",56,2,"Trans 2","1",29,4926,169.862068965517,249.855204373872,46.3969466715026,93,186,78.9240534893722,260.800084441662,297.859913793103,262.91550864097,46.4773347597851
"Mut4","E9",57,1,"Trans 2","1",29,1511,52.1034482758621,168.748829589081,31.3358709775261,0,0,-9.3148588400891,113.521755391813,329.32974137931,348.722835563845,61.646070445449
"Mut4","E9",57,2,"Trans 2","1",29,3340,115.172413793103,238.203854617594,44.2333453382914,0,157,28.4750569300523,201.869770656155,329.32974137931,348.722835563845,61.646070445449
"Mut4","E10",58,1,"Trans 2","1",29,10214,352.206896551724,328.67454368269,61.0333305393454,291,526,232.581568694607,471.832224408841,329.32974137931,348.722835563845,61.646070445449
"Mut4","E10",58,2,"Trans 2","1",29,1813,62.5172413793103,118.521734200241,22.0089335136444,0,111,19.3797316925674,105.654751066053,329.32974137931,348.722835563845,61.646070445449
"MUT+DMSO","E11",59,1,"Trans 2","1",29,8192,282.48275862069,305.836980466211,56.7925015147215,191,435,171.169455651836,393.796061589544,257.989224137931,190.488122828247,33.6738608468373
"MUT+DMSO","E11",59,2,"Trans 2","1",29,1956,67.448275862069,198.663316443909,36.8908517304263,0,0,-4.85779352956658,139.754345253705,257.989224137931,190.488122828247,33.6738608468373
"MUT+DMSO","E12",60,1,"Trans 2","1",29,625,21.551724137931,116.059586360657,21.551724137931,0,0,-20.6896551724138,63.7931034482759,257.989224137931,190.488122828247,33.6738608468373
"MUT+DMSO","E12",60,2,"Trans 2","1",29,3866,133.310344827586,159.983504383661,29.7081909492738,2,266,75.0822905670096,191.538399088163,257.989224137931,190.488122828247,33.6738608468373
"WT+DMSO","F1",61,1,"Trans 2","1",29,15107,520.931034482759,427.408547530888,79.3677747735107,397,699,365.370195926678,676.49187303884,328.526939655172,220.446193265444,38.9697495361889
"WT+DMSO","F1",61,2,"Trans 2","1",29,3452,119.034482758621,191.124582174377,35.4909439208186,0,234,49.4722326738162,188.596732843425,328.526939655172,220.446193265444,38.9697495361889
"WT+DMSO","F2",62,1,"Trans 2","1",29,5891,203.137931034483,327.542660704344,60.8231451469045,0,504,83.92456654655,322.351295522416,328.526939655172,220.446193265444,38.9697495361889
"WT+DMSO","F2",62,2,"Trans 2","1",29,4888,168.551724137931,188.383648480377,34.9819653115905,179,253,99.9870721272136,237.116376148648,328.526939655172,220.446193265444,38.9697495361889
"Mut1","F3",63,1,"Trans 2","1",29,3769,129.965517241379,287.711224613279,53.4266331518966,0,57,25.2493162636619,234.681718219097,287.927801724138,293.797616691192,51.9365717646969
"Mut1","F3",63,2,"Trans 2","1",29,2735,94.3103448275862,355.318680246367,65.9810224889728,0,1,-35.0124592508005,223.633148905973,287.927801724138,293.797616691192,51.9365717646969
"Mut1","F4",64,1,"Trans 2","1",29,8220,283.448275862069,473.936447382595,88.0077888711416,43,406,110.953009674631,455.943542049506,287.927801724138,293.797616691192,51.9365717646969
"Mut1","F4",64,2,"Trans 2","1",29,0,0,0,0,0,0,0,0,287.927801724138,293.797616691192,51.9365717646969
"Mut2","F5",65,1,"Trans 2","1",29,21,0.724137931034483,2.86476814973291,0.531974090363501,0,0,-0.318531286077978,1.76680714814694,363.511853448276,368.148182187728,65.0800190266107
"Mut2","F5",65,2,"Trans 2","1",29,1493,51.4827586206897,217.248314261034,40.3419991850972,0,0,-27.5875597821008,130.55307702348,363.511853448276,368.148182187728,65.0800190266107
"Mut2","F6",66,1,"Trans 2","1",29,6294,217.034482758621,291.690820017975,54.1656254663794,39,377,110.869856844517,323.199108672724,363.511853448276,368.148182187728,65.0800190266107
"Mut2","F6",66,2,"Trans 2","1",29,1402,48.3448275862069,234.524332557576,43.5500752450264,0,0,-37.0133198940448,133.702975066459,363.511853448276,368.148182187728,65.0800190266107
"Mut3","F7",67,1,"Trans 2","1",29,11455,395,363.693257724536,67.5361424858714,339,511,262.629160727692,527.370839272308,297.859913793103,262.91550864097,46.4773347597851
"Mut3","F7",67,2,"Trans 2","1",29,7021,242.103448275862,191.851569267864,35.625942034994,232,326,172.276601887274,311.93029466445,297.859913793103,262.91550864097,46.4773347597851
"Mut3","F8",68,1,"Trans 2","1",29,6526,225.034482758621,275.510627583275,51.161039160448,207,297,124.758846004143,325.310119513099,297.859913793103,262.91550864097,46.4773347597851
"Mut3","F8",68,2,"Trans 2","1",29,5269,181.689655172414,185.016235474519,34.3566524146858,136,172,114.35061643963,249.028693905198,297.859913793103,262.91550864097,46.4773347597851
"Mut4","F9",69,1,"Trans 2","1",29,15919,548.931034482759,576.671541262843,107.085216871885,487,952,339.044009413863,758.818059551654,329.32974137931,348.722835563845,61.646070445449
"Mut4","F9",69,2,"Trans 2","1",29,4169,143.758620689655,208.441093969429,38.7065394346478,0,365,67.8938033977455,219.623437981565,329.32974137931,348.722835563845,61.646070445449
"Mut4","F10",70,1,"Trans 2","1",29,14262,491.793103448276,611.094532043608,113.477405785985,328,288,269.377388107745,714.208818788807,329.32974137931,348.722835563845,61.646070445449
"Mut4","F10",70,2,"Trans 2","1",29,4860,167.586206896552,626.155019443575,116.274068086833,0,1,-60.3109665536414,395.483380346745,329.32974137931,348.722835563845,61.646070445449
"MUT+DMSO","F11",71,1,"Trans 2","1",29,3018,104.068965517241,168.923256251065,31.3682611955104,0,222,42.5871735740411,165.550757460442,257.989224137931,190.488122828247,33.6738608468373
"MUT+DMSO","F11",71,2,"Trans 2","1",29,2680,92.4137931034483,289.125592735033,53.6892747185725,0,0,-12.8171853449539,197.64477155185,257.989224137931,190.488122828247,33.6738608468373
"MUT+DMSO","F12",72,1,"Trans 2","1",29,9094,313.586206896552,478.567245404848,88.8677064759135,0,739,139.405502203761,487.766911589342,257.989224137931,190.488122828247,33.6738608468373
"MUT+DMSO","F12",72,2,"Trans 2","1",29,2819,97.2068965517241,132.107201953118,24.5316915423082,61,151,49.1247811288,145.289011974648,257.989224137931,190.488122828247,33.6738608468373
"WT+DMSO","G1",73,1,"Trans 2","1",29,21871,754.172413793103,619.726787092824,115.08037530658,585,773,528.614878192207,979.729949394,328.526939655172,220.446193265444,38.9697495361889
"WT+DMSO","G1",73,2,"Trans 2","1",29,10173,350.793103448276,369.714984752767,68.6543491227887,285,423,216.23057916761,485.355627728942,328.526939655172,220.446193265444,38.9697495361889
"WT+DMSO","G2",74,1,"Trans 2","1",29,14939,515.137931034483,565.18516081887,104.952249570912,343,870,309.431521875496,720.844340193469,328.526939655172,220.446193265444,38.9697495361889
"WT+DMSO","G2",74,2,"Trans 2","1",29,5704,196.689655172414,220.144612121908,40.8798281958337,177,345,116.56519190858,276.814118436248,328.526939655172,220.446193265444,38.9697495361889
"Mut1","G3",75,1,"Trans 2","1",29,21598,744.758620689655,673.226593947409,125.015040032849,665,787,499.729142225271,989.788099154039,287.927801724138,293.797616691192,51.9365717646969
"Mut1","G3",75,2,"Trans 2","1",29,3842,132.48275862069,378.341363311122,70.2562274064256,0,1,-5.21944709590454,270.184964337284,287.927801724138,293.797616691192,51.9365717646969
"Mut1","G4",76,1,"Trans 2","1",29,39770,1371.37931034483,1037.12733113404,192.589710487599,1632,1693,993.903477789133,1748.85514290052,287.927801724138,293.797616691192,51.9365717646969
"Mut1","G4",76,2,"Trans 2","1",29,10746,370.551724137931,332.572933591469,61.757243371802,331,554,249.507527129199,491.595921146663,287.927801724138,293.797616691192,51.9365717646969
"Mut2","G5",77,1,"Trans 2","1",29,46825,1614.65517241379,1081.57164995674,200.842813301429,1703,1055,1221.00325834299,2008.30708648459,363.511853448276,368.148182187728,65.0800190266107
"Mut2","G5",77,2,"Trans 2","1",29,142,4.89655172413793,18.4203785202038,3.42057841865855,0,0,-1.80778197643283,11.6008854247087,363.511853448276,368.148182187728,65.0800190266107
"Mut2","G6",78,1,"Trans 2","1",29,22996,792.965517241379,636.931790627011,118.275264256198,616,836,561.145999299231,1024.78503518353,363.511853448276,368.148182187728,65.0800190266107
"Mut2","G6",78,2,"Trans 2","1",29,4569,157.551724137931,288.318596868972,53.5394193483168,0,212,52.6144622152301,262.488986060632,363.511853448276,368.148182187728,65.0800190266107
"Mut3","G7",79,1,"Trans 2","1",29,29701,1024.1724137931,667.07576507821,123.872859785914,1039,930,781.381608612712,1266.96321897349,297.859913793103,262.91550864097,46.4773347597851
"Mut3","G7",79,2,"Trans 2","1",29,7,0.241379310344828,0.739457929538017,0.137313890293265,0,0,-0.027755914629971,0.510514535319626,297.859913793103,262.91550864097,46.4773347597851
"Mut3","G8",80,1,"Trans 2","1",29,21739,749.620689655172,635.485383320335,118.006673162243,642,1054,518.327610257176,980.913769053169,297.859913793103,262.91550864097,46.4773347597851
"Mut3","G8",80,2,"Trans 2","1",29,5,0.172413793103448,0.46820062223378,0.0869426728804078,0,0,0.00200615425784892,0.342821431949048,297.859913793103,262.91550864097,46.4773347597851
"Mut4","G9",81,1,"Trans 2","1",29,12149,418.931034482759,398.996592451837,74.0918071668352,264,565,273.711092435762,564.150976529756,329.32974137931,348.722835563845,61.646070445449
"Mut4","G9",81,2,"Trans 2","1",29,8181,282.103448275862,418.931152273053,77.7935619942465,165,293,129.628066767139,434.578829784585,329.32974137931,348.722835563845,61.646070445449
"Mut4","G10",82,1,"Trans 2","1",29,14922,514.551724137931,348.537207094256,64.721734538653,478,323,387.697124442171,641.406323833691,329.32974137931,348.722835563845,61.646070445449
"Mut4","G10",82,2,"Trans 2","1",29,6803,234.586206896552,208.101197436209,38.6434222329664,189,365,158.845099319938,310.327314473166,329.32974137931,348.722835563845,61.646070445449
"MUT+DMSO","G11",83,1,"Trans 2","1",29,19849,684.448275862069,526.562612353995,97.7802223724671,672,610,492.799040012034,876.097511712104,257.989224137931,190.488122828247,33.6738608468373
"MUT+DMSO","G11",83,2,"Trans 2","1",29,3420,117.931034482759,281.641861112716,52.2995806441401,2,169,15.423856420244,220.438212545273,257.989224137931,190.488122828247,33.6738608468373
"MUT+DMSO","G12",84,1,"Trans 2","1",29,15848,546.48275862069,638.520814108092,118.570338508889,432,804,314.084895143268,778.880622098112,257.989224137931,190.488122828247,33.6738608468373
"MUT+DMSO","G12",84,2,"Trans 2","1",29,6006,207.103448275862,171.781702174505,31.8990612779244,195,270,144.58128817113,269.625608380594,257.989224137931,190.488122828247,33.6738608468373
"WT+DMSO","H1",85,1,"Trans 2","1",29,16004,551.862068965517,502.628002470013,93.3356768959251,448,648,368.924142249504,734.79999568153,328.526939655172,220.446193265444,38.9697495361889
"WT+DMSO","H1",85,2,"Trans 2","1",29,10519,362.724137931034,460.971791556531,85.6003127231714,110,582,194.947524993619,530.50075086845,328.526939655172,220.446193265444,38.9697495361889
"WT+DMSO","H2",86,1,"Trans 2","1",29,12394,427.379310344828,416.437048388992,77.3304185300473,305,362,275.811690025935,578.94693066372,328.526939655172,220.446193265444,38.9697495361889
"WT+DMSO","H2",86,2,"Trans 2","1",29,5044,173.931034482759,431.35988712066,80.1015201148859,0,2,16.9320550575822,330.930013907935,328.526939655172,220.446193265444,38.9697495361889
"Mut1","H3",87,1,"Trans 2","1",29,20904,720.827586206897,634.217801083999,117.771289050199,595,569,489.995859668506,951.659312745287,287.927801724138,293.797616691192,51.9365717646969
"Mut1","H3",87,2,"Trans 2","1",29,11799,406.862068965517,473.123339713104,87.856798567481,442,616,234.662743773255,579.06139415778,287.927801724138,293.797616691192,51.9365717646969
"Mut1","H4",88,1,"Trans 2","1",29,13483,464.931034482759,508.634862789919,94.4511228544125,332,576,279.80683368811,650.055235277407,287.927801724138,293.797616691192,51.9365717646969
"Mut1","H4",88,2,"Trans 2","1",29,476,16.4137931034483,58.3624862643433,10.8376416237108,0,0,-4.82798447902485,37.6555706859214,287.927801724138,293.797616691192,51.9365717646969
"Mut2","H5",89,1,"Trans 2","1",29,28580,985.51724137931,945.264347784321,175.53118272852,1029,1704,641.476123231411,1329.55835952721,363.511853448276,368.148182187728,65.0800190266107
"Mut2","H5",89,2,"Trans 2","1",29,4993,172.172413793103,287.418692722148,53.3723113434454,0,311,67.5626835599505,276.782144026256,363.511853448276,368.148182187728,65.0800190266107
"Mut2","H6",90,1,"Trans 2","1",29,21313,734.931034482759,561.106237141957,104.194812459329,628,547,530.709202062474,939.152866903043,363.511853448276,368.148182187728,65.0800190266107
"Mut2","H6",90,2,"Trans 2","1",29,6607,227.827586206897,317.169633405658,58.8969223347553,35,409,112.389618430776,343.265553983017,363.511853448276,368.148182187728,65.0800190266107
"Mut3","H7",91,1,"Trans 2","1",29,9776,337.103448275862,298.435964036746,55.418167265998,368,546,228.483840434506,445.723056117218,297.859913793103,262.91550864097,46.4773347597851
"Mut3","H7",91,2,"Trans 2","1",29,96,3.31034482758621,17.6354015877882,3.27481186173244,0,0,-3.10828642140938,9.72897607658179,297.859913793103,262.91550864097,46.4773347597851
"Mut3","H8",92,1,"Trans 2","1",29,12587,434.034482758621,254.56468203563,47.27147471854,463,295,341.382392310282,526.686573206959,297.859913793103,262.91550864097,46.4773347597851
"Mut3","H8",92,2,"Trans 2","1",29,7689,265.137931034483,302.189241103027,56.1151333200933,155,284,155.1522697271,375.123592341866,297.859913793103,262.91550864097,46.4773347597851
"Mut4","H9",93,1,"Trans 2","1",29,12070,416.206896551724,437.488724696367,81.2396166811389,270,430,256.977247856692,575.436545246756,329.32974137931,348.722835563845,61.646070445449
"Mut4","H9",93,2,"Trans 2","1",29,4649,160.310344827586,181.038493035573,33.6180041873045,135,255,94.4190566204693,226.201633034703,329.32974137931,348.722835563845,61.646070445449
"Mut4","H10",94,1,"Trans 2","1",29,11931,411.413793103448,293.474934101386,54.4969271344449,427,501,304.599815919936,518.22777028696,329.32974137931,348.722835563845,61.646070445449
"Mut4","H10",94,2,"Trans 2","1",29,3595,123.965517241379,96.9150890354986,17.996680232906,121,151,88.6920239848835,159.239010497875,329.32974137931,348.722835563845,61.646070445449
"MUT+DMSO","H11",95,1,"Trans 2","1",29,4502,155.241379310345,319.953417945757,59.413858146341,0,0,38.7902173435164,271.692541277173,257.989224137931,190.488122828247,33.6738608468373
"MUT+DMSO","H11",95,2,"Trans 2","1",29,4732,163.172413793103,261.766808570081,48.6088760409488,0,235,67.8990167528437,258.445810833363,257.989224137931,190.488122828247,33.6738608468373
"MUT+DMSO","H12",96,1,"Trans 2","1",29,5634,194.275862068966,251.315097686397,46.6680420538743,127,297,102.806499643372,285.745224494559,257.989224137931,190.488122828247,33.6738608468373
"MUT+DMSO","H12",96,2,"Trans 2","1",29,5478,188.896551724138,230.962635324972,42.8886846729338,108,262,104.834729765188,272.958373683088,257.989224137931,190.488122828247,33.6738608468373
"WT+DMSO","A1",1,1,"600Hz","2",30,13088,436.266666666667,332.32036198299,60.6731195254554,462,503.75,317.347352396774,555.185980936559,319.597916666667,234.000945060969,41.3659137641679
"WT+DMSO","A1",1,2,"600Hz","2",30,5667,188.9,200.509583570083,36.607873972434,173,228.5,117.148567014029,260.651432985971,319.597916666667,234.000945060969,41.3659137641679
"WT+DMSO","A2",2,1,"600Hz","2",30,4318,143.933333333333,237.780387424359,43.4125606415463,0,234.25,58.8447144759025,229.021952190764,319.597916666667,234.000945060969,41.3659137641679
"WT+DMSO","A2",2,2,"600Hz","2",30,7403,246.766666666667,294.825685884848,53.827559563688,173.5,408,141.264649921838,352.268683411495,319.597916666667,234.000945060969,41.3659137641679
"Mut1","A3",3,1,"600Hz","2",30,11513,383.766666666667,386.803584062607,70.6203494383118,312.5,564.5,245.350781767575,522.182551565758,273.171875,357.773440867149,63.2460065414013
"Mut1","A3",3,2,"600Hz","2",30,5118,170.6,247.675761346606,45.219200478934,46.5,234.5,81.9703670612894,259.229632938711,273.171875,357.773440867149,63.2460065414013
"Mut1","A4",4,1,"600Hz","2",30,1995,66.5,133.152168589175,24.3101487723406,0,0,18.8521084062124,114.147891593788,273.171875,357.773440867149,63.2460065414013
"Mut1","A4",4,2,"600Hz","2",30,8247,274.9,323.673244129813,59.0943790235916,216,307.25,159.07501711376,390.72498288624,273.171875,357.773440867149,63.2460065414013
"Mut2","A5",5,1,"600Hz","2",30,3214,107.133333333333,250.603510630298,45.7537319207333,0,0,17.4560187686961,196.810647897971,459.121875,496.68994126092,87.8032064031861
"Mut2","A5",5,2,"600Hz","2",30,9214,307.133333333333,258.500147846731,47.1954540313583,270,190.75,214.630243431871,399.636423234796,459.121875,496.68994126092,87.8032064031861
"Mut2","A6",6,1,"600Hz","2",30,6050,201.666666666667,596.790746746545,108.958584701145,0,203.5,-11.8921593475779,415.225492680911,459.121875,496.68994126092,87.8032064031861
"Mut2","A6",6,2,"600Hz","2",30,6290,209.666666666667,314.667348528386,57.4501349664458,53.5,292.75,97.064402132433,322.2689312009,459.121875,496.68994126092,87.8032064031861
"Mut3","A7",7,1,"600Hz","2",30,7647,254.9,253.31054268325,46.2479660938305,248,388,164.253986456092,345.546013543908,367.964583333333,315.695357320174,55.8075819875514
"Mut3","A7",7,2,"600Hz","2",30,14640,488,482.95355670192,88.1748524109973,343.5,399,315.177289274445,660.822710725555,367.964583333333,315.695357320174,55.8075819875514
"Mut3","A8",8,1,"600Hz","2",30,13011,433.7,385.065345999423,70.3029920391385,306.5,303.25,295.906135603288,571.493864396712,367.964583333333,315.695357320174,55.8075819875514
"Mut3","A8",8,2,"600Hz","2",30,14031,467.7,199.037537613663,36.3391163804287,433,215,396.47533189436,538.92466810564,367.964583333333,315.695357320174,55.8075819875514
"Mut4","A9",9,1,"600Hz","2",30,24049,801.633333333333,876.070910503188,159.947933218895,539.5,414.75,488.135384224299,1115.13128244237,326.261458333333,377.111237034176,66.6644782421283
"Mut4","A9",9,2,"600Hz","2",30,1142,38.0666666666667,82.4658480339226,15.0561350639908,0,1,8.55664194124465,67.5766913920887,326.261458333333,377.111237034176,66.6644782421283
"Mut4","A10",10,1,"600Hz","2",30,13717,457.233333333333,272.662439193825,49.7811228436129,390,275.75,359.662332559852,554.804334106815,326.261458333333,377.111237034176,66.6644782421283
"Mut4","A10",10,2,"600Hz","2",30,1343,44.7666666666667,120.627292426552,22.0234297042649,0,0,1.60074444630747,87.9325888870259,326.261458333333,377.111237034176,66.6644782421283
"MUT+DMSO","A11",11,1,"600Hz","2",30,15973,532.433333333333,597.155364947061,109.025154572245,287,785.25,318.744030371733,746.122636294933,277.6,269.085428467652,47.5680327969912
"MUT+DMSO","A11",11,2,"600Hz","2",30,6933,231.1,177.315878278442,32.3733021123143,209,132.75,167.648327859864,294.551672140136,277.6,269.085428467652,47.5680327969912
"MUT+DMSO","A12",12,1,"600Hz","2",30,4546,151.533333333333,281.788589540816,51.447322313023,0,206,50.6965815998082,252.370085066858,277.6,269.085428467652,47.5680327969912
"MUT+DMSO","A12",12,2,"600Hz","2",30,13882,462.733333333333,476.81022996817,87.0532395342641,311.5,307.75,292.108983846176,633.357682820491,277.6,269.085428467652,47.5680327969912
"WT+DMSO","B1",13,1,"600Hz","2",30,11690,389.666666666667,389.939193609265,71.1928307983896,274,419.75,250.128718301823,529.20461503151,319.597916666667,234.000945060969,41.3659137641679
"WT+DMSO","B1",13,2,"600Hz","2",30,4953,165.1,283.257936553752,51.7155871476191,0.5,331.25,63.7374491906665,266.462550809333,319.597916666667,234.000945060969,41.3659137641679
"WT+DMSO","B2",14,1,"600Hz","2",30,7197,239.9,302.637640387494,55.2538207967891,170.5,153,131.602511238293,348.197488761707,319.597916666667,234.000945060969,41.3659137641679
"WT+DMSO","B2",14,2,"600Hz","2",30,4520,150.666666666667,250.006804505099,45.6447887857422,69.5,207.25,61.2028806466119,240.130452686721,319.597916666667,234.000945060969,41.3659137641679
"Mut1","B3",15,1,"600Hz","2",30,16182,539.4,306.88429808935,56.0291508692255,449.5,511.5,429.582864296318,649.217135703682,273.171875,357.773440867149,63.2460065414013
"Mut1","B3",15,2,"600Hz","2",30,13,0.433333333333333,1.1351236704106,0.207244279947315,0,0,0.0271345446365953,0.839532122030071,273.171875,357.773440867149,63.2460065414013
"Mut1","B4",16,1,"600Hz","2",30,9532,317.733333333333,304.651630706212,55.6215234395086,225.5,164.25,208.715147391897,426.75151927477,273.171875,357.773440867149,63.2460065414013
"Mut1","B4",16,2,"600Hz","2",30,7405,246.833333333333,277.703027106958,50.7014040779832,140,404.5,147.458581340486,346.20808532618,273.171875,357.773440867149,63.2460065414013
"Mut2","B5",17,1,"600Hz","2",30,32713,1090.43333333333,691.193055686966,126.194009396892,990,993.25,843.093074915425,1337.77359175124,459.121875,496.68994126092,87.8032064031861
"Mut2","B5",17,2,"600Hz","2",30,7851,261.7,279.129329807207,50.9618101322355,241.5,388.75,161.814852140818,361.585147859182,459.121875,496.68994126092,87.8032064031861
"Mut2","B6",18,1,"600Hz","2",30,14690,489.666666666667,358.820994016691,65.5114508431227,496,517.25,361.264223014146,618.069110319187,459.121875,496.68994126092,87.8032064031861
"Mut2","B6",18,2,"600Hz","2",30,498,16.6,89.6035713573962,16.3592990884899,0,0,-15.4642262134402,48.6642262134402,459.121875,496.68994126092,87.8032064031861
"Mut3","B7",19,1,"600Hz","2",30,6345,211.5,217.937313037013,39.7897274908123,175,337.25,133.512134118008,289.487865881992,367.964583333333,315.695357320174,55.8075819875514
"Mut3","B7",19,2,"600Hz","2",30,2668,88.9333333333333,127.59227447517,23.2950556311471,7.5,175,43.275024296285,134.591642370382,367.964583333333,315.695357320174,55.8075819875514
"Mut3","B8",20,1,"600Hz","2",30,7111,237.033333333333,492.993493930165,90.0078857762791,0,87,60.6178772118263,413.44878945484,367.964583333333,315.695357320174,55.8075819875514
"Mut3","B8",20,2,"600Hz","2",30,10211,340.366666666667,297.866029053949,54.3826477424456,265.5,222,233.776677091473,446.95665624186,367.964583333333,315.695357320174,55.8075819875514
"Mut4","B9",21,1,"600Hz","2",30,43884,1462.8,551.843830982193,100.752438149672,1515.5,494,1265.32522122664,1660.27477877336,326.261458333333,377.111237034176,66.6644782421283
"Mut4","B9",21,2,"600Hz","2",30,4464,148.8,186.040299675765,33.9661562458124,106.5,202.5,82.2263337582077,215.373666241792,326.261458333333,377.111237034176,66.6644782421283
"Mut4","B10",22,1,"600Hz","2",30,18395,613.166666666667,807.855956917096,147.493643606138,340,505,324.079125198635,902.254208134698,326.261458333333,377.111237034176,66.6644782421283
"Mut4","B10",22,2,"600Hz","2",30,7280,242.666666666667,242.594501079524,44.2914935226555,192.5,243.75,155.855339362262,329.477993971071,326.261458333333,377.111237034176,66.6644782421283
"MUT+DMSO","B11",23,1,"600Hz","2",30,3124,104.133333333333,171.883828717866,31.3815500863765,0,121.25,42.6254951640355,165.641171502631,277.6,269.085428467652,47.5680327969912
"MUT+DMSO","B11",23,2,"600Hz","2",30,10296,343.2,241.246247067468,44.0453371441056,326.5,349,256.871139197553,429.528860802447,277.6,269.085428467652,47.5680327969912
"MUT+DMSO","B12",24,1,"600Hz","2",30,15685,522.833333333333,313.979472570107,57.3245465734073,482.5,242,410.477222049455,635.189444617212,277.6,269.085428467652,47.5680327969912
"MUT+DMSO","B12",24,2,"600Hz","2",30,1096,36.5333333333333,167.580908577141,30.5959479449704,0,0.75,-23.4347246388087,96.5013913054754,277.6,269.085428467652,47.5680327969912
"WT+DMSO","C1",25,1,"600Hz","2",30,15500,516.666666666667,399.598793044097,72.9564243006968,473.5,435,373.672075037301,659.661258296032,319.597916666667,234.000945060969,41.3659137641679
"WT+DMSO","C1",25,2,"600Hz","2",30,8823,294.1,181.318418715577,33.1040626738961,285.5,195.25,229.216037159164,358.983962840836,319.597916666667,234.000945060969,41.3659137641679
"WT+DMSO","C2",26,1,"600Hz","2",30,982,32.7333333333333,105.751150098363,19.3074301303293,0,0,-5.1092297221121,70.5758963887788,319.597916666667,234.000945060969,41.3659137641679
"WT+DMSO","C2",26,2,"600Hz","2",30,5079,169.3,332.761812920189,60.7537170709006,0.5,142.5,50.2227145410349,288.377285458965,319.597916666667,234.000945060969,41.3659137641679
"Mut1","C3",27,1,"600Hz","2",30,0,0,0,0,0,0,0,0,273.171875,357.773440867149,63.2460065414013
"Mut1","C3",27,2,"600Hz","2",30,8524,284.133333333333,465.639177559364,85.0136937358057,147,257.25,117.506493611154,450.760173055512,273.171875,357.773440867149,63.2460065414013
"Mut1","C4",28,1,"600Hz","2",30,261,8.7,29.5333242520938,5.39202263032872,0,0.75,-1.86836435544429,19.2683643554443,273.171875,357.773440867149,63.2460065414013
"Mut1","C4",28,2,"600Hz","2",30,9226,307.533333333333,166.868259689954,30.465836654606,293.5,198.25,247.820293490306,367.246373176361,273.171875,357.773440867149,63.2460065414013
"Mut2","C5",29,1,"600Hz","2",30,32737,1091.23333333333,726.672846910342,132.671703393098,1105,978.25,831.196794682862,1351.2698719838,459.121875,496.68994126092,87.8032064031861
"Mut2","C5",29,2,"600Hz","2",30,8131,271.033333333333,268.992434624205,49.1110747473037,208,270.75,174.775626828618,367.291039838049,459.121875,496.68994126092,87.8032064031861
"Mut2","C6",30,1,"600Hz","2",30,6,0.2,0.805155799872898,0.147000664632167,0,0,-0.0881213026790474,0.488121302679047,459.121875,496.68994126092,87.8032064031861
"Mut2","C6",30,2,"600Hz","2",30,23459,781.966666666667,372.346657475709,67.9808878370319,726,486.75,648.724126506084,915.209206827249,459.121875,496.68994126092,87.8032064031861
"Mut3","C7",31,1,"600Hz","2",30,24283,809.433333333333,653.570178451342,119.325043216826,687.5,978.75,575.556248628355,1043.31041803831,367.964583333333,315.695357320174,55.8075819875514
"Mut3","C7",31,2,"600Hz","2",30,5637,187.9,156.71176044595,28.6115220741976,159.5,130.25,131.821416734573,243.978583265427,367.964583333333,315.695357320174,55.8075819875514
"Mut3","C8",32,1,"600Hz","2",30,0,0,0,0,0,0,0,0,367.964583333333,315.695357320174,55.8075819875514
"Mut3","C8",32,2,"600Hz","2",30,1,0.0333333333333333,0.182574185835055,0.0333333333333333,0,0,-0.032,0.0986666666666667,367.964583333333,315.695357320174,55.8075819875514
"Mut4","C9",33,1,"600Hz","2",30,0,0,0,0,0,0,0,0,326.261458333333,377.111237034176,66.6644782421283
"Mut4","C9",33,2,"600Hz","2",30,0,0,0,0,0,0,0,0,326.261458333333,377.111237034176,66.6644782421283
"Mut4","C10",34,1,"600Hz","2",30,9,0.3,1.6431676725155,0.3,0,0,-0.288,0.888,326.261458333333,377.111237034176,66.6644782421283
"Mut4","C10",34,2,"600Hz","2",30,2029,67.6333333333333,136.082754572187,24.8451981222087,9,77.5,18.9367450138044,116.329921652862,326.261458333333,377.111237034176,66.6644782421283
"MUT+DMSO","C11",35,1,"600Hz","2",30,6833,227.766666666667,303.863817425224,55.4776890711422,115,347.5,119.030396087228,336.502937246105,277.6,269.085428467652,47.5680327969912
"MUT+DMSO","C11",35,2,"600Hz","2",30,2021,67.3666666666667,159.939963592665,29.2009086354192,0,4.75,10.132885741245,124.600447592088,277.6,269.085428467652,47.5680327969912
"MUT+DMSO","C12",36,1,"600Hz","2",30,7320,244,386.363952055929,70.5400839826255,101.5,357.75,105.741435394054,382.258564605946,277.6,269.085428467652,47.5680327969912
"MUT+DMSO","C12",36,2,"600Hz","2",30,6395,213.166666666667,174.885003267336,31.9294870862949,167,188.75,150.584871977529,275.748461355805,277.6,269.085428467652,47.5680327969912
"WT+DMSO","D1",37,1,"600Hz","2",30,12547,418.233333333333,337.68028986146,61.6517039940015,358.5,439.5,297.39599350509,539.070673161576,319.597916666667,234.000945060969,41.3659137641679
"WT+DMSO","D1",37,2,"600Hz","2",30,9419,313.966666666667,310.133395474441,56.6223521790072,237.5,299.75,202.986856395812,424.946476937521,319.597916666667,234.000945060969,41.3659137641679
"WT+DMSO","D2",38,1,"600Hz","2",30,11330,377.666666666667,331.789643925322,60.5762241081686,298.5,523,258.937267414656,496.396065918677,319.597916666667,234.000945060969,41.3659137641679
"WT+DMSO","D2",38,2,"600Hz","2",30,1162,38.7333333333333,96.9503724213769,17.7006353112383,0,40.75,4.04008812330628,73.4265785433604,319.597916666667,234.000945060969,41.3659137641679
"Mut1","D3",39,1,"600Hz","2",30,1363,45.4333333333333,100.763869870427,18.3968815031827,0,0,9.37544558709525,81.4912210795714,273.171875,357.773440867149,63.2460065414013
"Mut1","D3",39,2,"600Hz","2",30,1506,50.2,168.410500123134,30.7474099460557,0,0,-10.0649234942692,110.464923494269,273.171875,357.773440867149,63.2460065414013
"Mut1","D4",40,1,"600Hz","2",30,0,0,0,0,0,0,0,0,273.171875,357.773440867149,63.2460065414013
"Mut1","D4",40,2,"600Hz","2",30,1496,49.8666666666667,94.2109640494483,17.2004900580637,0,27,16.1537061528618,83.5796271804715,273.171875,357.773440867149,63.2460065414013
"Mut2","D5",41,1,"600Hz","2",30,15623,520.766666666667,544.715343777946,99.4509604021209,453,634.25,325.84278427851,715.690549054824,459.121875,496.68994126092,87.8032064031861
"Mut2","D5",41,2,"600Hz","2",30,7758,258.6,249.919380104313,45.6288273469467,199,290.75,169.167498399984,348.032501600016,459.121875,496.68994126092,87.8032064031861
"Mut2","D6",42,1,"600Hz","2",30,17886,596.2,477.929543213079,87.2575972386478,549.5,774.25,425.17510941225,767.22489058775,459.121875,496.68994126092,87.8032064031861
"Mut2","D6",42,2,"600Hz","2",30,79,2.63333333333333,3.89060170271841,0.710323438282294,1.5,3.75,1.24109939430004,4.02556727236663,459.121875,496.68994126092,87.8032064031861
"Mut3","D7",43,1,"600Hz","2",30,32101,1070.03333333333,757.810889126147,138.356706099146,952,1157,798.854189379008,1341.21247728766,367.964583333333,315.695357320174,55.8075819875514
"Mut3","D7",43,2,"600Hz","2",30,3875,129.166666666667,173.518176198531,31.6799397470304,129.5,169.75,67.073984762487,191.259348570846,367.964583333333,315.695357320174,55.8075819875514
"Mut3","D8",44,1,"600Hz","2",30,12390,413,167.784960897717,30.6332026312672,419.5,194.5,352.958922842716,473.041077157284,367.964583333333,315.695357320174,55.8075819875514
"Mut3","D8",44,2,"600Hz","2",30,2903,96.7666666666667,274.65585781098,50.1450696246683,0,0,-1.51766979768327,195.051003131017,367.964583333333,315.695357320174,55.8075819875514
"Mut4","D9",45,1,"600Hz","2",30,37600,1253.33333333333,617.516736243019,112.74261535909,1241.5,974.5,1032.35780722952,1474.30885943715,326.261458333333,377.111237034176,66.6644782421283
"Mut4","D9",45,2,"600Hz","2",30,0,0,0,0,0,0,0,0,326.261458333333,377.111237034176,66.6644782421283
"Mut4","D10",46,1,"600Hz","2",30,33203,1106.76666666667,597.323148453298,109.055787509293,985.5,452.75,893.017323148453,1320.51601018488,326.261458333333,377.111237034176,66.6644782421283
"Mut4","D10",46,2,"600Hz","2",30,236,7.86666666666667,43.0875078570731,7.86666666666667,0,0,-7.552,23.2853333333333,326.261458333333,377.111237034176,66.6644782421283
"MUT+DMSO","D11",47,1,"600Hz","2",30,12000,400,357.495599201271,65.2694679637873,350,308.25,272.071842790977,527.928157209023,277.6,269.085428467652,47.5680327969912
"MUT+DMSO","D11",47,2,"600Hz","2",30,3081,102.7,127.117417890053,23.208359076731,45.5,184.25,57.2116162096072,148.188383790393,277.6,269.085428467652,47.5680327969912
"MUT+DMSO","D12",48,1,"600Hz","2",30,40844,1361.46666666667,665.419065952677,121.488344205433,1286.5,944.25,1123.34951202402,1599.58382130932,277.6,269.085428467652,47.5680327969912
"MUT+DMSO","D12",48,2,"600Hz","2",30,3822,127.4,299.848536477313,54.7446024211782,0.5,102.75,20.1005792544907,234.699420745509,277.6,269.085428467652,47.5680327969912
"WT+DMSO","E1",49,1,"600Hz","2",30,31947,1064.9,537.193944942382,98.0777471333769,958.5,795.25,872.667615618581,1257.13238438142,319.597916666667,234.000945060969,41.3659137641679
"WT+DMSO","E1",49,2,"600Hz","2",30,10812,360.4,406.649353315266,74.2436746018865,227,645,214.882397780302,505.917602219697,319.597916666667,234.000945060969,41.3659137641679
"WT+DMSO","E2",50,1,"600Hz","2",30,14865,495.5,826.809853885861,150.954135913612,128,672.5,199.62989360932,791.37010639068,319.597916666667,234.000945060969,41.3659137641679
"WT+DMSO","E2",50,2,"600Hz","2",30,1529,50.9666666666667,137.925637969144,25.1816610579971,0,3.75,1.61061099299239,100.322722340341,319.597916666667,234.000945060969,41.3659137641679
"Mut1","E3",51,1,"600Hz","2",30,21727,724.233333333333,333.455232308661,60.880317551193,707,367.5,604.907910932995,843.558755733672,273.171875,357.773440867149,63.2460065414013
"Mut1","E3",51,2,"600Hz","2",30,6,0.2,0.924755326447544,0.168836450822791,0,0,-0.130919443612671,0.530919443612671,273.171875,357.773440867149,63.2460065414013
"Mut1","E4",52,1,"600Hz","2",30,15666,522.2,502.450368109919,91.7344668801923,481.5,512,342.400444914823,701.999555085177,273.171875,357.773440867149,63.2460065414013
"Mut1","E4",52,2,"600Hz","2",30,3932,131.066666666667,295.455339216039,53.9425180079883,0,43,25.3393313710095,236.794001962324,273.171875,357.773440867149,63.2460065414013
"Mut2","E5",53,1,"600Hz","2",30,30569,1018.96666666667,633.613037751904,115.68138450203,890,975.25,792.231153042688,1245.70218029065,459.121875,496.68994126092,87.8032064031861
"Mut2","E5",53,2,"600Hz","2",30,4334,144.466666666667,323.214216712473,59.0105724665949,0,149.25,28.8059446321407,260.127388701193,459.121875,496.68994126092,87.8032064031861
"Mut2","E6",54,1,"600Hz","2",30,34647,1154.9,521.489203776236,95.2104668012175,1072.5,600.5,968.287485069614,1341.51251493039,459.121875,496.68994126092,87.8032064031861
"Mut2","E6",54,2,"600Hz","2",30,9142,304.733333333333,271.511977678681,49.5710782691509,250,268.25,207.574019925798,401.892646740869,459.121875,496.68994126092,87.8032064031861
"Mut3","E7",55,1,"600Hz","2",30,26736,891.2,723.17243615461,132.032618749281,694,1064,632.416067251408,1149.98393274859,367.964583333333,315.695357320174,55.8075819875514
"Mut3","E7",55,2,"600Hz","2",30,6225,207.5,334.428874970139,61.0580795674067,81,298.25,87.8261640478828,327.173835952117,367.964583333333,315.695357320174,55.8075819875514
"Mut3","E8",56,1,"600Hz","2",30,14641,488.033333333333,495.828493939486,90.5254835948233,371.5,577.25,310.60338548748,665.463281179187,367.964583333333,315.695357320174,55.8075819875514
"Mut3","E8",56,2,"600Hz","2",30,2156,71.8666666666667,157.321707148854,28.7228825968831,0,64,15.5698167767758,128.163516556558,367.964583333333,315.695357320174,55.8075819875514
"Mut4","E9",57,1,"600Hz","2",30,673,22.4333333333333,86.4788925147328,15.7888133927946,0,0,-8.5127409165441,53.3794075832108,326.261458333333,377.111237034176,66.6644782421283
"Mut4","E9",57,2,"600Hz","2",30,3442,114.733333333333,181.752566425618,33.1833268385891,0,229.5,49.6940127296987,179.772653936968,326.261458333333,377.111237034176,66.6644782421283
"Mut4","E10",58,1,"600Hz","2",30,12089,402.966666666667,422.170376076747,77.0774126958911,302.5,649,251.89493778272,554.038395550613,326.261458333333,377.111237034176,66.6644782421283
"Mut4","E10",58,2,"600Hz","2",30,4941,164.7,156.077820996119,28.4957810952759,125.5,304.25,108.848269053259,220.551730946741,326.261458333333,377.111237034176,66.6644782421283
"MUT+DMSO","E11",59,1,"600Hz","2",30,14982,499.4,324.605500622652,59.2645849937613,504,325.75,383.241413412228,615.558586587772,277.6,269.085428467652,47.5680327969912
"MUT+DMSO","E11",59,2,"600Hz","2",30,2457,81.9,91.19185913454,16.6492794362737,52.5,147.75,49.2674123049035,114.532587695096,277.6,269.085428467652,47.5680327969912
"MUT+DMSO","E12",60,1,"600Hz","2",30,0,0,0,0,0,0,0,0,277.6,269.085428467652,47.5680327969912
"MUT+DMSO","E12",60,2,"600Hz","2",30,2692,89.7333333333333,262.08289466915,47.8495711155147,0,58.5,-4.05182605307544,183.518492719742,277.6,269.085428467652,47.5680327969912
"WT+DMSO","F1",61,1,"600Hz","2",30,15636,521.2,453.006538736397,82.7072999877542,430.5,625,359.093692024002,683.306307975998,319.597916666667,234.000945060969,41.3659137641679
"WT+DMSO","F1",61,2,"600Hz","2",30,5127,170.9,276.970725454191,50.5677046999435,66,236.5,71.7872987881107,270.012701211889,319.597916666667,234.000945060969,41.3659137641679
"WT+DMSO","F2",62,1,"600Hz","2",30,2120,70.6666666666667,162.888862753705,29.7393014988558,0,0,12.3776357289093,128.955697604424,319.597916666667,234.000945060969,41.3659137641679
"WT+DMSO","F2",62,2,"600Hz","2",30,4760,158.666666666667,144.889097501201,26.4530090126578,133.5,190.75,106.818769001857,210.514564331476,319.597916666667,234.000945060969,41.3659137641679
"Mut1","F3",63,1,"600Hz","2",30,2782,92.7333333333333,255.263614022207,46.6045465034182,0,0,1.3884221866336,184.078244480033,273.171875,357.773440867149,63.2460065414013
"Mut1","F3",63,2,"600Hz","2",30,10,0.333333333333333,1.32178910450253,0.241324569600197,0,0,-0.139662823083053,0.806329489749719,273.171875,357.773440867149,63.2460065414013
"Mut1","F4",64,1,"600Hz","2",30,7395,246.5,555.353615213797,101.393234148214,0,276,47.7692610695012,445.230738930499,273.171875,357.773440867149,63.2460065414013
"Mut1","F4",64,2,"600Hz","2",30,220,7.33333333333333,27.9671399957205,5.10607781485369,0,0,-2.67457918377989,17.3412458504466,273.171875,357.773440867149,63.2460065414013
"Mut2","F5",65,1,"600Hz","2",30,252,8.4,37.0075481583103,6.7566229747551,0,0,-4.84298103052,21.64298103052,459.121875,496.68994126092,87.8032064031861
"Mut2","F5",65,2,"600Hz","2",30,1772,59.0666666666667,229.719459090991,41.940843214007,0,0,-23.137386032787,141.27071936612,459.121875,496.68994126092,87.8032064031861
"Mut2","F6",66,1,"600Hz","2",30,0,0,0,0,0,0,0,0,459.121875,496.68994126092,87.8032064031861
"Mut2","F6",66,2,"600Hz","2",30,3051,101.7,243.297625312617,44.4198658570534,0,3.5,14.6370629201753,188.762937079825,459.121875,496.68994126092,87.8032064031861
"Mut3","F7",67,1,"600Hz","2",30,15445,514.833333333333,349.894869268227,63.8817708845097,429,317.75,389.625062399694,640.041604266972,367.964583333333,315.695357320174,55.8075819875514
"Mut3","F7",67,2,"600Hz","2",30,10605,353.5,210.524427282818,38.4363259095519,326.5,190,278.164801217278,428.835198782722,367.964583333333,315.695357320174,55.8075819875514
"Mut3","F8",68,1,"600Hz","2",30,9221,307.366666666667,392.773557939039,71.7103125582581,221.5,371.25,166.814454052481,447.918879280852,367.964583333333,315.695357320174,55.8075819875514
"Mut3","F8",68,2,"600Hz","2",30,7773,259.1,206.677051092461,37.7338943339963,257,273.25,185.141567105367,333.058432894633,367.964583333333,315.695357320174,55.8075819875514
"Mut4","F9",69,1,"600Hz","2",30,9482,316.066666666667,298.510547764123,54.5003202212112,240,553,209.246039033093,422.887294300241,326.261458333333,377.111237034176,66.6644782421283
"Mut4","F9",69,2,"600Hz","2",30,5483,182.766666666667,158.248535066125,28.8920974492881,153.5,246.75,126.138155666062,239.395177667271,326.261458333333,377.111237034176,66.6644782421283
"Mut4","F10",70,1,"600Hz","2",30,18131,604.366666666667,476.98648020552,87.0854182778515,454.5,541,433.679246842078,775.054086491256,326.261458333333,377.111237034176,66.6644782421283
"Mut4","F10",70,2,"600Hz","2",30,2,0.0666666666666667,0.253708131702462,0.0463205555853101,0,0,-0.0241216222805411,0.157454955613874,326.261458333333,377.111237034176,66.6644782421283
"MUT+DMSO","F11",71,1,"600Hz","2",30,7636,254.533333333333,224.035978227226,40.9031863225959,258.5,292.75,174.363088141045,334.703578525621,277.6,269.085428467652,47.5680327969912
"MUT+DMSO","F11",71,2,"600Hz","2",30,1443,48.1,263.454550159985,48.1,0,0,-46.176,142.376,277.6,269.085428467652,47.5680327969912
"MUT+DMSO","F12",72,1,"600Hz","2",30,15241,508.033333333333,664.244111927148,121.273827930828,320.5,613,270.33663058891,745.730036077757,277.6,269.085428467652,47.5680327969912
"MUT+DMSO","F12",72,2,"600Hz","2",30,2440,81.3333333333333,99.6678391504478,18.1967745868323,20.5,159.5,45.6676551431421,116.999011523525,277.6,269.085428467652,47.5680327969912
"WT+DMSO","G1",73,1,"600Hz","2",30,20481,682.7,438.170109463877,79.9985509926245,629.5,689.25,525.902840054456,839.497159945544,319.597916666667,234.000945060969,41.3659137641679
"WT+DMSO","G1",73,2,"600Hz","2",30,6802,226.733333333333,162.17932461733,29.6097581512882,199.5,255,168.698207356808,284.768459309858,319.597916666667,234.000945060969,41.3659137641679
"WT+DMSO","G2",74,1,"600Hz","2",30,21295,709.833333333333,518.296618798031,94.6275831981125,590.5,629.75,524.363270265033,895.303396401634,319.597916666667,234.000945060969,41.3659137641679
"WT+DMSO","G2",74,2,"600Hz","2",30,7395,246.5,148.571531593371,27.1253264189269,245.5,220,193.334360218903,299.665639781097,319.597916666667,234.000945060969,41.3659137641679
"Mut1","G3",75,1,"600Hz","2",30,21890,729.666666666667,573.890734123355,104.777633540854,602.5,395.5,524.302504926593,935.03082840674,273.171875,357.773440867149,63.2460065414013
"Mut1","G3",75,2,"600Hz","2",30,3884,129.466666666667,204.074653908358,37.2587637868892,0,240.75,56.4394896443639,202.493843688969,273.171875,357.773440867149,63.2460065414013
"Mut1","G4",76,1,"600Hz","2",30,52467,1748.9,535.79321474382,97.8220099577999,1718,644,1557.16886048271,1940.63113951729,273.171875,357.773440867149,63.2460065414013
"Mut1","G4",76,2,"600Hz","2",30,11468,382.266666666667,273.296470741099,49.8968806371501,289.5,247,284.468780617852,480.064552715481,273.171875,357.773440867149,63.2460065414013
"Mut2","G5",77,1,"600Hz","2",30,60017,2000.56666666667,638.292640880575,116.535759233278,1989,781.25,1772.15657856944,2228.97675476389,459.121875,496.68994126092,87.8032064031861
"Mut2","G5",77,2,"600Hz","2",30,230,7.66666666666667,27.0826746162157,4.94459726829131,0,0,-2.0247439791843,17.3580773125176,459.121875,496.68994126092,87.8032064031861
"Mut2","G6",78,1,"600Hz","2",30,41911,1397.03333333333,920.034837546302,167.974611404904,1181.5,812,1067.80309497972,1726.26357168694,459.121875,496.68994126092,87.8032064031861
"Mut2","G6",78,2,"600Hz","2",30,3118,103.933333333333,131.36548996606,23.9839473773765,58.5,167.75,56.9247964736754,150.941870192991,459.121875,496.68994126092,87.8032064031861
"Mut3","G7",79,1,"600Hz","2",30,39274,1309.13333333333,539.997556401453,98.5896142129146,1254.5,602,1115.89768947602,1502.36897719065,367.964583333333,315.695357320174,55.8075819875514
"Mut3","G7",79,2,"600Hz","2",30,661,22.0333333333333,116.556182496515,21.2801501233434,0,0,-19.6757609084197,63.7424275750863,367.964583333333,315.695357320174,55.8075819875514
"Mut3","G8",80,1,"600Hz","2",30,21344,711.466666666667,678.620036561689,123.898500666606,516.5,611,468.625605360119,954.307727973214,367.964583333333,315.695357320174,55.8075819875514
"Mut3","G8",80,2,"600Hz","2",30,4537,151.233333333333,303.776083975356,55.461671207962,0,213.75,42.5284577657279,259.938208900939,367.964583333333,315.695357320174,55.8075819875514
"Mut4","G9",81,1,"600Hz","2",30,10806,360.2,300.85618055694,54.9285722186278,312.5,322.5,252.539998451489,467.86000154851,326.261458333333,377.111237034176,66.6644782421283
"Mut4","G9",81,2,"600Hz","2",30,8740,291.333333333333,217.022219319039,39.6226550002903,233.5,216.25,213.672929532764,368.993737133902,326.261458333333,377.111237034176,66.6644782421283
"Mut4","G10",82,1,"600Hz","2",30,16484,549.466666666667,424.369449754642,77.4789067822242,536,431.75,397.608009373507,701.325323959826,326.261458333333,377.111237034176,66.6644782421283
"Mut4","G10",82,2,"600Hz","2",30,7883,262.766666666667,282.515508678158,51.5800389826911,204,191.25,161.669790260592,363.863543072741,326.261458333333,377.111237034176,66.6644782421283
"MUT+DMSO","G11",83,1,"600Hz","2",30,18823,627.433333333333,512.214306128108,93.5171099144071,543,745.75,444.139797901095,810.726868765571,277.6,269.085428467652,47.5680327969912
"MUT+DMSO","G11",83,2,"600Hz","2",30,4793,159.766666666667,130.500808118342,23.826078793023,137,179.75,113.067552232342,206.465781100992,277.6,269.085428467652,47.5680327969912
"MUT+DMSO","G12",84,1,"600Hz","2",30,18542,618.066666666667,457.819113001942,83.5859518160568,573.5,515.75,454.238201107195,781.895132226138,277.6,269.085428467652,47.5680327969912
"MUT+DMSO","G12",84,2,"600Hz","2",30,6153,205.1,148.444660535094,27.102163038756,201,132.75,151.979760444038,258.220239555962,277.6,269.085428467652,47.5680327969912
"WT+DMSO","H1",85,1,"600Hz","2",30,21992,733.066666666667,541.185412381665,98.8064860513911,641.5,588.5,539.40595400594,926.727379327393,319.597916666667,234.000945060969,41.3659137641679
"WT+DMSO","H1",85,2,"600Hz","2",30,8246,274.866666666667,362.162540507886,66.1215309731826,190,377.25,145.268465959229,404.464867374105,319.597916666667,234.000945060969,41.3659137641679
"WT+DMSO","H2",86,1,"600Hz","2",30,6256,208.533333333333,357.032572003262,65.1849311500913,69,263.5,80.7708682791544,336.295798387512,319.597916666667,234.000945060969,41.3659137641679
"WT+DMSO","H2",86,2,"600Hz","2",30,3873,129.1,360.190500362966,65.7614873492898,0,2,0.207484795391935,257.992515204608,319.597916666667,234.000945060969,41.3659137641679
"Mut1","H3",87,1,"600Hz","2",30,23511,783.7,543.847097553385,99.2924410545673,761,731.5,589.086815533048,978.313184466952,273.171875,357.773440867149,63.2460065414013
"Mut1","H3",87,2,"600Hz","2",30,1122,37.4,102.608260741588,18.7336196648466,0,0.75,0.682105456900707,74.1178945430993,273.171875,357.773440867149,63.2460065414013
"Mut1","H4",88,1,"600Hz","2",30,13780,459.333333333333,378.572849394737,69.1176297575012,472.5,718.5,323.862779008631,594.803887658036,273.171875,357.773440867149,63.2460065414013
"Mut1","H4",88,2,"600Hz","2",30,4,0.133333333333333,0.571346463723366,0.104313115444032,0,0,-0.0711203729369684,0.337787039603635,273.171875,357.773440867149,63.2460065414013
"Mut2","H5",89,1,"600Hz","2",30,31333,1044.43333333333,1076.42529997988,196.527472756082,759.5,1383.25,659.239486731412,1429.62717993525,459.121875,496.68994126092,87.8032064031861
"Mut2","H5",89,2,"600Hz","2",30,4554,151.8,245.510502619647,44.8238801297373,0,293.25,63.9451949457149,239.654805054285,459.121875,496.68994126092,87.8032064031861
"Mut2","H6",90,1,"600Hz","2",30,20415,680.5,660.763808289186,120.638414327669,437,1085.25,444.048707917769,916.951292082231,459.121875,496.68994126092,87.8032064031861
"Mut2","H6",90,2,"600Hz","2",30,9213,307.1,567.601933728572,103.629460928897,0,379.5,103.986256579362,510.213743420638,459.121875,496.68994126092,87.8032064031861
"Mut3","H7",91,1,"600Hz","2",30,14125,470.833333333333,579.792417272283,105.855128536826,365.5,591.5,263.357281401155,678.309385265512,367.964583333333,315.695357320174,55.8075819875514
"Mut3","H7",91,2,"600Hz","2",30,6,0.2,0.924755326447544,0.168836450822791,0,0,-0.130919443612671,0.530919443612671,367.964583333333,315.695357320174,55.8075819875514
"Mut3","H8",92,1,"600Hz","2",30,16456,548.533333333333,303.27655904202,55.3704708499539,545,494,440.007210467424,657.059456199243,367.964583333333,315.695357320174,55.8075819875514
"Mut3","H8",92,2,"600Hz","2",30,7187,239.566666666667,214.992491181362,39.2520790380874,159.5,241,162.632591752015,316.500741581318,367.964583333333,315.695357320174,55.8075819875514
"Mut4","H9",93,1,"600Hz","2",30,10219,340.633333333333,442.020009168982,80.7014432968306,286.5,269,182.458504471545,498.808162195121,326.261458333333,377.111237034176,66.6644782421283
"Mut4","H9",93,2,"600Hz","2",30,3726,124.2,186.828226472598,34.110011339242,69.5,169.75,57.3443777750857,191.055622224914,326.261458333333,377.111237034176,66.6644782421283
"Mut4","H10",94,1,"600Hz","2",30,11048,368.266666666667,305.457817318398,55.7687123038595,319.5,301.5,258.959990551102,477.573342782231,326.261458333333,377.111237034176,66.6644782421283
"Mut4","H10",94,2,"600Hz","2",30,2711,90.3666666666667,226.472725515235,41.3480734747899,0,4.25,9.32444265607836,171.408890677255,326.261458333333,377.111237034176,66.6644782421283
"MUT+DMSO","H11",95,1,"600Hz","2",30,5390,179.666666666667,197.802118696741,36.1135607775064,181.5,295.5,108.884087542754,250.449245790579,277.6,269.085428467652,47.5680327969912
"MUT+DMSO","H11",95,2,"600Hz","2",30,5907,196.9,297.040035615775,54.2318426629659,33.5,263.75,90.6055883805868,303.194411619413,277.6,269.085428467652,47.5680327969912
"MUT+DMSO","H12",96,1,"600Hz","2",30,2734,91.1333333333333,145.226038639256,26.5145257666124,0,175.25,39.164862830773,143.101803835894,277.6,269.085428467652,47.5680327969912
"MUT+DMSO","H12",96,2,"600Hz","2",30,3412,113.733333333333,139.782326674636,25.5206444867514,54,165.25,63.7128701393005,163.753796527366,277.6,269.085428467652,47.5680327969912
"WT+DMSO","A1",1,1,"200Hz","2",30,17419,580.633333333333,340.924957192608,62.2440964902915,531.5,540.25,458.634904212362,702.631762454305,343.455208333333,287.534732651481,50.8294398211308
"WT+DMSO","A1",1,2,"200Hz","2",30,8271,275.7,338.118949687726,61.7317919546406,200,346.25,154.705687768904,396.694312231096,343.455208333333,287.534732651481,50.8294398211308
"WT+DMSO","A2",2,1,"200Hz","2",30,2742,91.4,140.440833044407,25.6408707510795,0,167.75,41.1438933278842,141.656106672116,343.455208333333,287.534732651481,50.8294398211308
"WT+DMSO","A2",2,2,"200Hz","2",30,3548,118.266666666667,302.578223950759,55.2429728892268,0,44.5,9.99043980378214,226.542893529551,343.455208333333,287.534732651481,50.8294398211308
"Mut1","A3",3,1,"200Hz","2",30,18411,613.7,622.968375242054,113.737943910805,457,596,390.773629934822,836.626370065178,267.914583333333,335.077019759856,59.2338082229932
"Mut1","A3",3,2,"200Hz","2",30,4437,147.9,221.284705051332,40.4008748624974,63,185.75,68.7142852695052,227.085714730495,267.914583333333,335.077019759856,59.2338082229932
"Mut1","A4",4,1,"200Hz","2",30,0,0,0,0,0,0,0,0,267.914583333333,335.077019759856,59.2338082229932
"Mut1","A4",4,2,"200Hz","2",30,6581,219.366666666667,346.676086852558,63.2941043055887,2,365.75,95.3102222277128,343.423111105621,267.914583333333,335.077019759856,59.2338082229932
"Mut2","A5",5,1,"200Hz","2",30,2139,71.3,180.343188164237,32.9260107499838,0,0,6.76501893003184,135.834981069968,442.31875,488.299548755184,86.3199805437804
"Mut2","A5",5,2,"200Hz","2",30,9994,333.133333333333,167.886811897765,30.6517979946775,332.5,199,273.055809263765,393.210857402901,442.31875,488.299548755184,86.3199805437804
"Mut2","A6",6,1,"200Hz","2",30,7545,251.5,347.529284303173,63.4498761354914,179,354.75,127.138242774437,375.861757225563,442.31875,488.299548755184,86.3199805437804
"Mut2","A6",6,2,"200Hz","2",30,6364,212.133333333333,179.860047763836,32.8378017847364,183,211.5,147.77124183525,276.495424831417,442.31875,488.299548755184,86.3199805437804
"Mut3","A7",7,1,"200Hz","2",30,6802,226.733333333333,322.756653643677,58.9270332618413,74.5,325.75,111.236348140124,342.230318526542,373.142708333333,377.47331043199,66.7284843808488
"Mut3","A7",7,2,"200Hz","2",30,14264,475.466666666667,389.926140957873,71.1904477211886,433.5,556.5,335.933389133137,614.999944200196,373.142708333333,377.47331043199,66.7284843808488
"Mut3","A8",8,1,"200Hz","2",30,9296,309.866666666667,251.659832441269,45.9465890153512,247.5,305.5,219.811352196578,399.921981136755,373.142708333333,377.47331043199,66.7284843808488
"Mut3","A8",8,2,"200Hz","2",30,7896,263.2,212.382283825084,38.7755225551544,220,278.75,187.199975791897,339.200024208103,373.142708333333,377.47331043199,66.7284843808488
"Mut4","A9",9,1,"200Hz","2",30,26658,888.6,546.323865044573,99.7446348627737,749,808.75,693.100515668964,1084.09948433104,338.033333333333,405.581419728116,71.6973430532545
"Mut4","A9",9,2,"200Hz","2",30,1808,60.2666666666667,112.620489754945,20.5615942253543,0,9.5,19.9659419849723,100.567391348361,338.033333333333,405.581419728116,71.6973430532545
"Mut4","A10",10,1,"200Hz","2",30,15008,500.266666666667,545.157106955754,99.531614954641,367,230.75,305.18470135557,695.348631977763,338.033333333333,405.581419728116,71.6973430532545
"Mut4","A10",10,2,"200Hz","2",30,905,30.1666666666667,79.2699809830775,14.4726522391457,0,0,1.8002682779411,58.5330650553922,338.033333333333,405.581419728116,71.6973430532545
"MUT+DMSO","A11",11,1,"200Hz","2",30,17273,575.766666666667,495.989410574761,90.554862818496,447,551.5,398.279135542415,753.254197790919,304.307291666667,289.067240845556,51.1003515551944
"MUT+DMSO","A11",11,2,"200Hz","2",30,6460,215.333333333333,265.907986851212,48.5479342063987,129.5,338.5,120.179382288792,310.487284377875,304.307291666667,289.067240845556,51.1003515551944
"MUT+DMSO","A12",12,1,"200Hz","2",30,9909,330.3,504.651272560123,92.1362952182891,0,587,149.712861372153,510.887138627847,304.307291666667,289.067240845556,51.1003515551944
"MUT+DMSO","A12",12,2,"200Hz","2",30,16046,534.866666666667,469.246257922972,85.6722534964331,484,825.5,366.949049813658,702.784283519675,304.307291666667,289.067240845556,51.1003515551944
"WT+DMSO","B1",13,1,"200Hz","2",30,9029,300.966666666667,347.312388783209,63.4102766125226,212.5,302.75,176.682524506122,425.250808827211,343.455208333333,287.534732651481,50.8294398211308
"WT+DMSO","B1",13,2,"200Hz","2",30,5848,194.933333333333,315.945535827293,57.6834989718884,0,396.5,81.8736753484321,307.992991318235,343.455208333333,287.534732651481,50.8294398211308
"WT+DMSO","B2",14,1,"200Hz","2",30,8400,280,407.343200211591,74.3703531340773,186.5,355,134.234107857209,425.765892142791,343.455208333333,287.534732651481,50.8294398211308
"WT+DMSO","B2",14,2,"200Hz","2",30,4817,160.566666666667,326.995590324937,59.7009536752287,11.5,222,43.5527974632185,277.580535870115,343.455208333333,287.534732651481,50.8294398211308
"Mut1","B3",15,1,"200Hz","2",30,18795,626.5,580.639050440591,106.009701898231,388,588,418.720984279468,834.279015720532,267.914583333333,335.077019759856,59.2338082229932
"Mut1","B3",15,2,"200Hz","2",30,385,12.8333333333333,69.1610231737268,12.6270174974626,0,0,-11.9156209616933,37.58228762836,267.914583333333,335.077019759856,59.2338082229932
"Mut1","B4",16,1,"200Hz","2",30,15834,527.8,758.209979104597,138.429569627036,241,397,256.478043531009,799.121956468991,267.914583333333,335.077019759856,59.2338082229932
"Mut1","B4",16,2,"200Hz","2",30,6362,212.066666666667,139.710521740696,25.5075347593984,203,160.25,162.071898538246,262.061434795087,267.914583333333,335.077019759856,59.2338082229932
"Mut2","B5",17,1,"200Hz","2",30,33791,1126.36666666667,725.331908963696,132.426882739233,1120.5,1331.75,866.809976497769,1385.92335683556,442.31875,488.299548755184,86.3199805437804
"Mut2","B5",17,2,"200Hz","2",30,7037,234.566666666667,240.936489461482,43.9887834013865,148.5,391,148.348651199949,320.784682133384,442.31875,488.299548755184,86.3199805437804
"Mut2","B6",18,1,"200Hz","2",30,25466,848.866666666667,730.4365125393,133.35885158106,749,614.75,587.483317567789,1110.25001576554,442.31875,488.299548755184,86.3199805437804
"Mut2","B6",18,2,"200Hz","2",30,894,29.8,115.132427500114,21.0202092140468,0,0,-11.3996100595318,70.9996100595318,442.31875,488.299548755184,86.3199805437804
"Mut3","B7",19,1,"200Hz","2",30,6933,231.1,173.147405807685,31.61224664479,242.5,265.5,169.139996576212,293.060003423788,373.142708333333,377.47331043199,66.7284843808488
"Mut3","B7",19,2,"200Hz","2",30,4597,153.233333333333,221.680833528799,40.4731976967569,78,229,73.9058658476898,232.560800818977,373.142708333333,377.47331043199,66.7284843808488
"Mut3","B8",20,1,"200Hz","2",30,8812,293.733333333333,608.576175116591,111.110299690524,1.5,319.75,75.9571459399068,511.50952072676,373.142708333333,377.47331043199,66.7284843808488
"Mut3","B8",20,2,"200Hz","2",30,3549,118.3,241.16643987947,44.030766411733,0,164.75,31.9996978330033,204.600302166997,373.142708333333,377.47331043199,66.7284843808488
"Mut4","B9",21,1,"200Hz","2",30,43221,1440.7,773.989759800388,141.310550240226,1268.5,793.25,1163.73132152916,1717.66867847084,338.033333333333,405.581419728116,71.6973430532545
"Mut4","B9",21,2,"200Hz","2",30,2073,69.1,137.384773035693,25.0829130831256,0,56.5,19.9374903570739,118.262509642926,338.033333333333,405.581419728116,71.6973430532545
"Mut4","B10",22,1,"200Hz","2",30,10578,352.6,396.401016039618,72.372592767622,208,353,210.749718175461,494.450281824539,338.033333333333,405.581419728116,71.6973430532545
"Mut4","B10",22,2,"200Hz","2",30,7052,235.066666666667,216.169303593484,39.4669346061113,196,187.5,157.711474838689,312.421858494645,338.033333333333,405.581419728116,71.6973430532545
"MUT+DMSO","B11",23,1,"200Hz","2",30,4169,138.966666666667,210.435915928445,38.4201660210901,0,251.5,63.6631412653302,214.270192068003,304.307291666667,289.067240845556,51.1003515551944
"MUT+DMSO","B11",23,2,"200Hz","2",30,6552,218.4,237.211036551989,43.3086118695689,112.5,271.75,133.515120735645,303.284879264355,304.307291666667,289.067240845556,51.1003515551944
"MUT+DMSO","B12",24,1,"200Hz","2",30,17414,580.466666666667,403.757244694975,73.7156502251903,501,414,435.983992225294,724.94934110804,304.307291666667,289.067240845556,51.1003515551944
"MUT+DMSO","B12",24,2,"200Hz","2",30,333,11.1,41.5653619056159,7.58876210885725,0,1,-3.77397373336022,25.9739737333602,304.307291666667,289.067240845556,51.1003515551944
"WT+DMSO","C1",25,1,"200Hz","2",30,19651,655.033333333333,544.8991987346,99.4845275711436,567,460.5,460.043659293892,850.023007372775,343.455208333333,287.534732651481,50.8294398211308
"WT+DMSO","C1",25,2,"200Hz","2",30,9764,325.466666666667,234.479428306303,42.8098907180925,321,238.5,241.559280859205,409.374052474128,343.455208333333,287.534732651481,50.8294398211308
"WT+DMSO","C2",26,1,"200Hz","2",30,3393,113.1,410.552558691668,74.9562991456302,0,0,-33.8143463254351,260.014346325435,343.455208333333,287.534732651481,50.8294398211308
"WT+DMSO","C2",26,2,"200Hz","2",30,9314,310.466666666667,710.411232695704,129.702752417496,5,406,56.249271928374,564.684061404959,343.455208333333,287.534732651481,50.8294398211308
"Mut1","C3",27,1,"200Hz","2",30,0,0,0,0,0,0,0,0,267.914583333333,335.077019759856,59.2338082229932
"Mut1","C3",27,2,"200Hz","2",30,7831,261.033333333333,234.736166399837,42.8567644664923,238,311.5,177.034074979008,345.032591687658,267.914583333333,335.077019759856,59.2338082229932
"Mut1","C4",28,1,"200Hz","2",30,195,6.5,17.9880228351323,3.28414862390667,0,0,0.0630686971429348,12.9369313028571,267.914583333333,335.077019759856,59.2338082229932
"Mut1","C4",28,2,"200Hz","2",30,5110,170.333333333333,254.628103838457,46.4885187490301,35.5,286,79.2158365852343,261.450830081432,267.914583333333,335.077019759856,59.2338082229932
"Mut2","C5",29,1,"200Hz","2",30,45636,1521.2,726.273882033588,132.598862705547,1516.5,714.75,1261.30622909713,1781.09377090287,442.31875,488.299548755184,86.3199805437804
"Mut2","C5",29,2,"200Hz","2",30,6303,210.1,291.193661118957,53.1644455991226,105,186,105.89768662572,314.30231337428,442.31875,488.299548755184,86.3199805437804
"Mut2","C6",30,1,"200Hz","2",30,1936,64.5333333333333,254.627074613908,46.4883308391962,0,0,-26.5837951114912,155.650461778158,442.31875,488.299548755184,86.3199805437804
"Mut2","C6",30,2,"200Hz","2",30,4264,142.133333333333,184.889665762441,33.7560801958932,40,237.5,75.9714161493827,208.295250517284,442.31875,488.299548755184,86.3199805437804
"Mut3","C7",31,1,"200Hz","2",30,21586,719.533333333333,473.06628050108,86.3696910085026,658.5,661,550.248738956668,888.817927709998,373.142708333333,377.47331043199,66.7284843808488
"Mut3","C7",31,2,"200Hz","2",30,3139,104.633333333333,130.404274134875,23.8084541795862,31.5,170.75,57.9687631413444,151.297903525322,373.142708333333,377.47331043199,66.7284843808488
"Mut3","C8",32,1,"200Hz","2",30,0,0,0,0,0,0,0,0,373.142708333333,377.47331043199,66.7284843808488
"Mut3","C8",32,2,"200Hz","2",30,3,0.1,0.547722557505166,0.1,0,0,-0.096,0.296,373.142708333333,377.47331043199,66.7284843808488
"Mut4","C9",33,1,"200Hz","2",30,0,0,0,0,0,0,0,0,338.033333333333,405.581419728116,71.6973430532545
"Mut4","C9",33,2,"200Hz","2",30,15,0.5,1.45625878715715,0.265875262430362,0,0,-0.0211155143635092,1.02111551436351,338.033333333333,405.581419728116,71.6973430532545
"Mut4","C10",34,1,"200Hz","2",30,0,0,0,0,0,0,0,0,338.033333333333,405.581419728116,71.6973430532545
"Mut4","C10",34,2,"200Hz","2",30,543,18.1,52.5543068873883,9.59505979209057,0,0,-0.706317192497512,36.9063171924975,338.033333333333,405.581419728116,71.6973430532545
"MUT+DMSO","C11",35,1,"200Hz","2",30,7652,255.066666666667,331.391104841117,60.5034611593464,183,337.25,136.479882794348,373.653450538986,304.307291666667,289.067240845556,51.1003515551944
"MUT+DMSO","C11",35,2,"200Hz","2",30,2594,86.4666666666667,191.964747721596,35.0478075243022,0,0,17.7729639190343,155.160369414299,304.307291666667,289.067240845556,51.1003515551944
"MUT+DMSO","C12",36,1,"200Hz","2",30,7903,263.433333333333,372.21514758531,67.9568775258629,19.5,426.25,130.237853382642,396.628813284025,304.307291666667,289.067240845556,51.1003515551944
"MUT+DMSO","C12",36,2,"200Hz","2",30,6398,213.266666666667,212.527309942192,38.8020005804101,155,198.25,137.214745529063,289.31858780427,304.307291666667,289.067240845556,51.1003515551944
"WT+DMSO","D1",37,1,"200Hz","2",30,13444,448.133333333333,369.121392361443,67.3920376846925,377.5,197,316.044939471336,580.221727195331,343.455208333333,287.534732651481,50.8294398211308
"WT+DMSO","D1",37,2,"200Hz","2",30,9746,324.866666666667,299.78920563638,54.7337701412001,265.5,386.5,217.588477189914,432.144856143419,343.455208333333,287.534732651481,50.8294398211308
"WT+DMSO","D2",38,1,"200Hz","2",30,8298,276.6,304.534421360055,55.6001240385617,226,381,167.623756884419,385.576243115581,343.455208333333,287.534732651481,50.8294398211308
"WT+DMSO","D2",38,2,"200Hz","2",30,19,0.633333333333333,1.47352107817163,0.269026911157979,0,0,0.106040587463695,1.16062607920297,343.455208333333,287.534732651481,50.8294398211308
"Mut1","D3",39,1,"200Hz","2",30,472,15.7333333333333,59.0732644663611,10.7852531645648,0,0,-5.40576286921366,36.8724295358803,267.914583333333,335.077019759856,59.2338082229932
"Mut1","D3",39,2,"200Hz","2",30,2342,78.0666666666667,176.057775261092,32.143604978225,0,50,15.0652009093457,141.068132423988,267.914583333333,335.077019759856,59.2338082229932
"Mut1","D4",40,1,"200Hz","2",30,0,0,0,0,0,0,0,0,267.914583333333,335.077019759856,59.2338082229932
"Mut1","D4",40,2,"200Hz","2",30,1368,45.6,93.6967227925767,17.1066028792676,0,2.5,12.0710583566356,79.1289416433644,267.914583333333,335.077019759856,59.2338082229932
"Mut2","D5",41,1,"200Hz","2",30,15333,511.1,626.537521236551,114.389577834877,331.5,518,286.896427443641,735.303572556359,442.31875,488.299548755184,86.3199805437804
"Mut2","D5",41,2,"200Hz","2",30,8146,271.533333333333,213.173028851881,38.919892184625,221.5,292.75,195.250344651468,347.816322015198,442.31875,488.299548755184,86.3199805437804
"Mut2","D6",42,1,"200Hz","2",30,9551,318.366666666667,372.192709014669,67.9527808220969,199.5,379.75,185.179216255357,451.554117077977,442.31875,488.299548755184,86.3199805437804
"Mut2","D6",42,2,"200Hz","2",30,15,0.5,1.19625853508287,0.218405928090992,0,0,0.0719243809416567,0.928075619058343,442.31875,488.299548755184,86.3199805437804
"Mut3","D7",43,1,"200Hz","2",30,41331,1377.7,901.294438858491,164.553098372252,1078,1393.75,1055.17592719039,1700.22407280961,373.142708333333,377.47331043199,66.7284843808488
"Mut3","D7",43,2,"200Hz","2",30,3939,131.3,231.4123279284,42.2499173637225,0,189.5,48.4901619671039,214.109838032896,373.142708333333,377.47331043199,66.7284843808488
"Mut3","D8",44,1,"200Hz","2",30,10971,365.7,285.913195170167,52.2003688276925,378.5,364,263.387277097723,468.012722902277,373.142708333333,377.47331043199,66.7284843808488
"Mut3","D8",44,2,"200Hz","2",30,1630,54.3333333333333,207.444605540409,37.8740299624145,0,0,-19.8997653929991,128.566432059666,373.142708333333,377.47331043199,66.7284843808488
"Mut4","D9",45,1,"200Hz","2",30,33610,1120.33333333333,605.007627956092,110.458775098082,889,937.5,903.834134141093,1336.83253252557,338.033333333333,405.581419728116,71.6973430532545
"Mut4","D9",45,2,"200Hz","2",30,1795,59.8333333333333,90.0636109812865,16.4432904482735,0,110.75,27.6044840547172,92.0621826119495,338.033333333333,405.581419728116,71.6973430532545
"Mut4","D10",46,1,"200Hz","2",30,39966,1332.2,542.130433472012,98.9790225075583,1292,827.5,1138.20111588519,1526.19888411481,338.033333333333,405.581419728116,71.6973430532545
"Mut4","D10",46,2,"200Hz","2",30,2175,72.5,215.801912682074,39.3998585095773,0,0,-4.72372267877157,149.723722678772,338.033333333333,405.581419728116,71.6973430532545
"MUT+DMSO","D11",47,1,"200Hz","2",30,17384,579.466666666667,688.795537118253,125.756284396185,399.5,180.5,332.984349250145,825.948984083189,304.307291666667,289.067240845556,51.1003515551944
"MUT+DMSO","D11",47,2,"200Hz","2",30,3352,111.733333333333,118.120024677804,21.5656673363667,82,94.75,69.4646253540545,154.002041312612,304.307291666667,289.067240845556,51.1003515551944
"MUT+DMSO","D12",48,1,"200Hz","2",30,42844,1428.13333333333,692.541283884981,126.440161062464,1252,759,1180.3106176509,1675.95604901576,304.307291666667,289.067240845556,51.1003515551944
"MUT+DMSO","D12",48,2,"200Hz","2",30,2257,75.2333333333333,78.4398224572598,14.3210867221805,68.5,135,47.1640033578596,103.302663308807,304.307291666667,289.067240845556,51.1003515551944
"WT+DMSO","E1",49,1,"200Hz","2",30,41868,1395.6,766.699266673212,139.979494393196,1403.5,994.75,1121.24019098934,1669.95980901066,343.455208333333,287.534732651481,50.8294398211308
"WT+DMSO","E1",49,2,"200Hz","2",30,6576,219.2,400.445045521553,73.1109281577792,0,202.75,75.9025808107527,362.497419189247,343.455208333333,287.534732651481,50.8294398211308
"WT+DMSO","E2",50,1,"200Hz","2",30,22942,764.733333333333,775.719329500638,141.626325020094,549,1211.75,487.145736293949,1042.32093037272,343.455208333333,287.534732651481,50.8294398211308
"WT+DMSO","E2",50,2,"200Hz","2",30,491,16.3666666666667,39.8466745320656,7.27497416092632,0,1.75,2.10771731125108,30.6256160220822,343.455208333333,287.534732651481,50.8294398211308
"Mut1","E3",51,1,"200Hz","2",30,26597,886.566666666667,530.889603650672,96.9267371548167,668.5,674.5,696.590261843226,1076.54307149011,267.914583333333,335.077019759856,59.2338082229932
"Mut1","E3",51,2,"200Hz","2",30,814,27.1333333333333,133.214562042706,24.3215402063205,0,0,-20.5368854710548,74.8035521377214,267.914583333333,335.077019759856,59.2338082229932
"Mut1","E4",52,1,"200Hz","2",30,17354,578.466666666667,758.76318296033,138.530570370598,279.5,549.5,306.946748740296,849.986584593038,267.914583333333,335.077019759856,59.2338082229932
"Mut1","E4",52,2,"200Hz","2",30,1523,50.7666666666667,134.808851477867,24.6126163019305,0,0,2.52593871488294,99.0073946184504,267.914583333333,335.077019759856,59.2338082229932
"Mut2","E5",53,1,"200Hz","2",30,25821,860.7,589.436033790805,107.6158039712,862.5,869.75,649.773024216447,1071.62697578355,442.31875,488.299548755184,86.3199805437804
"Mut2","E5",53,2,"200Hz","2",30,4196,139.866666666667,246.264888691626,44.9616115526341,1.5,207,51.7419080235038,227.99142530983,442.31875,488.299548755184,86.3199805437804
"Mut2","E6",54,1,"200Hz","2",30,34747,1158.23333333333,632.380488004805,115.456352735452,1218,711.25,931.938881971847,1384.52778469482,442.31875,488.299548755184,86.3199805437804
"Mut2","E6",54,2,"200Hz","2",30,11975,399.166666666667,380.30632692456,69.434118006172,319,436.5,263.07579537457,535.257537958764,442.31875,488.299548755184,86.3199805437804
"Mut3","E7",55,1,"200Hz","2",30,25151,838.366666666667,551.93630837783,100.769322134888,801,608.5,640.858795282285,1035.87453805105,373.142708333333,377.47331043199,66.7284843808488
"Mut3","E7",55,2,"200Hz","2",30,5983,199.433333333333,240.798482543812,43.9635869007532,144,274.5,113.264703007857,285.60196365881,373.142708333333,377.47331043199,66.7284843808488
"Mut3","E8",56,1,"200Hz","2",30,15036,501.2,319.403366207727,58.3148095383519,488.5,373,386.90297330483,615.49702669517,373.142708333333,377.47331043199,66.7284843808488
"Mut3","E8",56,2,"200Hz","2",30,1801,60.0333333333333,105.888191954544,19.3324504356469,0,84.5,22.1417304794654,97.9249361872012,373.142708333333,377.47331043199,66.7284843808488
"Mut4","E9",57,1,"200Hz","2",30,5656,188.533333333333,174.572528812789,31.8724373171616,177,340.25,126.063356191696,251.00331047497,338.033333333333,405.581419728116,71.6973430532545
"Mut4","E9",57,2,"200Hz","2",30,218,7.26666666666667,38.4913186211567,7.02752115897539,0,0,-6.50727480492509,21.0406081382584,338.033333333333,405.581419728116,71.6973430532545
"Mut4","E10",58,1,"200Hz","2",30,10938,364.6,393.338899239793,71.8135292859622,183.5,684,223.845482599514,505.354517400486,338.033333333333,405.581419728116,71.6973430532545
"Mut4","E10",58,2,"200Hz","2",30,3273,109.1,132.977921423847,24.2783357379969,12,208,61.5144619535261,156.685538046474,338.033333333333,405.581419728116,71.6973430532545
"MUT+DMSO","E11",59,1,"200Hz","2",30,9887,329.566666666667,330.964805226856,60.4256298543509,385,483.5,211.132432152139,448.000901181194,304.307291666667,289.067240845556,51.1003515551944
"MUT+DMSO","E11",59,2,"200Hz","2",30,2836,94.5333333333333,128.259363665255,23.4168488969062,0,215.5,48.6363094953972,140.430357171269,304.307291666667,289.067240845556,51.1003515551944
"MUT+DMSO","E12",60,1,"200Hz","2",30,0,0,0,0,0,0,0,0,304.307291666667,289.067240845556,51.1003515551944
"MUT+DMSO","E12",60,2,"200Hz","2",30,782,26.0666666666667,140.896130323831,25.7239962811832,0,0,-24.3523660444525,76.4856993777858,304.307291666667,289.067240845556,51.1003515551944
"WT+DMSO","F1",61,1,"200Hz","2",30,18457,615.233333333333,434.840968419596,79.3907357769347,611,509.25,459.627491210541,770.839175456125,343.455208333333,287.534732651481,50.8294398211308
"WT+DMSO","F1",61,2,"200Hz","2",30,2622,87.4,164.091143722859,29.958806967944,0,100,28.6807383428298,146.11926165717,343.455208333333,287.534732651481,50.8294398211308
"WT+DMSO","F2",62,1,"200Hz","2",30,2405,80.1666666666667,169.733682539753,30.9889888984812,0,12.75,19.4282484256435,140.90508490769,343.455208333333,287.534732651481,50.8294398211308
"WT+DMSO","F2",62,2,"200Hz","2",30,5463,182.1,172.242281244403,31.4469942645694,160.5,270.5,120.463891241444,243.736108758556,343.455208333333,287.534732651481,50.8294398211308
"Mut1","F3",63,1,"200Hz","2",30,136,4.53333333333333,13.9870218992177,2.55366913550676,0,0,-0.471858172259918,9.53852483892658,267.914583333333,335.077019759856,59.2338082229932
"Mut1","F3",63,2,"200Hz","2",30,2495,83.1666666666667,254.273553933328,46.4237870887634,0,0,-7.82395602730961,174.157289360643,267.914583333333,335.077019759856,59.2338082229932
"Mut1","F4",64,1,"200Hz","2",30,0,0,0,0,0,0,0,0,267.914583333333,335.077019759856,59.2338082229932
"Mut1","F4",64,2,"200Hz","2",30,6,0.2,0.805155799872898,0.147000664632167,0,0,-0.0881213026790474,0.488121302679047,267.914583333333,335.077019759856,59.2338082229932
"Mut2","F5",65,1,"200Hz","2",30,7,0.233333333333333,0.897634182970313,0.16388483013352,0,0,-0.0878809337283659,0.554547600395033,442.31875,488.299548755184,86.3199805437804
"Mut2","F5",65,2,"200Hz","2",30,949,31.6333333333333,143.111599407796,26.1284837454309,0,0,-19.5784948077113,82.845161474378,442.31875,488.299548755184,86.3199805437804
"Mut2","F6",66,1,"200Hz","2",30,0,0,0,0,0,0,0,0,442.31875,488.299548755184,86.3199805437804
"Mut2","F6",66,2,"200Hz","2",30,3700,123.333333333333,168.122355553274,30.6948021858108,81,177,63.1715210491442,183.495145617522,442.31875,488.299548755184,86.3199805437804
"Mut3","F7",67,1,"200Hz","2",30,12868,428.933333333333,244.565333395497,44.6513166281617,409,314.5,341.416752742136,516.44991392453,373.142708333333,377.47331043199,66.7284843808488
"Mut3","F7",67,2,"200Hz","2",30,9028,300.933333333333,341.818356010538,62.4072080521011,201.5,170.25,178.615205551215,423.251461115452,373.142708333333,377.47331043199,66.7284843808488
"Mut3","F8",68,1,"200Hz","2",30,7647,254.9,407.807709081384,74.4551604627928,0,386,108.967885492926,400.832114507074,373.142708333333,377.47331043199,66.7284843808488
"Mut3","F8",68,2,"200Hz","2",30,7485,249.5,172.364039372966,31.4692241557608,251.5,217,187.820320654709,311.179679345291,373.142708333333,377.47331043199,66.7284843808488
"Mut4","F9",69,1,"200Hz","2",30,16063,535.433333333333,409.7390829442,74.8077794733396,441.5,579.25,388.810085565588,682.056581101079,338.033333333333,405.581419728116,71.6973430532545
"Mut4","F9",69,2,"200Hz","2",30,7973,265.766666666667,238.538464090332,43.550965871637,220,209.25,180.406773558258,351.126559775075,338.033333333333,405.581419728116,71.6973430532545
"Mut4","F10",70,1,"200Hz","2",30,32345,1078.16666666667,836.18530710369,152.665851651692,1146.5,1061,778.941597429351,1377.39173590398,338.033333333333,405.581419728116,71.6973430532545
"Mut4","F10",70,2,"200Hz","2",30,7,0.233333333333333,1.27801930084539,0.233333333333333,0,0,-0.224,0.690666666666667,338.033333333333,405.581419728116,71.6973430532545
"MUT+DMSO","F11",71,1,"200Hz","2",30,9240,308,418.402132914719,76.3894287685554,20.5,571.75,158.276719613631,457.723280386369,304.307291666667,289.067240845556,51.1003515551944
"MUT+DMSO","F11",71,2,"200Hz","2",30,821,27.3666666666667,83.4693763101725,15.2393534219896,0,0,-2.50246604043297,57.2357993737663,304.307291666667,289.067240845556,51.1003515551944
"MUT+DMSO","F12",72,1,"200Hz","2",30,25420,847.333333333333,732.274648557179,133.694447767978,567.5,790.25,585.292215708096,1109.37445095857,304.307291666667,289.067240845556,51.1003515551944
"MUT+DMSO","F12",72,2,"200Hz","2",30,2886,96.2,101.572260671559,18.5444727955358,76,174,59.8528333207498,132.54716667925,304.307291666667,289.067240845556,51.1003515551944
"WT+DMSO","G1",73,1,"200Hz","2",30,20983,699.433333333333,413.506259247404,75.4955686197942,552.5,509.25,551.462018838537,847.40464782813,343.455208333333,287.534732651481,50.8294398211308
"WT+DMSO","G1",73,2,"200Hz","2",30,8389,279.633333333333,272.253239534044,49.7064135488844,207,251.5,182.20876277752,377.057903889147,343.455208333333,287.534732651481,50.8294398211308
"WT+DMSO","G2",74,1,"200Hz","2",30,22828,760.933333333333,504.042139271033,92.0250832039684,711.5,579.25,580.564170253555,941.302496413111,343.455208333333,287.534732651481,50.8294398211308
"WT+DMSO","G2",74,2,"200Hz","2",30,7265,242.166666666667,144.61174734877,26.4023720343863,245,196,190.418017479269,293.915315854064,343.455208333333,287.534732651481,50.8294398211308
"Mut1","G3",75,1,"200Hz","2",30,20329,677.633333333333,460.250342923196,84.0298316395075,596.5,346.5,512.934863319899,842.331803346768,267.914583333333,335.077019759856,59.2338082229932
"Mut1","G3",75,2,"200Hz","2",30,5163,172.1,425.058563916339,77.6047212392435,0,218,19.9947463710828,324.205253628917,267.914583333333,335.077019759856,59.2338082229932
"Mut1","G4",76,1,"200Hz","2",30,42413,1413.76666666667,363.711394048797,66.4043116473922,1374.5,474,1283.61421583778,1543.91911749556,267.914583333333,335.077019759856,59.2338082229932
"Mut1","G4",76,2,"200Hz","2",30,11338,377.933333333333,244.313243438706,44.6052915095434,379.5,363.5,290.506961974628,465.359704692038,267.914583333333,335.077019759856,59.2338082229932
"Mut2","G5",77,1,"200Hz","2",30,60493,2016.43333333333,493.044705487439,90.0172356846538,1968.5,703.25,1839.99955139141,2192.86711527525,442.31875,488.299548755184,86.3199805437804
"Mut2","G5",77,2,"200Hz","2",30,346,11.5333333333333,49.8409424091267,9.09966948159819,0,2.25,-6.30201885059912,29.3686855172658,442.31875,488.299548755184,86.3199805437804
"Mut2","G6",78,1,"200Hz","2",30,26058,868.6,556.960197921688,101.686554678083,779.5,776,669.294352830957,1067.90564716904,442.31875,488.299548755184,86.3199805437804
"Mut2","G6",78,2,"200Hz","2",30,8982,299.4,551.644663241437,100.716075261559,57,370.75,101.996492487345,496.803507512655,442.31875,488.299548755184,86.3199805437804
"Mut3","G7",79,1,"200Hz","2",30,49242,1641.4,753.153077813992,137.506309991056,1442,1364.25,1371.88763241753,1910.91236758247,373.142708333333,377.47331043199,66.7284843808488
"Mut3","G7",79,2,"200Hz","2",30,1587,52.9,279.254592775494,50.9846799166857,0,0,-47.029972636704,152.829972636704,373.142708333333,377.47331043199,66.7284843808488
"Mut3","G8",80,1,"200Hz","2",30,24338,811.266666666667,564.880331137266,103.132566551623,642.5,741,609.126836225486,1013.40649710785,373.142708333333,377.47331043199,66.7284843808488
"Mut3","G8",80,2,"200Hz","2",30,9370,312.333333333333,266.16670085433,48.595168704882,271.5,336,217.086802671765,407.579863994902,373.142708333333,377.47331043199,66.7284843808488
"Mut4","G9",81,1,"200Hz","2",30,8521,284.033333333333,237.962396816914,43.4457908582065,220,296.25,198.879583251249,369.187083415418,338.033333333333,405.581419728116,71.6973430532545
"Mut4","G9",81,2,"200Hz","2",30,7920,264,299.390184806751,54.6609192380994,195,205.5,156.864598293325,371.135401706675,338.033333333333,405.581419728116,71.6973430532545
"Mut4","G10",82,1,"200Hz","2",30,13296,443.2,277.642215810204,50.6903015049888,412,383.5,343.847009050222,542.552990949778,338.033333333333,405.581419728116,71.6973430532545
"Mut4","G10",82,2,"200Hz","2",30,5637,187.9,141.724197919276,25.875180048238,149.5,205,137.184647105453,238.615352894547,338.033333333333,405.581419728116,71.6973430532545
"MUT+DMSO","G11",83,1,"200Hz","2",30,15710,523.666666666667,381.097175889909,69.5785066121391,462.5,497,387.292793706874,660.040539626459,304.307291666667,289.067240845556,51.1003515551944
"MUT+DMSO","G11",83,2,"200Hz","2",30,5184,172.8,265.130078679673,48.4059082553255,89,232,77.9244198195621,267.675580180438,304.307291666667,289.067240845556,51.1003515551944
"MUT+DMSO","G12",84,1,"200Hz","2",30,14911,497.033333333333,326.305704276953,59.574998291699,433.5,523.25,380.266336681603,613.800329985063,304.307291666667,289.067240845556,51.1003515551944
"MUT+DMSO","G12",84,2,"200Hz","2",30,9057,301.9,299.934745776707,54.7603420138266,254.5,293.5,194.5697296529,409.2302703471,304.307291666667,289.067240845556,51.1003515551944
"WT+DMSO","H1",85,1,"200Hz","2",30,13678,455.933333333333,312.372449371638,57.0311456213289,460.5,368.25,344.152287915529,567.714378751138,343.455208333333,287.534732651481,50.8294398211308
"WT+DMSO","H1",85,2,"200Hz","2",30,8212,273.733333333333,409.719578899195,74.8042185382022,51.5,387,127.117064998457,420.34960166821,343.455208333333,287.534732651481,50.8294398211308
"WT+DMSO","H2",86,1,"200Hz","2",30,11247,374.9,381.290218907439,69.6137512838957,320.5,568,238.457047483564,511.342952516436,343.455208333333,287.534732651481,50.8294398211308
"WT+DMSO","H2",86,2,"200Hz","2",30,2588,86.2666666666667,221.273887599358,40.3988998750104,0,39.25,7.08482291164638,165.448510421687,343.455208333333,287.534732651481,50.8294398211308
"Mut1","H3",87,1,"200Hz","2",30,15628,520.933333333333,345.865923128615,63.1461893232968,451,470.75,397.166802259672,644.699864406995,267.914583333333,335.077019759856,59.2338082229932
"Mut1","H3",87,2,"200Hz","2",30,4790,159.666666666667,133.550541468153,24.3828813763788,143.5,177.75,111.876219168964,207.457114164369,267.914583333333,335.077019759856,59.2338082229932
"Mut1","H4",88,1,"200Hz","2",30,20142,671.4,369.713365208499,67.5001166452802,559.5,472.5,539.099771375251,803.700228624749,267.914583333333,335.077019759856,59.2338082229932
"Mut1","H4",88,2,"200Hz","2",30,347,11.5666666666667,62.5992637024746,11.4290096043532,0,0,-10.8341921578657,33.967525491199,267.914583333333,335.077019759856,59.2338082229932
"Mut2","H5",89,1,"200Hz","2",30,25517,850.566666666667,750.86477424061,137.088524829202,731.5,1072,581.873158001431,1119.2601753319,442.31875,488.299548755184,86.3199805437804
"Mut2","H5",89,2,"200Hz","2",30,4679,155.966666666667,331.283344016853,60.4837868145915,0,87.25,37.4184445100674,274.514888823266,442.31875,488.299548755184,86.3199805437804
"Mut2","H6",90,1,"200Hz","2",30,20213,673.766666666667,516.12426219176,94.2309669593792,599.5,623.5,489.073971426283,858.45936190705,442.31875,488.299548755184,86.3199805437804
"Mut2","H6",90,2,"200Hz","2",30,12529,417.633333333333,620.680298811984,113.320200219457,80,593.25,195.525740903198,639.740925763469,442.31875,488.299548755184,86.3199805437804
"Mut3","H7",91,1,"200Hz","2",30,19704,656.8,732.934461011304,133.814912489594,508.5,716.25,394.522771520396,919.077228479604,373.142708333333,377.47331043199,66.7284843808488
"Mut3","H7",91,2,"200Hz","2",30,4,0.133333333333333,0.571346463723366,0.104313115444032,0,0,-0.0711203729369684,0.337787039603635,373.142708333333,377.47331043199,66.7284843808488
"Mut3","H8",92,1,"200Hz","2",30,17424,580.8,381.439505756449,69.6410072088096,596.5,436.5,444.303625870733,717.296374129267,373.142708333333,377.47331043199,66.7284843808488
"Mut3","H8",92,2,"200Hz","2",30,6801,226.7,170.537517360803,31.1357483864802,170.5,144.25,165.673933162499,287.726066837501,373.142708333333,377.47331043199,66.7284843808488
"Mut4","H9",93,1,"200Hz","2",30,14983,499.433333333333,660.122594848779,120.52134530584,267,307.5,263.211496533887,735.65517013278,338.033333333333,405.581419728116,71.6973430532545
"Mut4","H9",93,2,"200Hz","2",30,2550,85,98.8579614989311,18.0489118339806,58.5,149.25,49.624132805398,120.375867194602,338.033333333333,405.581419728116,71.6973430532545
"Mut4","H10",94,1,"200Hz","2",30,7933,264.433333333333,198.71911962805,36.2809814759501,263,260.25,193.322609640471,335.544057026196,338.033333333333,405.581419728116,71.6973430532545
"Mut4","H10",94,2,"200Hz","2",30,1792,59.7333333333333,121.054827513684,22.1014865747139,0,53.25,16.414419646894,103.052247019773,338.033333333333,405.581419728116,71.6973430532545
"MUT+DMSO","H11",95,1,"200Hz","2",30,8243,274.766666666667,467.429705822231,85.3405979756133,10,336.75,107.499094634465,442.034238698869,304.307291666667,289.067240845556,51.1003515551944
"MUT+DMSO","H11",95,2,"200Hz","2",30,6970,232.333333333333,235.782970537319,43.0478838796219,150.5,421.75,147.959480929274,316.707185737392,304.307291666667,289.067240845556,51.1003515551944
"MUT+DMSO","H12",96,1,"200Hz","2",30,7651,255.033333333333,327.882283684287,59.8628409933973,178,358.25,137.702164986275,372.364501680392,304.307291666667,289.067240845556,51.1003515551944
"MUT+DMSO","H12",96,2,"200Hz","2",30,3997,133.233333333333,148.3857236681,27.0914026882489,111,151.5,80.1341840643655,186.332482602301,304.307291666667,289.067240845556,51.1003515551944
