"Condition","time","Phase","Group","n_samples","exp_sums","mean","median","iqr","sd","sem","CI_lower","CI_upper"
"WT+DMSO",1,"Dark","1",32,14470,452.1875,243.5,420,583.083208663915,103.075522710566,250.15947548729,654.21552451271
"WT+DMSO",2,"Dark","1",32,12122,378.8125,215,439,401.900841365532,71.0467025735366,239.560962955868,518.064037044132
"WT+DMSO",3,"Dark","1",32,14277,446.15625,222,481,722.473042665975,127.716396923397,195.832112030141,696.480387969859
"WT+DMSO",4,"Dark","1",32,12088,377.75,158.5,419.75,646.927577339675,114.361719218367,153.601030332,601.898969668
"WT+DMSO",5,"Dark","1",32,19711,615.96875,401.5,465.25,985.659971611456,174.24171246765,274.454993563406,957.482506436594
"WT+DMSO",6,"Dark","1",32,14275,446.09375,243.5,523.25,656.579472593109,116.067949364619,218.600569245348,673.586930754652
"WT+DMSO",7,"Dark","1",32,11279,352.46875,150,339,613.398780165126,108.434609256579,139.936915857105,565.000584142895
"WT+DMSO",8,"Dark","1",32,10126,316.4375,250.5,473,300.413901304141,53.1061766937161,212.349393680316,420.525606319684
"WT+DMSO",9,"Dark","1",32,15048,470.25,246,694.75,482.438095644438,85.2838122332266,303.093728022876,637.406271977124
"WT+DMSO",10,"Dark","1",32,13257,414.28125,299,524.75,441.519461038589,78.050351231554,261.302561586154,567.259938413846
"WT+DMSO",11,"Dark","1",32,11074,346.0625,244.5,481,386.929679157471,68.4001499936457,211.998206012455,480.126793987546
"WT+DMSO",12,"Dark","1",32,16388,512.125,317.5,687.25,644.881121828142,113.999953575967,288.685090991105,735.564909008895
"WT+DMSO",13,"Dark","1",32,18285,571.40625,354,748.25,649.660946776185,114.844915234378,346.310216140619,796.502283859381
"WT+DMSO",14,"Dark","1",32,12626,394.5625,254.5,434.5,507.307626816123,89.6801657673337,218.789375096026,570.335624903974
"WT+DMSO",15,"Dark","1",32,11984,374.5,185.5,411.75,506.57770158381,89.5511319969518,198.979781285975,550.020218714026
"WT+DMSO",16,"Dark","1",32,13731,429.09375,355,427.75,349.87420406391,61.8496055639592,307.86852309464,550.31897690536
"WT+DMSO",17,"Dark","1",32,13638,426.1875,260.5,691.75,487.022582605511,86.0942426878356,257.442784331842,594.932215668158
"WT+DMSO",18,"Dark","1",32,20190,630.9375,470,723.5,678.048762995701,119.863219572353,396.005589638189,865.869410361811
"WT+DMSO",19,"Dark","1",32,17028,532.125,288.5,573.25,629.298265095029,111.245267659406,314.084275387564,750.165724612436
"WT+DMSO",20,"Dark","1",32,16439,513.71875,383,632,460.026663629403,81.3219933447435,354.327643044303,673.109856955697
"WT+DMSO",21,"Dark","1",32,10220,319.375,232,409.25,331.499014740909,58.601300319989,204.516451372821,434.233548627178
"WT+DMSO",22,"Dark","1",32,14696,459.25,280,382,575.099318210735,101.664156940643,259.98825239634,658.51174760366
"WT+DMSO",23,"Dark","1",32,16137,504.28125,321.5,473.25,525.44213237597,92.885923731042,322.224839487158,686.337660512842
"WT+DMSO",24,"Dark","1",32,12105,378.28125,328,430.25,390.983477447701,69.1167670587917,242.812386564768,513.750113435232
"WT+DMSO",25,"Dark","1",32,17743,554.46875,435.5,842.25,534.307691007115,94.4531478878144,369.340580139884,739.596919860116
"WT+DMSO",26,"Dark","1",32,13063,408.21875,345,623.5,367.204938329907,64.9132754945663,280.98873003065,535.44876996935
"WT+DMSO",27,"Dark","1",32,11801,368.78125,338.5,511.25,423.813161388517,74.9202900934822,221.937481416775,515.625018583225
"WT+DMSO",28,"Dark","1",32,11170,349.0625,110.5,513.5,590.388223148343,104.366879030218,144.503417100774,553.621582899226
"WT+DMSO",29,"Dark","1",32,11569,361.53125,265.5,544.25,398.065401043678,70.3686861084319,223.608625227474,499.453874772526
"WT+DMSO",30,"Dark","1",32,12010,375.3125,242,660.75,376.42867100533,66.5438164752271,244.886619708555,505.738380291445
"WT+DMSO",31,"Dark","1",32,6444,201.375,116,287.75,245.056116022433,43.3202103526749,116.467387708757,286.282612291243
"WT+DMSO",32,"Dark","1",32,15350,479.6875,251.5,490.75,623.746559238037,110.263855444748,263.570343328294,695.804656671706
"WT+DMSO",33,"Dark","1",32,10206,318.9375,186,553.5,377.216711693219,66.6831237037915,188.238577540569,449.636422459431
"WT+DMSO",34,"Dark","1",32,12405,387.65625,274.5,352,514.363785496846,90.9275301804006,209.438290846415,565.874209153585
"WT+DMSO",35,"Dark","1",32,11711,365.96875,181.5,545.75,508.976422825199,89.9751700109424,189.617416778553,542.320083221447
"WT+DMSO",36,"Dark","1",32,14476,452.375,337.5,658.75,444.931219766135,78.653470664559,298.214197497464,606.535802502536
"WT+DMSO",37,"Dark","1",32,12934,404.1875,300.5,565.25,440.536508501373,77.8765881303916,251.549387264433,556.825612735567
"WT+DMSO",38,"Dark","1",32,12221,381.90625,221.5,561,426.876907495856,75.4618890055656,234.000947549091,529.811552450909
"WT+DMSO",39,"Dark","1",32,16095,502.96875,332.5,596,637.922509419595,112.769833070534,281.939877181754,723.997622818246
"WT+DMSO",40,"Dark","1",32,10995,343.59375,238,518.25,332.191924643552,58.7237906427165,228.495120340276,458.692379659724
"WT+DMSO",41,"Dark","1",32,10323,322.59375,226.5,529.25,396.466803668719,70.0860913473766,185.225010959142,459.962489040858
"WT+DMSO",42,"Dark","1",32,14056,439.25,311.5,607.75,490.02442335446,86.6248981752416,269.465199576527,609.034800423473
"WT+DMSO",43,"Dark","1",32,13105,409.53125,192.5,462.5,527.030205682381,93.1666580820381,226.924600159205,592.137899840795
"WT+DMSO",44,"Dark","1",32,7401,231.28125,119.5,391.75,319.19032995044,56.425411699282,120.687443069407,341.875056930593
"WT+DMSO",45,"Dark","1",32,13230,413.4375,106.5,702,569.78880849866,100.725382583401,216.015750136533,610.859249863467
"WT+DMSO",46,"Dark","1",32,15796,493.625,273.5,826,547.568275312798,96.7973101590755,303.902272088212,683.347727911788
"WT+DMSO",47,"Dark","1",32,10286,321.4375,223.5,403.25,372.8554106595,65.9121473198569,192.249691253081,450.625308746919
"WT+DMSO",48,"Dark","1",32,10967,342.71875,252,358.25,415.035345123295,73.3685767421953,198.916339585297,486.521160414703
"WT+DMSO",49,"Dark","1",32,14767,461.46875,333,548.25,446.168634716559,78.8722167902057,306.879205091197,616.058294908803
"WT+DMSO",50,"Dark","1",32,15893,496.65625,221.5,557.25,696.318457426791,123.09287577796,255.394213475198,737.918286524802
"WT+DMSO",51,"Dark","1",32,12319,384.96875,235.5,422.25,443.167810958056,78.3417410830098,231.418937477301,538.518562522699
"WT+DMSO",52,"Dark","1",32,12481,390.03125,322.5,357,319.638251614479,56.5045938108026,279.282246130827,500.780253869173
"WT+DMSO",53,"Dark","1",32,8534,266.6875,140.5,328.25,349.429252380728,61.7709484758397,145.616440987354,387.758559012646
"WT+DMSO",54,"Dark","1",32,11355,354.84375,154.5,453.75,561.006762616649,99.172921534436,160.464823792505,549.222676207495
"WT+DMSO",55,"Dark","1",32,12518,391.1875,271,465.25,381.958487653204,67.5213591878346,258.845635991844,523.529364008156
"WT+DMSO",56,"Dark","1",32,13878,433.6875,247.5,528.5,476.036013648466,84.1520733349605,268.749436263477,598.625563736523
"Mut1",1,"Dark","1",32,13105,409.53125,215.5,456.5,523.42371563458,92.5291146897677,228.174185208055,590.888314791945
"Mut1",2,"Dark","1",32,8775,274.21875,180,462.75,272.790210586699,48.2229519367903,179.701764203891,368.735735796109
"Mut1",3,"Dark","1",32,10359,323.71875,167,385,442.221170352647,78.174397085152,170.496931713102,476.940568286898
"Mut1",4,"Dark","1",32,13875,433.59375,300,526.75,476.041531081602,84.1530486885569,268.653774570428,598.533725429572
"Mut1",5,"Dark","1",32,12183,380.71875,275,531,523.475928175339,92.538344650176,199.343594485655,562.093905514345
"Mut1",6,"Dark","1",32,11979,374.34375,177.5,443,635.121355402816,112.274654320431,154.285427531956,594.402072468044
"Mut1",7,"Dark","1",32,9639,301.21875,212.5,473.75,357.758319429427,63.2433334236127,177.261816489719,425.175683510281
"Mut1",8,"Dark","1",32,9227,288.34375,235,391.75,339.962010152273,60.0973606811205,170.552923065004,406.134576934996
"Mut1",9,"Dark","1",32,9509,297.15625,183,469.5,339.884336054431,60.0836297107939,179.392335766844,414.920164233156
"Mut1",10,"Dark","1",32,9861,308.15625,140.5,444.75,454.178670922543,80.2882045199059,150.791369140984,465.521130859016
"Mut1",11,"Dark","1",32,8696,271.75,152.5,428,308.398569094208,54.5176798786856,164.895347437776,378.604652562224
"Mut1",12,"Dark","1",32,10570,330.3125,196.5,457,411.187535701326,72.6883737084483,187.843287531441,472.781712468559
"Mut1",13,"Dark","1",32,10770,336.5625,177,514.5,427.130103130182,75.5066480930653,188.569469737592,484.555530262408
"Mut1",14,"Dark","1",32,12724,397.625,228.5,547,570.669937371292,100.881145633636,199.897954558074,595.352045441926
"Mut1",15,"Dark","1",32,10433,326.03125,179.5,503.25,398.761104355445,70.4916702407929,187.867576328046,464.194923671954
"Mut1",16,"Dark","1",32,12689,396.53125,224,342.5,583.263509549998,103.107395705367,194.440754417481,598.621745582519
"Mut1",17,"Dark","1",32,13108,409.625,306,538.5,481.34648174041,85.0908403347327,242.846952943924,576.403047056076
"Mut1",18,"Dark","1",32,9110,284.6875,185.5,392.25,344.403499054946,60.8825124115318,165.357775673398,404.017224326602
"Mut1",19,"Dark","1",32,12869,402.15625,234.5,488.75,486.800555926141,86.0549935451889,233.48846265143,570.82403734857
"Mut1",20,"Dark","1",32,8997,281.15625,121.5,434.75,381.220883340828,67.3909679350563,149.06995284729,413.24254715271
"Mut1",21,"Dark","1",32,12124,378.875,165.5,534,564.64934879691,99.8168458817158,183.233982071837,574.516017928163
"Mut1",22,"Dark","1",32,9812,306.625,120.5,632.75,404.171534168672,71.4481081433096,166.586708039113,446.663291960887
"Mut1",23,"Dark","1",32,13102,409.4375,296.5,710.25,465.659223141531,82.3176986013591,248.094810741336,570.780189258664
"Mut1",24,"Dark","1",32,9117,284.90625,148,336,400.829169579116,70.8572559766914,146.026028285685,423.786471714315
"Mut1",25,"Dark","1",32,13698,428.0625,268.5,454,596.467879647859,105.441620614741,221.396923595108,634.728076404892
"Mut1",26,"Dark","1",32,11266,352.0625,239,556.5,464.046781394485,82.0326564779579,191.278493303203,512.846506696797
"Mut1",27,"Dark","1",32,10630,332.1875,231,427,411.696054303454,72.7782679464293,189.542094824999,474.832905175001
"Mut1",28,"Dark","1",32,9930,310.3125,113.5,511.25,452.191326727683,79.9368883807215,153.636198773786,466.988801226214
"Mut1",29,"Dark","1",32,9213,287.90625,147.5,349.75,415.226355631829,73.4023429486609,144.037657820625,431.774842179375
"Mut1",30,"Dark","1",32,10531,329.09375,202.5,349.5,438.873437511574,77.5825959367712,177.031861963928,481.155638036072
"Mut1",31,"Dark","1",32,7643,238.84375,50,286.5,370.950662694146,65.5754322691685,110.31590275243,367.37159724757
"Mut1",32,"Dark","1",32,10244,320.125,161,392.25,462.723198104997,81.7986777980924,159.799591515739,480.450408484261
"Mut1",33,"Dark","1",32,11721,366.28125,182,484.75,582.139614912093,102.908717325417,164.580164042183,567.982335957817
"Mut1",34,"Dark","1",32,13062,408.1875,183.5,496.75,566.350936314681,100.117646899865,211.956912076264,604.418087923736
"Mut1",35,"Dark","1",32,7724,241.375,194.5,331.25,291.684954879791,51.5631023913981,140.31131931286,342.43868068714
"Mut1",36,"Dark","1",32,11991,374.71875,302,524,376.07036355817,66.4804760688181,244.417016905117,505.020483094883
"Mut1",37,"Dark","1",32,12426,388.3125,254,347,461.920146534218,81.6567169952573,228.265334689296,548.359665310704
"Mut1",38,"Dark","1",32,13579,424.34375,308.5,464.75,415.54042615145,73.4578632972096,280.366337937469,568.321162062531
"Mut1",39,"Dark","1",32,11181,349.40625,218.5,449.5,405.601095895876,71.7008213411672,208.872640171312,489.939859828688
"Mut1",40,"Dark","1",32,11638,363.6875,299,432,403.94717296744,71.408446311603,223.726945229258,503.648054770742
"Mut1",41,"Dark","1",32,15423,481.96875,269,794.5,559.509029266414,98.908157182346,288.108761922602,675.828738077398
"Mut1",42,"Dark","1",32,9031,282.21875,86.5,353.25,516.436220611682,91.293888411218,103.282728714013,461.154771285987
"Mut1",43,"Dark","1",32,11512,359.75,237,510.5,452.95132544878,80.0712384430667,202.810372651589,516.689627348411
"Mut1",44,"Dark","1",32,10388,324.625,215.5,327,360.935142954181,63.8049217878593,199.567353295796,449.682646704204
"Mut1",45,"Dark","1",32,9974,311.6875,181.5,519,395.967124531415,69.9977597207755,174.49189094728,448.88310905272
"Mut1",46,"Dark","1",32,10866,339.5625,253.5,553.25,384.791936866431,68.0222469760398,206.238895926962,472.886104073038
"Mut1",47,"Dark","1",32,11288,352.75,206,489.75,339.47635197225,60.0115076330123,235.127445039296,470.372554960704
"Mut1",48,"Dark","1",32,13512,422.25,241,534.5,482.098571101455,85.2237922065459,255.21136727517,589.28863272483
"Mut1",49,"Dark","1",32,8922,278.8125,169,442.75,373.792286420007,66.0777651207028,149.300080363422,408.324919636578
"Mut1",50,"Dark","1",32,9351,292.21875,158.5,348.75,417.456641316236,73.7966054815176,147.577403256225,436.860096743775
"Mut1",51,"Dark","1",32,10704,334.5,174,520.5,481.04825054753,85.0381200100208,167.825284780359,501.174715219641
"Mut1",52,"Dark","1",32,12479,389.96875,229,453.75,509.70373965446,90.1037426764529,213.365414354152,566.572085645848
"Mut1",53,"Dark","1",32,15830,494.6875,312,576.5,662.19675652697,117.060954254989,265.248029660221,724.126970339779
"Mut1",54,"Dark","1",32,11920,372.5,131.5,605.75,548.178155641558,96.9051227881202,182.565959335285,562.434040664715
"Mut1",55,"Dark","1",32,10151,317.21875,185.5,349.25,470.88418782836,83.2413505917383,154.065702840193,480.371797159807
"Mut1",56,"Dark","1",32,10493,327.90625,177.5,384.25,440.298019262101,77.8344287908091,175.350769570014,480.461730429986
"Mut2",1,"Dark","1",32,13809,431.53125,214.5,550.5,596.327685647208,105.416837582605,224.914248338094,638.148251661906
"Mut2",2,"Dark","1",32,12693,396.65625,208,438.75,600.660099759879,106.1827074321,188.538143433085,604.774356566915
"Mut2",3,"Dark","1",32,8495,265.46875,159,350,370.534050881836,65.5017850097669,137.085251380857,393.852248619143
"Mut2",4,"Dark","1",32,14751,460.96875,224.5,356.25,579.014818706964,102.356326178798,260.350350689555,661.587149310445
"Mut2",5,"Dark","1",32,11383,355.71875,154,392,516.356230771404,91.2797480715964,176.810443779671,534.627056220329
"Mut2",6,"Dark","1",32,14360,448.75,216,623.75,642.552972587199,113.588391046995,226.116753547889,671.383246452111
"Mut2",7,"Dark","1",32,11871,370.96875,181.5,491.5,509.807394647328,90.1220664635431,194.329499731456,547.608000268544
"Mut2",8,"Dark","1",32,12101,378.15625,193,399.5,521.318001482161,92.1568735006637,197.528777938699,558.783722061301
"Mut2",9,"Dark","1",32,11658,364.3125,75,384.75,605.729016251518,107.078773738226,154.438103473077,574.186896526923
"Mut2",10,"Dark","1",32,10762,336.3125,167,472.75,415.620285566277,73.4719805806509,192.307418061924,480.317581938076
"Mut2",11,"Dark","1",32,12176,380.5,82.5,428.75,696.757698430796,123.170523351087,139.08577423187,621.91422576813
"Mut2",12,"Dark","1",32,10697,334.28125,101.5,480.75,459.718022577164,81.2674327994958,174.997081712988,493.565418287012
"Mut2",13,"Dark","1",32,13187,412.09375,171,656.5,587.768571933908,103.9037857457,208.442329938428,615.745170061572
"Mut2",14,"Dark","1",32,9972,311.625,186.5,389.5,439.605670074091,77.7120375893614,159.309406324852,463.940593675148
"Mut2",15,"Dark","1",32,11606,362.6875,120.5,451.5,534.496473177054,94.4865201759472,177.493920455143,547.881079544856
"Mut2",16,"Dark","1",32,11482,358.8125,207,469.75,492.831217427394,87.1210739558331,188.055195046567,529.569804953433
"Mut2",17,"Dark","1",32,13307,415.84375,165.5,522.25,696.738443513314,123.167119530406,174.436195720404,657.251304279596
"Mut2",18,"Dark","1",32,12270,383.4375,260.5,621.5,436.950055276861,77.2425867815262,232.042029908209,534.832970091791
"Mut2",19,"Dark","1",32,13230,413.4375,127,589.75,710.607597242011,125.618862693126,167.224529121473,659.650470878527
"Mut2",20,"Dark","1",32,10601,331.28125,98.5,484,500.646758115231,88.5026794105852,157.815998355253,504.746501644747
"Mut2",21,"Dark","1",32,10619,331.84375,194.5,386.25,436.210596473546,77.1118676979682,180.704489311982,482.983010688018
"Mut2",22,"Dark","1",32,13184,412,168,670.75,571.12661722531,100.961875989038,214.114723061486,609.885276938514
"Mut2",23,"Dark","1",32,14180,443.125,299,584.75,471.48986579606,83.3484203412824,279.762096131087,606.487903868913
"Mut2",24,"Dark","1",32,17496,546.75,405.5,556.5,569.411127620513,100.658617405886,349.459109884464,744.040890115536
"Mut2",25,"Dark","1",32,13439,419.96875,216.5,511.75,518.395320840529,91.6402116754285,240.35393511616,599.58356488384
"Mut2",26,"Dark","1",32,16443,513.84375,331,663,633.912231096601,112.060909321375,294.204367730105,733.483132269895
"Mut2",27,"Dark","1",32,13198,412.4375,306,587.75,502.402289489082,88.8130164453441,238.363987767126,586.511012232874
"Mut2",28,"Dark","1",32,12878,402.4375,83,587.25,544.094449669623,96.1832187418383,213.918391265997,590.956608734003
"Mut2",29,"Dark","1",32,15586,487.0625,331.5,604.25,580.069625270355,102.542791397252,286.078628861386,688.046371138614
"Mut2",30,"Dark","1",32,12629,394.65625,97.5,628.75,544.868946029019,96.3201316487716,205.868791968408,583.443708031592
"Mut2",31,"Dark","1",32,14472,452.25,65.5,543.75,728.613840818481,128.801946927281,199.79818402253,704.70181597747
"Mut2",32,"Dark","1",32,12821,400.65625,229,471.25,549.253781720136,97.095268411666,210.349523913135,590.962976086865
"Mut2",33,"Dark","1",32,15562,486.3125,242.5,650.5,628.096481056954,111.032820248695,268.688172312558,703.936827687442
"Mut2",34,"Dark","1",32,13833,432.28125,154.5,774.75,564.73192237842,99.8314429665739,236.611621785515,627.950878214485
"Mut2",35,"Dark","1",32,12566,392.6875,162.5,445.25,603.222659233639,106.635708227372,183.681511874351,601.693488125649
"Mut2",36,"Dark","1",32,19990,624.6875,360,714.75,782.364630669473,138.303833926723,353.611985503622,895.763014496378
"Mut2",37,"Dark","1",32,12469,389.65625,131.5,562.5,610.496498596337,107.921553512028,178.130005116424,601.182494883575
"Mut2",38,"Dark","1",32,16776,524.25,240.5,836.25,692.082877751949,122.344124000376,284.455516959263,764.044483040737
"Mut2",39,"Dark","1",32,13448,420.25,199,439.75,586.491371660537,103.678006502141,217.041107255803,623.458892744197
"Mut2",40,"Dark","1",32,12418,388.0625,274.5,555,448.894767286025,79.3541334967763,232.528398346318,543.596601653682
"Mut2",41,"Dark","1",32,15187,474.59375,292,705.25,576.008448603754,101.824870007114,275.017004786056,674.170495213944
"Mut2",42,"Dark","1",32,10037,313.65625,9.5,423.5,562.292175765784,99.400152623031,118.831950858859,508.480549141141
"Mut2",43,"Dark","1",32,13309,415.90625,202.5,490,610.468057306798,107.916525754854,204.389859520487,627.422640479513
"Mut2",44,"Dark","1",32,8963,280.09375,97.5,452.25,398.135603368193,70.3810962433617,142.146801363011,418.040698636989
"Mut2",45,"Dark","1",32,13932,435.375,198,509.5,658.701496347414,116.443073711246,207.146575525959,663.603424474041
"Mut2",46,"Dark","1",32,11566,361.4375,182,448,521.386608926372,92.1690016979241,180.786256672069,542.088743327931
"Mut2",47,"Dark","1",32,15758,492.4375,226.5,648.75,592.342584914529,104.712364644658,287.20126529647,697.67373470353
"Mut2",48,"Dark","1",32,12729,397.78125,208.5,518,536.590054034465,94.8566164812565,211.862281696737,583.700218303263
"Mut2",49,"Dark","1",32,9851,307.84375,65.5,426.75,473.077236371167,83.6290304657608,143.930850287109,471.756649712891
"Mut2",50,"Dark","1",32,11157,348.65625,208,451.25,501.220099059897,88.6040327280616,174.992345852999,522.320154147001
"Mut2",51,"Dark","1",32,15208,475.25,304,831,542.797710789857,95.9539855280106,287.180188365099,663.319811634901
"Mut2",52,"Dark","1",32,9792,306,173.5,394,402.448794578968,71.1435679317851,166.558606853701,445.441393146299
"Mut2",53,"Dark","1",32,12900,403.125,142.5,394.75,693.15281329635,122.533263670096,162.959803206613,643.290196793387
"Mut2",54,"Dark","1",32,16299,509.34375,241,701.5,745.673439264262,131.817686363614,250.981084727317,767.706415272683
"Mut2",55,"Dark","1",32,13044,407.625,146.5,487.25,581.565614970597,102.807247512659,206.122794875189,609.127205124811
"Mut2",56,"Dark","1",32,10409,325.28125,159,511.5,458.80990753252,81.1068992229545,166.311727523009,484.250772476991
"Mut3",1,"Dark","1",32,15464,483.25,326.5,574.5,556.307642899491,98.3422266800335,290.499235707134,676.000764292866
"Mut3",2,"Dark","1",32,15948,498.375,233,742,627.950057085393,111.00693590289,280.801405630335,715.948594369665
"Mut3",3,"Dark","1",32,15356,479.875,181.5,1020.75,572.168864652228,101.14612104485,281.628602752095,678.121397247905
"Mut3",4,"Dark","1",32,15853,495.40625,304,803.5,552.688785984686,97.7024971138829,303.909355656789,686.903144343211
"Mut3",5,"Dark","1",32,14448,451.5,391,655,378.64861572908,66.9362509672329,320.304948104224,582.695051895776
"Mut3",6,"Dark","1",32,17090,534.0625,210.5,678,724.83399378643,128.133758060228,282.920334201953,785.204665798047
"Mut3",7,"Dark","1",32,15280,477.5,286,634.75,522.260842009789,92.3235457333295,296.545850362674,658.454149637326
"Mut3",8,"Dark","1",32,18787,587.09375,459,718.25,592.184766250393,104.684465982756,381.912196673799,792.275303326201
"Mut3",9,"Dark","1",32,14197,443.65625,269.5,541.75,479.71252206988,84.8019943439284,277.4443410859,609.8681589141
"Mut3",10,"Dark","1",32,15092,471.625,298.5,548.75,561.579670043754,99.2741982161106,277.047571496423,666.202428503577
"Mut3",11,"Dark","1",32,14735,460.46875,194.5,613.25,656.301906549358,116.018882156678,233.071740972912,687.865759027088
"Mut3",12,"Dark","1",32,13683,427.59375,119.5,672.75,641.210591916169,113.351089428141,205.425614720844,649.761885279156
"Mut3",13,"Dark","1",32,15910,497.1875,340,739,566.687399604904,100.1771257684,300.840333493937,693.534666506063
"Mut3",14,"Dark","1",32,13178,411.8125,280,662.75,476.451225374949,84.2254730918166,246.730572740039,576.894427259961
"Mut3",15,"Dark","1",32,19194,599.8125,296.5,951.25,687.051129125233,121.454628106582,361.7614289111,837.8635710889
"Mut3",16,"Dark","1",32,16383,511.96875,340,617.25,499.280545893854,88.2611649290163,338.976866739128,684.960633260872
"Mut3",17,"Dark","1",32,18934,591.6875,308,613,770.074920423017,136.131299563202,324.870152856125,858.504847143875
"Mut3",18,"Dark","1",32,13865,433.28125,237.5,436.5,685.988019945002,121.266695178961,195.598527449237,670.963972550763
"Mut3",19,"Dark","1",32,15071,470.96875,340.5,657.25,543.417648708081,96.0635761044833,282.684140835213,659.253359164787
"Mut3",20,"Dark","1",32,15455,482.96875,345.5,692.5,608.750570477311,107.612914108921,272.047438346514,693.890061653486
"Mut3",21,"Dark","1",32,13529,422.78125,261,570.25,510.262597440547,90.2025357090181,245.984280010324,599.578219989676
"Mut3",22,"Dark","1",32,15121,472.53125,331,647,574.06614120309,101.481515323575,273.627479965793,671.435020034207
"Mut3",23,"Dark","1",32,15544,485.75,228,749,625.682698106378,110.606119675529,268.962005435963,702.537994564037
"Mut3",24,"Dark","1",32,17128,535.25,306.5,828.5,636.974096804572,112.602175822672,314.549735387562,755.950264612438
"Mut3",25,"Dark","1",32,17894,559.1875,383.5,526,611.416675276731,108.084219304677,347.342430162832,771.032569837168
"Mut3",26,"Dark","1",32,17770,555.3125,281.5,830.25,664.894919541621,117.537926596091,324.938163871662,785.686836128338
"Mut3",27,"Dark","1",32,14794,462.3125,294,547.25,527.154163501318,93.188570935626,279.662900966173,644.962099033827
"Mut3",28,"Dark","1",32,18982,593.1875,237.5,821.25,738.872569112629,130.615451013066,337.18121601439,849.19378398561
"Mut3",29,"Dark","1",32,14481,452.53125,163.5,525,677.187732315336,119.711009414129,217.897671548308,687.164828451692
"Mut3",30,"Dark","1",32,9865,308.28125,123,442.5,475.037807281456,83.9756137121765,143.689047124134,472.873452875866
"Mut3",31,"Dark","1",32,15863,495.71875,252.5,623,609.093204074713,107.673483743968,284.678721861823,706.758778138177
"Mut3",32,"Dark","1",32,13451,420.34375,224.5,552.5,549.183359084342,97.0828193308362,230.061424111561,610.626075888439
"Mut3",33,"Dark","1",32,12892,402.875,127.5,401.5,605.39860236206,107.020364262768,193.115086044975,612.634913955025
"Mut3",34,"Dark","1",32,20597,643.65625,481.5,940.25,672.318262258381,118.850200589614,410.709856844356,876.602643155644
"Mut3",35,"Dark","1",32,13016,406.75,196.5,465,582.534672926248,102.978554375609,204.912033423806,608.587966576194
"Mut3",36,"Dark","1",32,11767,367.71875,203,541,468.224183579522,82.7711238311537,205.487347290939,529.950152709061
"Mut3",37,"Dark","1",32,15184,474.5,241.5,624.5,640.02429389375,113.141379584101,252.742896015163,696.257103984837
"Mut3",38,"Dark","1",32,12673,396.03125,194,641.25,506.437365765549,89.5263238947679,220.559655166255,571.502844833745
"Mut3",39,"Dark","1",32,11192,349.75,284.5,485.5,423.585235357541,74.8799980829542,202.98520375741,496.51479624259
"Mut3",40,"Dark","1",32,15690,490.3125,256.5,959.5,582.669022272618,103.002304209076,288.427983750211,692.197016249789
"Mut3",41,"Dark","1",32,17604,550.125,300.5,747.5,644.42696475491,113.919669189415,326.842448388746,773.407551611254
"Mut3",42,"Dark","1",32,13498,421.8125,272.5,417,558.479874446063,98.7262265942557,228.309095875259,615.315904124741
"Mut3",43,"Dark","1",32,18169,567.78125,443,748.25,587.873682634179,103.922366867934,364.093410938849,771.469089061151
"Mut3",44,"Dark","1",32,12794,399.8125,86,646.5,530.138474758581,93.7161276174215,216.128889869854,583.496110130146
"Mut3",45,"Dark","1",32,16049,501.53125,146,714.25,737.050923280111,130.293426482793,246.156134093726,756.906365906274
"Mut3",46,"Dark","1",32,19183,599.46875,271,725.25,765.006092506838,135.235248915152,334.407662126302,864.529837873698
"Mut3",47,"Dark","1",32,15735,491.71875,217,766,678.706465811157,119.979486102556,256.55895723899,726.87854276101
"Mut3",48,"Dark","1",32,13300,415.625,173.5,515.75,616.811925640955,109.037973834363,201.910571284649,629.339428715351
"Mut3",49,"Dark","1",32,15605,487.65625,394.5,718,509.892120745543,90.1370440631908,310.987643636146,664.324856363854
"Mut3",50,"Dark","1",32,13574,424.1875,145.5,584,644.685991957175,113.965459162224,200.815200042042,647.559799957958
"Mut3",51,"Dark","1",32,14514,453.5625,286.5,554.25,598.647720067433,105.826965600387,246.141647423242,660.983352576758
"Mut3",52,"Dark","1",32,12336,385.5,193.5,746.5,496.092603218131,87.6976109580069,213.612682522306,557.387317477694
"Mut3",53,"Dark","1",32,15987,499.59375,199.5,847.5,624.047447502088,110.317045477721,283.372340863668,715.815159136332
"Mut3",54,"Dark","1",32,12112,378.5,148,638.5,459.926151154866,81.3042250816588,219.143718839949,537.856281160051
"Mut3",55,"Dark","1",32,17317,541.15625,335,804.25,651.672345405365,115.200483636969,315.363302071541,766.949197928459
"Mut3",56,"Dark","1",32,13346,417.0625,130,440,669.289413145305,118.314770652853,185.165549520409,648.959450479591
"Mut4",1,"Dark","1",32,14300,446.875,279.5,621.75,493.10718261691,87.1698581700526,276.022077986697,617.727922013303
"Mut4",2,"Dark","1",32,15727,491.46875,327.5,495.5,674.618505545315,119.256829996257,257.725363207337,725.212136792663
"Mut4",3,"Dark","1",32,9153,286.03125,175,379,400.751671509604,70.8435561240713,147.17787999682,424.88462000318
"Mut4",4,"Dark","1",32,17221,538.15625,342.5,651.5,671.330749182835,118.675631291557,305.552012668548,770.760487331452
"Mut4",5,"Dark","1",32,13230,413.4375,248,641.75,426.628941859619,75.4180544598445,265.618113258705,561.256886741295
"Mut4",6,"Dark","1",32,12778,399.3125,276.5,633.5,396.447567008674,70.0826907541853,261.950426121797,536.674573878203
"Mut4",7,"Dark","1",32,16766,523.9375,353.5,463.5,615.361521724713,108.781576223204,310.725610602519,737.149389397481
"Mut4",8,"Dark","1",32,14682,458.8125,230,537.5,577.15612230672,102.027751971603,258.838106135657,658.786893864343
"Mut4",9,"Dark","1",32,12074,377.3125,225.5,596,446.595251372411,78.9476326727857,222.57513996134,532.04986003866
"Mut4",10,"Dark","1",32,14041,438.78125,260,555,552.718427666618,97.7077370724579,247.274085337983,630.288414662017
"Mut4",11,"Dark","1",32,12648,395.25,194.5,527.5,585.549700378118,103.511540964779,192.367379709032,598.132620290968
"Mut4",12,"Dark","1",32,13669,427.15625,219.5,476,567.465224705444,100.314627119192,230.539580846384,623.772919153616
"Mut4",13,"Dark","1",32,13864,433.25,307,539.75,463.655948640452,81.9635663552863,272.601409943639,593.898590056361
"Mut4",14,"Dark","1",32,9161,286.28125,184.5,373.5,394.437797898845,69.7274104126406,149.615525591224,422.946974408776
"Mut4",15,"Dark","1",32,14239,444.96875,363,705,501.093802587834,88.5817064551027,271.348605347999,618.588894652001
"Mut4",16,"Dark","1",32,12623,394.46875,317.5,478.75,420.302961727724,74.2997685976159,248.841203548673,540.096296451327
"Mut4",17,"Dark","1",32,15006,468.9375,341,751.75,492.77980016597,87.1119845822772,298.198010218737,639.676989781263
"Mut4",18,"Dark","1",32,14887,465.21875,199.5,467.75,727.315511886448,128.572432629268,213.216782046635,717.220717953365
"Mut4",19,"Dark","1",32,12297,384.28125,124.5,515.5,607.089791646152,107.319327115531,173.93536885356,594.62713114644
"Mut4",20,"Dark","1",32,14437,451.15625,301,590,559.754560809266,98.9515614370824,257.211189583319,645.101310416681
"Mut4",21,"Dark","1",32,13738,429.3125,212,615.5,578.265060191872,102.22378634623,228.953878761389,629.671121238611
"Mut4",22,"Dark","1",32,10842,338.8125,229.5,306,437.14066810316,77.2762826870406,187.3509859334,490.2740140666
"Mut4",23,"Dark","1",32,12132,379.125,193.5,658.5,480.732287513606,84.982265109048,212.559760386266,545.690239613734
"Mut4",24,"Dark","1",32,9495,296.71875,214,345.75,321.319681472537,56.8018314244832,185.387160408013,408.050339591987
"Mut4",25,"Dark","1",32,16485,515.15625,342.5,602.25,534.484081019167,94.4843295312282,329.966964118793,700.345535881207
"Mut4",26,"Dark","1",32,15601,487.53125,250.5,797.75,559.933693331112,98.9832278923144,293.524123331064,681.538376668936
"Mut4",27,"Dark","1",32,14027,438.34375,299.5,724,456.275921711711,80.6589495836232,280.252208816099,596.435291183901
"Mut4",28,"Dark","1",32,8765,273.90625,156.5,389.75,366.27799766377,64.7494139868705,146.997398585734,400.815101414266
"Mut4",29,"Dark","1",32,17004,531.375,287.5,812.5,583.36021904248,103.124491689852,329.25099628789,733.49900371211
"Mut4",30,"Dark","1",32,12170,380.3125,246.5,442.5,462.583867722837,81.7740474335798,220.035367030184,540.589632969816
"Mut4",31,"Dark","1",32,11853,370.40625,226,447.75,485.676771537707,85.8563346547756,202.12783407664,538.68466592336
"Mut4",32,"Dark","1",32,13717,428.65625,302.5,542.75,524.409628696265,92.7034011426622,246.957583760382,610.354916239618
"Mut4",33,"Dark","1",32,15438,482.4375,345.5,758.25,453.625889451479,80.1904856382299,325.264148149069,639.610851850931
"Mut4",34,"Dark","1",32,12244,382.625,326.5,474.25,469.371491224375,82.9739410850994,219.996075473205,545.253924526795
"Mut4",35,"Dark","1",32,12386,387.0625,183.5,709.75,413.602188293643,73.1152280140076,243.756653092545,530.368346907455
"Mut4",36,"Dark","1",32,14302,446.9375,214.5,447.75,616.741067511187,109.025447768348,233.247622374039,660.627377625961
"Mut4",37,"Dark","1",32,11708,365.875,192.5,583,386.123810162224,68.257691135824,232.089925373785,499.660074626215
"Mut4",38,"Dark","1",32,14860,464.375,308.5,567.5,451.668501761935,79.8444651110581,307.879848382326,620.870151617674
"Mut4",39,"Dark","1",32,12361,386.28125,205.5,453.75,588.218975814334,103.98340665523,182.473772955748,590.088727044252
"Mut4",40,"Dark","1",32,12602,393.8125,268,709.25,436.919379697031,77.2371640538977,242.427658454361,545.197341545639
"Mut4",41,"Dark","1",32,13268,414.625,211,462.5,574.940207269838,101.636029834325,215.418381524722,613.831618475278
"Mut4",42,"Dark","1",32,15599,487.46875,279.5,664.5,614.818776570945,108.685631528533,274.444912204075,700.492587795925
"Mut4",43,"Dark","1",32,15100,471.875,339,566,488.537234028542,86.3619977609253,302.605484388586,641.144515611414
"Mut4",44,"Dark","1",32,8081,252.53125,134.5,407.25,321.910324557091,56.9062433570703,140.995013020142,364.067486979858
"Mut4",45,"Dark","1",32,20764,648.875,292.5,1112,720.169995612595,127.309271876188,399.348827122671,898.401172877328
"Mut4",46,"Dark","1",32,12343,385.71875,268.5,393,377.151910386338,66.6716683429102,255.042280047896,516.395219952104
"Mut4",47,"Dark","1",32,11560,361.25,217.5,430.25,463.9266488184,82.0114198381602,200.507617117206,521.992382882794
"Mut4",48,"Dark","1",32,14821,463.15625,270.5,705.25,543.12804344149,96.0123806425148,274.971983940671,651.340516059329
"Mut4",49,"Dark","1",32,14017,438.03125,305,477.75,541.049546617647,95.6449508428113,250.56714634809,625.49535365191
"Mut4",50,"Dark","1",32,13177,411.78125,255,600.25,514.838385814485,91.0114284561396,233.398850225966,590.163649774034
"Mut4",51,"Dark","1",32,13718,428.6875,276,605.75,457.269415715054,80.8345761703313,270.251730706151,587.123269293849
"Mut4",52,"Dark","1",32,12763,398.84375,207.5,393,573.827956085693,101.439409745652,200.022506898521,597.664993101479
"Mut4",53,"Dark","1",32,11359,354.96875,218.5,441.5,379.383241792815,67.0661157350588,223.519163159285,486.418336840715
"Mut4",54,"Dark","1",32,15588,487.125,289,503.5,570.761616246788,100.897352322274,289.366189448342,684.883810551658
"Mut4",55,"Dark","1",32,12681,396.28125,192.5,314.25,508.532628722884,89.896717556143,220.08368358996,572.47881641004
"Mut4",56,"Dark","1",32,10044,313.875,137,529,364.715598435185,64.4732182145074,187.507492299566,440.242507700434
"MUT+DMSO",1,"Dark","1",32,11458,358.0625,179,431,503.384348603882,88.9866216102445,183.648721643921,532.476278356079
"MUT+DMSO",2,"Dark","1",32,12547,392.09375,233.5,726,430.656090572018,76.1299605006905,242.879027418647,541.308472581353
"MUT+DMSO",3,"Dark","1",32,10464,327,285,366.25,404.546978810269,71.5144780063179,186.831623107617,467.168376892383
"MUT+DMSO",4,"Dark","1",32,13871,433.46875,252,798,508.888160878457,89.9595673556769,257.147997982873,609.789502017127
"MUT+DMSO",5,"Dark","1",32,13058,408.0625,241.5,499,491.685772819947,86.9185860434832,237.702071354773,578.422928645227
"MUT+DMSO",6,"Dark","1",32,10350,323.4375,164,514,423.756772712077,74.910321889609,176.613269096366,470.261730903634
"MUT+DMSO",7,"Dark","1",32,12830,400.9375,230,577,588.856679945239,104.096137884069,196.909069747225,604.965930252775
"MUT+DMSO",8,"Dark","1",32,12255,382.96875,297.5,387.5,386.516659439401,68.3271377327929,249.047560043726,516.889939956274
"MUT+DMSO",9,"Dark","1",32,11984,374.5,218.5,348,535.599814498029,94.6815652084532,188.924132191432,560.075867808568
"MUT+DMSO",10,"Dark","1",32,10831,338.46875,179.5,370,468.303181667259,82.7850888520386,176.209975850004,500.727524149996
"MUT+DMSO",11,"Dark","1",32,11094,346.6875,180.5,429.75,470.138650619635,83.1095569877593,183.792768303992,509.582231696008
"MUT+DMSO",12,"Dark","1",32,6146,192.0625,108,322.5,233.254110014614,41.2338907327416,111.244074163826,272.880925836174
"MUT+DMSO",13,"Dark","1",32,12633,394.78125,299,414.5,429.688164075733,75.9588536533872,245.901896839361,543.660603160639
"MUT+DMSO",14,"Dark","1",32,10437,326.15625,200.5,538.5,387.32133107804,68.4693849258705,191.956255545294,460.356244454706
"MUT+DMSO",15,"Dark","1",32,5810,181.5625,120,235.75,239.075360976004,42.2629522401885,98.7271136092306,264.397886390769
"MUT+DMSO",16,"Dark","1",32,12191,380.96875,286,475.75,460.133184392337,81.3408237331954,221.540735482937,540.396764517063
"MUT+DMSO",17,"Dark","1",32,10020,313.125,164.5,312,453.157079509608,80.1076109659839,156.114082506672,470.135917493328
"MUT+DMSO",18,"Dark","1",32,6284,196.375,7,223.5,379.613959259293,67.10690120633,64.8454736355933,327.904526364407
"MUT+DMSO",19,"Dark","1",32,10402,325.0625,197,373.25,366.445431179402,64.7790123304459,198.095635832326,452.029364167674
"MUT+DMSO",20,"Dark","1",32,8869,277.15625,185,434.5,318.46903018266,56.2979027100155,166.81236068837,387.50013931163
"MUT+DMSO",21,"Dark","1",32,10595,331.09375,160.5,533.25,411.711483646168,72.780995494645,188.442998830496,473.744501169504
"MUT+DMSO",22,"Dark","1",32,10635,332.34375,168.5,474.25,415.855248495931,73.5135165508725,188.25725756029,476.43024243971
"MUT+DMSO",23,"Dark","1",32,13741,429.40625,292.5,554.5,486.092640803734,85.9298506492993,260.983742727373,597.828757272627
"MUT+DMSO",24,"Dark","1",32,9281,290.03125,226,469.75,301.292750614051,53.2615367703857,185.638637930044,394.423862069956
"MUT+DMSO",25,"Dark","1",32,13851,432.84375,304,429.5,436.065037275257,77.0861362239246,281.754923001108,583.932576998892
"MUT+DMSO",26,"Dark","1",32,11395,356.09375,183,476,412.646561206811,72.9462954156615,213.119010985304,499.068489014696
"MUT+DMSO",27,"Dark","1",32,9397,293.65625,210,392.5,340.824201148788,60.249775956199,175.56668912585,411.74581087415
"MUT+DMSO",28,"Dark","1",32,14501,453.15625,265.5,487.75,603.485847677287,106.68223381068,244.059071731066,662.253428268934
"MUT+DMSO",29,"Dark","1",32,9981,311.90625,133.5,467.75,389.025113989465,68.7705740384551,177.115924884628,446.696575115372
"MUT+DMSO",30,"Dark","1",32,12408,387.75,244,425,457.904624524901,80.9468662845593,229.094142082264,546.405857917736
"MUT+DMSO",31,"Dark","1",32,7725,241.40625,112.5,381.5,325.157813731494,57.480323761333,128.744815427787,354.067684572213
"MUT+DMSO",32,"Dark","1",32,13442,420.0625,136.5,483.25,602.800343424138,106.561052634197,211.202836836974,628.922163163026
"MUT+DMSO",33,"Dark","1",32,8973,280.40625,158.5,295.25,413.773341364803,73.145483888317,137.041101578899,423.771398421101
"MUT+DMSO",34,"Dark","1",32,13607,425.21875,315.5,469.5,451.000875070677,79.7264442708856,268.954919229064,581.482580770936
"MUT+DMSO",35,"Dark","1",32,9291,290.34375,186.5,370.5,385.466170171617,68.1414357115896,156.786536005284,423.900963994716
"MUT+DMSO",36,"Dark","1",32,14849,464.03125,319,662.5,457.689533056367,80.9088431255653,305.449917473892,622.612582526108
"MUT+DMSO",37,"Dark","1",32,11902,371.9375,144,564.5,582.255289176658,102.929165839637,170.196334954311,573.678665045689
"MUT+DMSO",38,"Dark","1",32,13045,407.65625,238.5,535.25,462.720748321727,81.7982447335018,247.331690322336,567.980809677664
"MUT+DMSO",39,"Dark","1",32,9588,299.625,121.5,413.5,447.975499762093,79.1916284218021,144.409408293268,454.840591706732
"MUT+DMSO",40,"Dark","1",32,11442,357.5625,118.5,348.75,554.461024983548,98.0157876673776,165.45155617194,549.67344382806
"MUT+DMSO",41,"Dark","1",32,13110,409.6875,223,517,530.726126899923,93.820010820952,225.800278790934,593.574721209066
"MUT+DMSO",42,"Dark","1",32,9461,295.65625,186.5,347.25,337.150737741559,59.6003932347759,178.839479259839,412.473020740161
"MUT+DMSO",43,"Dark","1",32,10241,320.03125,267,517,319.309182189685,56.4464220053642,209.396262869486,430.666237130514
"MUT+DMSO",44,"Dark","1",32,11293,352.90625,202,415.75,424.677362117598,75.0730606424421,205.763051140813,500.049448859187
"MUT+DMSO",45,"Dark","1",32,7664,239.5,153,320.25,287.78027012109,50.8728451235798,139.789223557784,339.210776442216
"MUT+DMSO",46,"Dark","1",32,12698,396.8125,259.5,430.5,526.356032916026,93.0474800483429,214.439439105248,579.185560894752
"MUT+DMSO",47,"Dark","1",32,10957,342.40625,171.5,388.25,514.399170932897,90.9337855008473,164.176030418339,520.636469581661
"MUT+DMSO",48,"Dark","1",32,8728,272.75,147,348.75,408.463762360005,72.2068740584324,131.224526845472,414.275473154528
"MUT+DMSO",49,"Dark","1",32,13624,425.75,157.5,623.25,640.979240768977,113.310191936887,203.662023803701,647.837976196299
"MUT+DMSO",50,"Dark","1",32,11735,366.71875,299.5,370.5,358.377457742172,63.3527826484712,242.547296008996,490.890203991004
"MUT+DMSO",51,"Dark","1",32,11167,348.96875,180,400,439.453288234737,77.6851000313772,196.705953938501,501.231546061499
"MUT+DMSO",52,"Dark","1",32,12774,399.1875,291.5,308.75,514.372680099029,90.9291025387805,220.96645902399,577.40854097601
"MUT+DMSO",53,"Dark","1",32,12099,378.09375,235,627,437.838485419585,77.399640526159,226.390454568728,529.797045431271
"MUT+DMSO",54,"Dark","1",32,7928,247.75,164.5,274.75,318.485630404566,56.3008372423852,137.400359004925,358.099640995075
"MUT+DMSO",55,"Dark","1",32,11998,374.9375,198,536,491.895473915002,86.9556563100671,204.504413632268,545.370586367732
"MUT+DMSO",56,"Dark","1",32,8367,261.46875,147,350,359.413140332332,63.535867194136,136.938450299493,385.999049700507
"WT+DMSO",57,"Trans 1","1",32,13171,411.59375,255,489.75,491.113537846852,86.8174282360064,241.431590657428,581.755909342572
"WT+DMSO",58,"Trans 1","1",32,11655,364.21875,234.5,553.5,447.486798102253,79.1052373573896,209.172484779516,519.265015220484
"WT+DMSO",59,"Trans 1","1",32,13381,418.15625,295.5,470.5,506.844005356805,89.5982082978869,242.543761736142,593.768738263858
"WT+DMSO",60,"Trans 1","1",32,14061,439.40625,289,449.75,345.331524618245,61.0465657037625,319.754981220626,559.057518779375
"WT+DMSO",61,"Trans 1","1",32,47646,1488.9375,1158.5,1712,1253.97962471228,221.674374025954,1054.45572690913,1923.41927309087
"WT+DMSO",62,"Trans 1","1",32,30552,954.75,344,1100.5,1667.5141243296,294.777636259452,376.985832931474,1532.51416706853
"WT+DMSO",63,"Trans 1","1",32,26827,838.34375,188.5,936.75,1515.74628929385,267.948619929506,313.164454938168,1363.52304506183
"WT+DMSO",64,"Trans 1","1",32,17356,542.375,11.5,600.75,1015.55440920933,179.526352353954,190.50334938625,894.24665061375
"WT+DMSO",65,"Trans 1","1",32,12146,379.5625,0,203,1088.08188548295,192.347519927809,2.56136094149366,756.563639058506
"WT+DMSO",66,"Trans 1","1",32,10313,322.28125,0,5,870.052991874262,153.805092636484,20.8232684324919,623.739231567508
"WT+DMSO",67,"Trans 1","1",32,3882,121.3125,0,0,479.449915814148,84.7555716778758,-44.8084204886366,287.433420488637
"WT+DMSO",68,"Trans 1","1",32,2193,68.53125,0,0,244.970832282855,43.3051341750299,-16.3468129830585,153.409312983058
"WT+DMSO",69,"Trans 1","1",32,1233,38.53125,0,0.25,92.7013882260253,16.3874450600073,6.41185768238567,70.6506423176143
"WT+DMSO",70,"Trans 1","1",32,927,28.96875,0,0,109.990464212776,19.4437507776775,-9.14100152424795,67.078501524248
"WT+DMSO",71,"Trans 1","1",32,1176,36.75,0,0,143.760553609791,25.4135155811538,-13.0604905390615,86.5604905390615
"WT+DMSO",72,"Trans 1","1",32,2046,63.9375,0,0,210.563903027239,37.2227909259168,-9.01917021479697,136.894170214797
"Mut1",57,"Trans 1","1",32,8678,271.1875,88,389.5,417.319127326148,73.7722962127929,126.593799422926,415.781200577074
"Mut1",58,"Trans 1","1",32,11467,358.34375,214,448.5,479.975040303677,84.8484014497541,192.040883158482,524.646616841518
"Mut1",59,"Trans 1","1",32,9720,303.75,107,468.5,384.595220811398,67.9874721619192,170.494554562638,437.005445437362
"Mut1",60,"Trans 1","1",32,16563,517.59375,417,630,549.190539787363,97.0840887117862,327.308936124899,707.878563875101
"Mut1",61,"Trans 1","1",32,64145,2004.53125,2033,1955.5,1428.57829133576,252.539349314852,1509.55412534289,2499.50837465711
"Mut1",62,"Trans 1","1",32,35464,1108.25,773.5,1228.25,1184.4525889557,209.383614411135,697.858115754175,1518.64188424583
"Mut1",63,"Trans 1","1",32,26773,836.65625,482,1528,992.63187502443,175.474182512923,492.726852274671,1180.58564772533
"Mut1",64,"Trans 1","1",32,13088,409,32.5,680.25,611.728012510726,108.139256472026,197.047057314829,620.952942685171
"Mut1",65,"Trans 1","1",32,12107,378.34375,0,320,776.043422852888,137.186391698624,109.458422270697,647.229077729303
"Mut1",66,"Trans 1","1",32,9526,297.6875,5,277,531.798618051317,94.0096022624302,113.428679565637,481.946320434363
"Mut1",67,"Trans 1","1",32,4658,145.5625,0,134,352.519405780182,62.3172155817548,23.4207574597606,267.704242540239
"Mut1",68,"Trans 1","1",32,4960,155,0,5.75,474.652198643827,83.9074470915386,-9.45859629941572,319.458596299416
"Mut1",69,"Trans 1","1",32,7989,249.65625,0,0,816.55632559114,144.348128761566,-33.2660823726699,532.57858237267
"Mut1",70,"Trans 1","1",32,2867,89.59375,0,0,269.200711710582,47.5884121876993,-3.67953788789069,182.867037887891
"Mut1",71,"Trans 1","1",32,1693,52.90625,0,0,220.710050544352,39.0163933539842,-23.565880973809,129.378380973809
"Mut1",72,"Trans 1","1",32,339,10.59375,0,0,57.7764654481167,10.2135326278384,-9.42477395056324,30.6122739505632
"Mut2",57,"Trans 1","1",32,14441,451.28125,136,642.5,601.028700639109,106.247867477413,243.03542974427,659.52707025573
"Mut2",58,"Trans 1","1",32,10898,340.5625,212.5,508,422.453886584468,74.6800019856225,194.18969610818,486.93530389182
"Mut2",59,"Trans 1","1",32,15752,492.25,208,654.5,745.391648516013,131.767872326373,233.984970240309,750.515029759691
"Mut2",60,"Trans 1","1",32,15564,486.375,353.5,389.75,532.793777814099,94.185523316587,301.771374299489,670.978625700511
"Mut2",61,"Trans 1","1",32,69035,2157.34375,1396.5,2677.75,1875.74108553384,331.587310332799,1507.43262174771,2807.25487825229
"Mut2",62,"Trans 1","1",32,30316,947.375,620,1356.25,1119.28395169239,197.863318078741,559.562896565668,1335.18710343433
"Mut2",63,"Trans 1","1",32,18688,584,215.5,863,778.230664868672,137.573045113988,314.356831576583,853.643168423417
"Mut2",64,"Trans 1","1",32,18643,582.59375,6.5,604,1282.1409227406,226.652635226665,138.354584955737,1026.83291504426
"Mut2",65,"Trans 1","1",32,8748,273.375,0,140,695.375171423497,122.926124795578,32.4397954006668,514.310204599333
"Mut2",66,"Trans 1","1",32,5927,185.21875,0,0.75,513.430381898512,90.7625261769091,7.32419869325813,363.113301306742
"Mut2",67,"Trans 1","1",32,2364,73.875,0,0.25,238.965478678407,42.2435276107477,-8.92231411706541,156.672314117065
"Mut2",68,"Trans 1","1",32,2067,64.59375,0,0.25,281.817701242968,49.8188019018269,-33.0511017275807,162.238601727581
"Mut2",69,"Trans 1","1",32,1417,44.28125,0,0,178.165061991728,31.495430876218,-17.4497945173874,106.012294517387
"Mut2",70,"Trans 1","1",32,2690,84.0625,0,0,293.323221202779,51.8527096979916,-17.5688110080635,185.693811008064
"Mut2",71,"Trans 1","1",32,2764,86.375,0,0,313.472306746185,55.4145984536042,-22.2376129690642,194.987612969064
"Mut2",72,"Trans 1","1",32,2737,85.53125,0,0,349.2409265799,61.7376568631301,-35.474557451735,206.537057451735
"Mut3",57,"Trans 1","1",32,10427,325.84375,128.5,357.25,524.016135517083,92.6338407188246,144.281422191104,507.406077808896
"Mut3",58,"Trans 1","1",32,15145,473.28125,246,722,504.719227880151,89.2225971573232,298.404959571646,648.157540428354
"Mut3",59,"Trans 1","1",32,20295,634.21875,313.5,871.25,726.964157361771,128.510321337518,382.338520178464,886.098979821536
"Mut3",60,"Trans 1","1",32,24076,752.375,558.5,852,684.459228503693,120.996440480169,515.22197665887,989.52802334113
"Mut3",61,"Trans 1","1",32,55204,1725.125,1591.5,2197.25,1346.27904766937,237.990760994095,1258.66310845157,2191.58689154843
"Mut3",62,"Trans 1","1",32,35309,1103.40625,882.5,1949.5,1049.29259916829,185.49047808019,739.844912962828,1466.96758703717
"Mut3",63,"Trans 1","1",32,21698,678.0625,176,998.75,939.188563206593,166.026650464058,352.650265090446,1003.47473490955
"Mut3",64,"Trans 1","1",32,16038,501.1875,69.5,868,713.98488451968,126.21588837714,253.804358780806,748.570641219194
"Mut3",65,"Trans 1","1",32,18237,569.90625,0,782.75,1144.02005845755,202.236085287192,173.523522837104,966.288977162896
"Mut3",66,"Trans 1","1",32,16175,505.46875,2.5,614.75,845.109917812756,149.395738433351,212.653102670631,798.284397329369
"Mut3",67,"Trans 1","1",32,5447,170.21875,0,209.25,363.377945464498,64.2367523428956,44.3147154079247,296.122784592075
"Mut3",68,"Trans 1","1",32,6084,190.125,0,205.25,372.48249580003,65.8462246633727,61.0663996597895,319.183600340211
"Mut3",69,"Trans 1","1",32,4235,132.34375,0,52.5,358.478200117772,63.3705915527062,8.13739055669583,256.550109443304
"Mut3",70,"Trans 1","1",32,4374,136.6875,0,7.25,410.128574450312,72.5011740380469,-5.41480111457184,278.789801114572
"Mut3",71,"Trans 1","1",32,3262,101.9375,0,2,311.720919175491,55.1049939466733,-6.0682881354797,209.94328813548
"Mut3",72,"Trans 1","1",32,2969,92.78125,0,0,308.921927121484,54.6101973812045,-14.2547368671608,199.817236867161
"Mut4",57,"Trans 1","1",32,14012,437.875,282,462.5,526.564504519014,93.0843329693823,255.429707380011,620.320292619989
"Mut4",58,"Trans 1","1",32,13363,417.59375,217,438.5,583.584024377008,103.16405525728,215.392201695732,619.795298304268
"Mut4",59,"Trans 1","1",32,12516,391.125,239,470.75,529.25435984917,93.5598367054733,207.747720057272,574.502279942728
"Mut4",60,"Trans 1","1",32,15632,488.5,251.5,459,491.918364588429,86.9597028476687,318.058982418569,658.941017581431
"Mut4",61,"Trans 1","1",32,62579,1955.59375,1540,1733.5,1412.96763562175,249.779749186315,1466.02544159482,2445.16205840518
"Mut4",62,"Trans 1","1",32,34965,1092.65625,673.5,1092.25,1351.86594127727,238.978393583073,624.258598577176,1561.05390142282
"Mut4",63,"Trans 1","1",32,25260,789.375,123,1262.75,1166.16472996715,206.150747135088,385.319535615228,1193.43046438477
"Mut4",64,"Trans 1","1",32,16975,530.46875,164,753.75,747.148341464549,132.078414700466,271.595057187086,789.342442812914
"Mut4",65,"Trans 1","1",32,17518,547.4375,97.5,810,766.200636467094,135.446416448833,281.962523760288,812.912476239712
"Mut4",66,"Trans 1","1",32,9178,286.8125,5,327.25,764.627062269469,135.168245202373,21.8827394033498,551.74226059665
"Mut4",67,"Trans 1","1",32,11973,374.15625,0,139.75,845.2817094595,149.426107192942,81.281079901833,667.031420098167
"Mut4",68,"Trans 1","1",32,7980,249.375,0,120.25,700.109749460985,123.763087854669,6.79934780484828,491.950652195152
"Mut4",69,"Trans 1","1",32,2202,68.8125,0,0,237.471823455929,41.9794841766055,-13.4672889861468,151.092288986147
"Mut4",70,"Trans 1","1",32,940,29.375,0,0,89.4242335633194,15.8081204887582,-1.60891615796607,60.3589161579661
"Mut4",71,"Trans 1","1",32,2241,70.03125,0,1.25,224.584273194115,39.7012656308528,-7.78323063647143,147.845730636471
"Mut4",72,"Trans 1","1",32,2169,67.78125,0,1,231.05518603125,40.845172217754,-12.2752875467978,147.837787546798
"MUT+DMSO",57,"Trans 1","1",32,10423,325.71875,171,417.25,409.809730388345,72.4448098384573,183.726922716624,467.710577283376
"MUT+DMSO",58,"Trans 1","1",32,11912,372.25,253,563,403.689996040558,71.3629834243623,232.37855248825,512.12144751175
"MUT+DMSO",59,"Trans 1","1",32,13220,413.125,310,666.75,442.78530077301,78.2741221965801,259.707720494703,566.542279505297
"MUT+DMSO",60,"Trans 1","1",32,17164,536.375,349,472.25,585.792529055103,103.55446741582,333.408243864992,739.341756135008
"MUT+DMSO",61,"Trans 1","1",32,53951,1685.96875,1218.5,1519.75,1311.22367089714,231.793787335921,1231.65292682159,2140.28457317841
"MUT+DMSO",62,"Trans 1","1",32,34088,1065.25,484.5,1236,1453.41167047432,256.929312012016,561.668548456449,1568.83145154355
"MUT+DMSO",63,"Trans 1","1",32,14190,443.4375,124,686.5,725.93063462725,128.327618603996,191.915367536168,694.959632463832
"MUT+DMSO",64,"Trans 1","1",32,5369,167.78125,0,72.5,455.618242460619,80.54268721905,9.91758305066196,325.644916949338
"MUT+DMSO",65,"Trans 1","1",32,4077,127.40625,0,0,462.472726963963,81.7544003375132,-32.8323746615258,287.644874661526
"MUT+DMSO",66,"Trans 1","1",32,3188,99.625,0,19.25,256.899723125455,45.4138840767389,10.6137872095917,188.636212790408
"MUT+DMSO",67,"Trans 1","1",32,939,29.34375,0,0,81.4769349412418,14.4032233018118,1.11343232844884,57.5740676715512
"MUT+DMSO",68,"Trans 1","1",32,1969,61.53125,0,0,220.975547380977,39.0633270073746,-15.0328709344542,138.095370934454
"MUT+DMSO",69,"Trans 1","1",32,1318,41.1875,0,0,168.817794028488,29.8430517356245,-17.304881401824,99.679881401824
"MUT+DMSO",70,"Trans 1","1",32,909,28.40625,0,0,77.8268795820819,13.7579785777697,1.44061198757132,55.3718880124287
"MUT+DMSO",71,"Trans 1","1",32,531,16.59375,0,0,67.6680032907344,11.962125999058,-6.85201695815362,40.0395169581536
"MUT+DMSO",72,"Trans 1","1",32,1906,59.5625,0,0,248.96067023243,44.0104445425247,-26.6979713033485,145.822971303348
"WT+DMSO",73,"Light","1",32,2410,75.3125,0,0,255.395384491096,45.1479520643499,-13.1774860461258,163.802486046126
"WT+DMSO",74,"Light","1",32,1168,36.5,0,0,132.443049233709,23.4128445585448,-9.3891753347478,82.3891753347478
"WT+DMSO",75,"Light","1",32,4327,135.21875,0,0,388.939396089732,68.7554211114124,0.458124621631612,269.979375378368
"WT+DMSO",76,"Light","1",32,3205,100.15625,0,0,290.978117941827,51.4381500933912,-0.66252418304677,200.975024183047
"WT+DMSO",77,"Light","1",32,4121,128.78125,0,0.25,601.42597937681,106.318097099776,-79.6022203155604,337.16472031556
"WT+DMSO",78,"Light","1",32,7390,230.9375,0,0,658.192193595212,116.353040853806,2.8855399265405,458.989460073459
"WT+DMSO",79,"Light","1",32,2716,84.875,0,0,242.784884208222,42.9187094983062,0.754329383319842,168.99567061668
"WT+DMSO",80,"Light","1",32,3183,99.46875,0,0,456.170736596967,80.6403553066444,-58.586346401023,257.523846401023
"WT+DMSO",81,"Light","1",32,5854,182.9375,0,0,776.340918523682,137.238982000172,-86.0509047203372,451.925904720337
"WT+DMSO",82,"Light","1",32,2541,79.40625,0,0,273.953122829554,48.4285277200021,-15.5136643312042,174.326164331204
"WT+DMSO",83,"Light","1",32,1991,62.21875,0,0,202.682611309948,35.8295622214653,-8.00719195407201,132.444691954072
"WT+DMSO",84,"Light","1",32,715,22.34375,0,0,94.0763620425518,16.6305083874123,-10.2520464393281,54.9395464393281
"WT+DMSO",85,"Light","1",32,5854,182.9375,0,0,615.803693977333,108.859741972774,-30.4275942666379,396.302594266638
"WT+DMSO",86,"Light","1",32,1466,45.8125,0,0,160.115369192382,28.3046658320303,-9.66464503077936,101.289645030779
"WT+DMSO",87,"Light","1",32,3059,95.59375,0,23,202.358012248015,35.7721806720004,25.4802758828791,165.707224117121
"WT+DMSO",88,"Light","1",32,4327,135.21875,0,32.25,298.593556352379,52.7843821288437,31.7613610274664,238.676138972534
"WT+DMSO",89,"Light","1",32,3148,98.375,0,14,243.986217220458,43.1310771781599,13.8380887308066,182.911911269193
"WT+DMSO",90,"Light","1",32,2682,83.8125,0,6.25,235.5022686693,41.6313127902195,2.21512693116972,165.40987306883
"WT+DMSO",91,"Light","1",32,2570,80.3125,0,88.75,151.456889959252,26.774048486903,27.8353649656701,132.78963503433
"WT+DMSO",92,"Light","1",32,2612,81.625,0,6.25,177.340523542485,31.3496716940159,20.1796434797289,143.070356520271
"WT+DMSO",93,"Light","1",32,3371,105.34375,0,1,351.939108495645,62.2146325455047,-16.5969297891893,227.284429789189
"WT+DMSO",94,"Light","1",32,3690,115.3125,0,5.75,384.816037951274,68.0265074861714,-18.0194546728958,248.644454672896
"WT+DMSO",95,"Light","1",32,2154,67.3125,0,0,184.014452009583,32.5294667130756,3.55474524237173,131.070254757628
"WT+DMSO",96,"Light","1",32,4815,150.46875,0,69.25,314.114627153744,55.5281457325741,41.6335843641548,259.303915635845
"WT+DMSO",97,"Light","1",32,1230,38.4375,0,0,147.392593480484,26.0555755866806,-12.631428149894,89.506428149894
"WT+DMSO",98,"Light","1",32,2254,70.4375,0,0,174.665382854594,30.876769163757,9.91903243903627,130.955967560964
"WT+DMSO",99,"Light","1",32,1179,36.84375,0,0,131.574610104661,23.2593247592454,-8.74452652812108,82.4320265281211
"WT+DMSO",100,"Light","1",32,1278,39.9375,0,0,121.006248172457,21.3910846621716,-1.98902593785635,81.8640259378564
"WT+DMSO",101,"Light","1",32,1613,50.40625,0,0,144.95424403205,25.6245322292081,0.182166830752074,100.630333169248
"WT+DMSO",102,"Light","1",32,3181,99.40625,0,0,269.989827690696,47.7279095028696,5.85954737437554,192.952952625624
"WT+DMSO",103,"Light","1",32,1749,54.65625,0,0,194.73996050565,34.4254866603863,-12.8177038543572,122.130203854357
"WT+DMSO",104,"Light","1",32,3916,122.375,0,0,385.412619275465,68.1319691611375,-11.1636595558295,255.913659555829
"WT+DMSO",105,"Light","1",32,2327,72.71875,0,0,225.14414513531,39.8002379424065,-5.28971636711681,150.727216367117
"WT+DMSO",106,"Light","1",32,3930,122.8125,0,2,492.869179626609,87.1277847879564,-47.9579581843946,293.582958184395
"WT+DMSO",107,"Light","1",32,1461,45.65625,0,0,139.066846162602,24.5837774899506,-2.52795388030323,93.8404538803032
"WT+DMSO",108,"Light","1",32,2080,65,0,0,238.829538347116,42.2194965282247,-17.7502131953203,147.75021319532
"WT+DMSO",109,"Light","1",32,2771,86.59375,0,0,270.311511978429,47.784775788184,-7.06441054484064,180.251910544841
"WT+DMSO",110,"Light","1",32,1511,47.21875,0,0,153.827455575101,27.1931092424566,-6.07974411521489,100.517244115215
"WT+DMSO",111,"Light","1",32,1972,61.625,0,0,187.140063123337,33.0820019165475,-3.21572375643306,126.465723756433
"WT+DMSO",112,"Light","1",32,1712,53.5,0,0,190.935726392164,33.7529867256696,-12.6558539823124,119.655853982312
"WT+DMSO",113,"Light","1",32,1902,59.4375,0,0,212.791574157103,37.616591266462,-14.2910188822655,133.166018882265
"WT+DMSO",114,"Light","1",32,1523,47.59375,0,0.25,177.142344689964,31.3146382913896,-13.7829410511236,108.970441051124
"WT+DMSO",115,"Light","1",32,2669,83.40625,0,0,369.604222446119,65.3374130117079,-44.6550795029475,211.467579502948
"Mut1",73,"Light","1",32,640,20,0,0,78.1813441982495,13.8206396612154,-7.08845373598226,47.0884537359823
"Mut1",74,"Light","1",32,2053,64.15625,0,0,231.419338609067,40.9095459070443,-16.0264599778068,144.338959977807
"Mut1",75,"Light","1",32,2056,64.25,0,0,198.30166007146,35.0551121392697,-4.45801979296861,132.958019792969
"Mut1",76,"Light","1",32,541,16.90625,0,0,66.9493594731941,11.8350865198978,-6.29051957899978,40.1030195789998
"Mut1",77,"Light","1",32,1980,61.875,0,1,265.852341990691,46.9964984539857,-30.238136969812,153.988136969812
"Mut1",78,"Light","1",32,1310,40.9375,0,0,155.159634237691,27.428607383974,-12.8225704725891,94.6975704725891
"Mut1",79,"Light","1",32,2014,62.9375,0,1.25,207.788499402327,36.7321642449906,-9.05754192018162,134.932541920182
"Mut1",80,"Light","1",32,748,23.375,0,0,77.9494252911836,13.7796418032475,-3.63309793436513,50.3830979343651
"Mut1",81,"Light","1",32,497,15.53125,0,0,58.1322099239756,10.2764199606508,-4.61053312287548,35.6730331228755
"Mut1",82,"Light","1",32,480,15,0,0,51.4988255425118,9.10379219106327,-2.843432694484,32.843432694484
"Mut1",83,"Light","1",32,672,21,0,0,67.1070401575697,11.8629607901939,-2.25140314878001,44.25140314878
"Mut1",84,"Light","1",32,1470,45.9375,0,0,130.472080192191,23.0644231648533,0.731230596887627,91.1437694031124
"Mut1",85,"Light","1",32,2082,65.0625,0,0,206.37109348406,36.4815999108654,-6.44143582529611,136.566435825296
"Mut1",86,"Light","1",32,1435,44.84375,0,0,199.173956934554,35.2093138960452,-24.1665052362486,113.854005236249
"Mut1",87,"Light","1",32,2154,67.3125,0,0.75,213.222349113057,37.692742239592,-6.56527478960031,141.1902747896
"Mut1",88,"Light","1",32,3600,112.5,0,0,321.777222073225,56.8827139398367,1.00988067792011,223.99011932208
"Mut1",89,"Light","1",32,1268,39.625,0,0,133.29998911018,23.5643315579754,-6.5610898536317,85.8110898536317
"Mut1",90,"Light","1",32,604,18.875,0,0,53.6564640004563,9.48521238730362,0.283983720884905,37.4660162791151
"Mut1",91,"Light","1",32,2046,63.9375,0,0,237.762681558598,42.0309011107957,-18.4430661771595,146.318066177159
"Mut1",92,"Light","1",32,3626,113.3125,0,0,495.408820262163,87.5767340667508,-58.3378987708315,284.962898770832
"Mut1",93,"Light","1",32,2710,84.6875,0,0,280.723539528058,49.625379609745,-12.5782440351001,181.9532440351
"Mut1",94,"Light","1",32,1257,39.28125,0,0,128.560826415785,22.7265580383871,-5.26280375523871,83.8253037552387
"Mut1",95,"Light","1",32,2163,67.59375,0,0,194.478435553049,34.3792551435279,0.210409918685301,134.977090081315
"Mut1",96,"Light","1",32,1715,53.59375,0,0,147.962257474995,26.1562789050598,2.32744334608287,104.860056653917
"Mut1",97,"Light","1",32,3944,123.25,0,0,588.238430921428,103.986845864769,-80.5642178949472,327.064217894947
"Mut1",98,"Light","1",32,1947,60.84375,0,0,162.286109233046,28.6884020827668,4.61448191777703,117.073018082223
"Mut1",99,"Light","1",32,3382,105.6875,0,0,348.49588672539,61.6059511797856,-15.0601643123798,226.43516431238
"Mut1",100,"Light","1",32,1146,35.8125,0,0,157.030187666925,27.7592776375697,-18.5956841696366,90.2206841696366
"Mut1",101,"Light","1",32,1740,54.375,0,0,183.492418758747,32.437183400158,-9.20187946430962,117.95187946431
"Mut1",102,"Light","1",32,2673,83.53125,0,0,309.280537061159,54.6735912612406,-23.6289888720317,190.691488872032
"Mut1",103,"Light","1",32,1268,39.625,0,0,200.821980226108,35.500646007298,-29.9562661743041,109.206266174304
"Mut1",104,"Light","1",32,4264,133.25,0,0,402.079513882355,71.078287710601,-6.06344391277787,272.563443912778
"Mut1",105,"Light","1",32,959,29.96875,0,0,128.251890352666,22.6719453420909,-14.4682628704982,74.4057628704982
"Mut1",106,"Light","1",32,890,27.8125,0,0,83.265776379789,14.7194487797279,-1.03761960826662,56.6626196082666
"Mut1",107,"Light","1",32,1334,41.6875,0,0,145.640396181829,25.7458279387166,-8.77432275988452,92.1493227598845
"Mut1",108,"Light","1",32,1095,34.21875,0,0,149.908947499216,26.5004083343084,-17.7220503352444,86.1595503352444
"Mut1",109,"Light","1",32,2341,73.15625,0,0,300.579022874078,53.1353663391717,-30.9890680247766,177.301568024777
"Mut1",110,"Light","1",32,4227,132.09375,0,0,362.374726685406,64.059406642468,6.53731298076264,257.650187019237
"Mut1",111,"Light","1",32,2392,74.75,0,0,247.047076616009,43.6721657868731,-10.8474449422713,160.347444942271
"Mut1",112,"Light","1",32,2003,62.59375,0,0,223.188891412633,39.4545946508452,-14.7372555156565,139.924755515657
"Mut1",113,"Light","1",32,3911,122.21875,0,0,387.408822519737,68.4848513738004,-12.0115586926488,256.449058692649
"Mut1",114,"Light","1",32,1626,50.8125,0,0,150.326834790281,26.5742810686294,-1.27309089451366,102.898090894514
"Mut1",115,"Light","1",32,3646,113.9375,0,0,464.776945287702,82.1617324380258,-47.0994955785306,274.974495578531
"Mut2",73,"Light","1",32,1793,56.03125,0,0,189.371708956818,33.4765048920628,-9.58269958844313,121.645199588443
"Mut2",74,"Light","1",32,2022,63.1875,0,0,239.292025331177,42.3012534488846,-19.7229567598139,146.097956759814
"Mut2",75,"Light","1",32,1091,34.09375,0,0,131.591832125927,23.2623692112511,-11.5004936540522,79.6879936540522
"Mut2",76,"Light","1",32,14,0.4375,0,0,2.47487373415292,0.4375,-0.42,1.295
"Mut2",77,"Light","1",32,996,31.125,0,0,133.995606572175,23.6873005140974,-15.302109007631,77.552109007631
"Mut2",78,"Light","1",32,315,9.84375,0,0,36.3700598019855,6.42937897953605,-2.75783279989065,22.4453327998907
"Mut2",79,"Light","1",32,1046,32.6875,0,0,102.755405634433,18.1647610319204,-2.915431622564,68.290431622564
"Mut2",80,"Light","1",32,4281,133.78125,0,0,616.507056411229,108.984080059434,-79.8275469164914,347.390046916491
"Mut2",81,"Light","1",32,3601,112.53125,0,0,518.069243371404,91.5825687780259,-66.9705848049308,292.033084804931
"Mut2",82,"Light","1",32,1860,58.125,0,0,200.606941956878,35.4626322527012,-11.3817592152943,127.631759215294
"Mut2",83,"Light","1",32,3626,113.3125,0,0,372.790301471173,65.9006375327109,-15.8527495641133,242.477749564113
"Mut2",84,"Light","1",32,4370,136.5625,0,0,422.57527960765,74.7014614430927,-9.85236442846175,282.977364428462
"Mut2",85,"Light","1",32,4072,127.25,0,0.25,368.068454362465,65.0659250051376,-0.279213010069725,254.77921301007
"Mut2",86,"Light","1",32,2208,69,0,0,254.734650048799,45.0311496131719,-19.2610532418169,157.261053241817
"Mut2",87,"Light","1",32,3737,116.78125,0,0,317.282385100656,56.0881315139289,6.84851223269926,226.713987767301
"Mut2",88,"Light","1",32,1240,38.75,0,0,92.6829489833921,16.3841854316308,6.63699655400354,70.8630034459965
"Mut2",89,"Light","1",32,1607,50.21875,0,0,152.187646138235,26.9032291492912,-2.51157913261084,102.949079132611
"Mut2",90,"Light","1",32,1971,61.59375,0,0,197.13804879388,34.8494127830092,-6.71109905469801,129.898599054698
"Mut2",91,"Light","1",32,1449,45.28125,0,0,151.03006203103,26.6985952562916,-7.04799670233145,97.6104967023315
"Mut2",92,"Light","1",32,3057,95.53125,0,0,383.87354977615,67.8598975412168,-37.4741491807848,228.536649180785
"Mut2",93,"Light","1",32,389,12.15625,0,0,48.3282521893501,8.54330871149576,-4.58863507453169,28.9011350745317
"Mut2",94,"Light","1",32,1503,46.96875,0,0,216.709331769092,38.3091595100826,-28.1172026397619,122.054702639762
"Mut2",95,"Light","1",32,2777,86.78125,0,0,307.499670534835,54.3587755619528,-19.7619501014275,193.324450101427
"Mut2",96,"Light","1",32,3106,97.0625,0,0,301.549325928184,53.3068933065128,-7.419010880765,201.544010880765
"Mut2",97,"Light","1",32,2114,66.0625,0,0.25,189.335158962499,33.470043704854,0.461214338486101,131.663785661514
"Mut2",98,"Light","1",32,3929,122.78125,0,0,456.23386294927,80.6515145745906,-35.2957185661976,280.858218566198
"Mut2",99,"Light","1",32,3515,109.84375,0,0,379.011712252001,67.0004379706286,-21.477108422432,241.164608422432
"Mut2",100,"Light","1",32,2729,85.28125,0,0,310.856385715852,54.952164578705,-22.4249925742618,192.987492574262
"Mut2",101,"Light","1",32,2126,66.4375,0,0,275.001693543172,48.6138905855405,-28.8457255476594,161.720725547659
"Mut2",102,"Light","1",32,1487,46.46875,0,0,225.938756242882,39.9407066680491,-31.8150350693763,124.752535069376
"Mut2",103,"Light","1",32,1124,35.125,0,0,115.663234741934,20.4465644049983,-4.9502662337966,75.2002662337966
"Mut2",104,"Light","1",32,894,27.9375,0,0,92.6547310910155,16.3791971658683,-4.1657264451018,60.0407264451018
"Mut2",105,"Light","1",32,826,25.8125,0,0,73.8291128432802,13.0512665851176,0.232017493169561,51.3929825068304
"Mut2",106,"Light","1",32,1889,59.03125,0,0,319.610295402728,56.4996518040762,-51.7080675359894,169.770567535989
"Mut2",107,"Light","1",32,2026,63.3125,0,0,219.650372843577,38.8290670319618,-12.7924713826451,139.417471382645
"Mut2",108,"Light","1",32,1809,56.53125,0,0,230.657962719974,40.7749523934919,-23.3876566912441,136.450156691244
"Mut2",109,"Light","1",32,2360,73.75,0,0,318.150502019852,56.2415943540354,-36.4835249339095,183.983524933909
"Mut2",110,"Light","1",32,4341,135.65625,0,0,607.534393523952,107.397922366211,-74.843677837773,346.156177837773
"Mut2",111,"Light","1",32,227,7.09375,0,0,34.0107756880555,6.01231253060965,-4.69038255999491,18.8778825599949
"Mut2",112,"Light","1",32,1943,60.71875,0,0,204.034505996159,36.0685456964829,-9.97559956510645,131.413099565106
"Mut2",113,"Light","1",32,1405,43.90625,0,0,160.905574268405,28.4443556739762,-11.8446871209933,99.6571871209933
"Mut2",114,"Light","1",32,966,30.1875,0,0,103.474303339587,18.291845392494,-5.6645169692882,66.0395169692882
"Mut2",115,"Light","1",32,434,13.5625,0,0,70.5036889906501,12.463409145989,-10.8657819261385,37.9907819261385
"Mut3",73,"Light","1",32,2238,69.9375,0,0,181.45397310293,32.0768337135807,7.06690592138177,132.808094078618
"Mut3",74,"Light","1",32,1540,48.125,0,0,160.540367750355,28.3797956726146,-7.49939951832463,103.749399518325
"Mut3",75,"Light","1",32,4146,129.5625,0,0,477.133303717241,84.3460486471004,-35.7557553483168,294.880755348317
"Mut3",76,"Light","1",32,4758,148.6875,0,5.75,590.828310714657,104.444676255832,-56.02406546143,353.39906546143
"Mut3",77,"Light","1",32,3340,104.375,0,0.25,282.37400844476,49.9171440505293,6.53739766096264,202.212602339037
"Mut3",78,"Light","1",32,2098,65.5625,0,0,209.950214912811,37.1143051691054,-7.18153813144659,138.306538131447
"Mut3",79,"Light","1",32,1739,54.34375,0,0.25,170.516598260281,30.1433607336767,-4.7372370380064,113.424737038006
"Mut3",80,"Light","1",32,2777,86.78125,0,1,234.923423951227,41.5289865338686,5.38443639361749,168.178063606383
"Mut3",81,"Light","1",32,1279,39.96875,0,0,187.075710803355,33.0706259260865,-24.8496768151296,104.78717681513
"Mut3",82,"Light","1",32,894,27.9375,0,0,109.65604215293,19.3846327511037,-10.0563801921632,65.9313801921632
"Mut3",83,"Light","1",32,1376,43,0,0,124.021850312107,21.9241728427485,0.0286212282129981,85.971378771787
"Mut3",84,"Light","1",32,4228,132.125,0,0,366.93936828855,64.8663289002854,4.98699535544065,259.263004644559
"Mut3",85,"Light","1",32,1405,43.90625,0,0,192.468742225513,34.0239881985265,-22.7807668691118,110.593266869112
"Mut3",86,"Light","1",32,2367,73.96875,0,0,262.162161632711,46.3441605652533,-16.8658047078966,164.803304707897
"Mut3",87,"Light","1",32,1431,44.71875,0,0,125.990587045991,22.2721996164736,1.06523875171168,88.3722612482883
"Mut3",88,"Light","1",32,2437,76.15625,0,0,255.624233968408,45.1884073186695,-12.4130283445922,164.725528344592
"Mut3",89,"Light","1",32,1100,34.375,0,0,126.078508567403,22.2877420924742,-9.30897450124938,78.0589745012494
"Mut3",90,"Light","1",32,1659,51.84375,0,0,151.912137036618,26.8545255607832,-0.791120099135064,104.478620099135
"Mut3",91,"Light","1",32,1085,33.90625,0,0,87.095557227161,15.3964647816366,3.72917902799219,64.0833209720078
"Mut3",92,"Light","1",32,1825,57.03125,0,0,176.779520849943,31.2504994919759,-4.21972900427269,118.282229004273
"Mut3",93,"Light","1",32,1628,50.875,0,0,167.138102063205,29.5461213408854,-7.03539782813534,108.785397828135
"Mut3",94,"Light","1",32,1441,45.03125,0,0,146.75511407806,25.9428840846005,-5.81680280581691,95.8793028058169
"Mut3",95,"Light","1",32,4068,127.125,0,0,554.258397291139,97.979967813538,-64.9157369145344,319.165736914534
"Mut3",96,"Light","1",32,2374,74.1875,0,0,261.713514572094,46.2648502205229,-16.4916064322249,164.866606432225
"Mut3",97,"Light","1",32,2711,84.71875,0,0,203.605918282543,35.992781376825,14.172898501423,155.264601498577
"Mut3",98,"Light","1",32,2231,69.71875,0,0,347.760135575027,61.4758875228637,-50.7739895448128,190.211489544813
"Mut3",99,"Light","1",32,2467,77.09375,0,0,214.137483629469,37.8545166951553,2.89889727749565,151.288602722504
"Mut3",100,"Light","1",32,2230,69.6875,0,9.5,142.955313906806,25.2711679675386,20.1560107836244,119.218989216376
"Mut3",101,"Light","1",32,2632,82.25,0,0,229.121463772581,40.503335187245,2.86346303299972,161.636536967
"Mut3",102,"Light","1",32,672,21,0,0,85.344085344128,15.0868453702491,-8.57021692568822,50.5702169256882
"Mut3",103,"Light","1",32,2741,85.65625,0,0,298.340853925452,52.739710228918,-17.7135820486793,189.026082048679
"Mut3",104,"Light","1",32,2293,71.65625,0,0,178.63561928072,31.5786144387139,9.76216570012071,133.550334299879
"Mut3",105,"Light","1",32,899,28.09375,0,0,92.7808237191285,16.4014874039674,-4.05316531177602,60.240665311776
"Mut3",106,"Light","1",32,824,25.75,0,0,92.3562527355611,16.3264331485735,-6.249808971204,57.749808971204
"Mut3",107,"Light","1",32,1651,51.59375,0,0,177.066027301099,31.3011471555924,-9.75649842496104,112.943998424961
"Mut3",108,"Light","1",32,1480,46.25,0,0.5,132.616838321729,23.4435664192036,0.300609818360854,92.1993901816391
"Mut3",109,"Light","1",32,1704,53.25,0,0,175.808730378839,31.0788863606686,-7.66461726691051,114.164617266911
"Mut3",110,"Light","1",32,261,8.15625,0,0,30.8242775861767,5.44901392659052,-2.52381729611741,18.8363172961174
"Mut3",111,"Light","1",32,2947,92.09375,0,0,321.61411052488,56.8538796193556,-19.339854053937,203.527354053937
"Mut3",112,"Light","1",32,1497,46.78125,0,0,156.904888876114,27.7371277314055,-7.58352035355487,101.146020353555
"Mut3",113,"Light","1",32,3806,118.9375,0,13.25,321.234407177747,56.7867569164564,7.63545644374545,230.239543556255
"Mut3",114,"Light","1",32,2971,92.84375,0,1,255.435252748665,45.1549998431701,4.33995030738657,181.347549692613
"Mut3",115,"Light","1",32,1611,50.34375,0,0,167.098118630941,29.5390532018631,-7.55279427565172,108.240294275652
"Mut4",73,"Light","1",32,5476,171.125,0,27.75,435.348414417101,76.9594540032859,20.2844701535597,321.96552984644
"Mut4",74,"Light","1",32,2043,63.84375,0,0,244.291484986884,43.1850414050893,-20.798931153975,148.486431153975
"Mut4",75,"Light","1",32,3707,115.84375,0,2.25,298.076425507869,52.6929654471153,12.565537723654,219.121962276346
"Mut4",76,"Light","1",32,5396,168.625,0,47.25,346.719813440562,61.291982813889,48.4927136847776,288.757286315222
"Mut4",77,"Light","1",32,3146,98.3125,0,0,231.431232383576,40.9116484491965,18.1256690395748,178.499330960425
"Mut4",78,"Light","1",32,1043,32.59375,0,0.25,102.959703791526,18.2008761849865,-3.07996732257359,68.2674673225736
"Mut4",79,"Light","1",32,2155,67.34375,0,0.25,194.489009453972,34.3811243627895,-0.0432537510673967,134.730753751067
"Mut4",80,"Light","1",32,3912,122.25,0,57,254.74984567408,45.0338358455922,33.9836817426394,210.516318257361
"Mut4",81,"Light","1",32,2914,91.0625,0,0,251.639903689841,44.484070579054,3.87372166505415,178.251278334946
"Mut4",82,"Light","1",32,1781,55.65625,0,0,210.603374260718,37.2297685201305,-17.3140962994558,128.626596299456
"Mut4",83,"Light","1",32,1191,37.21875,0,0,160.388788598407,28.3530000110573,-18.3531300216723,92.7906300216723
"Mut4",84,"Light","1",32,1133,35.40625,0,0,114.518306572891,20.2441677869227,-4.27231886236858,75.0848188623686
"Mut4",85,"Light","1",32,2591,80.96875,0,0,340.264838445376,60.1508936660177,-36.9270015853946,198.864501585395
"Mut4",86,"Light","1",32,891,27.84375,0,0,99.6850231009913,17.6219889543621,-6.69534835054979,62.3828483505498
"Mut4",87,"Light","1",32,1698,53.0625,0,0,233.486193209266,41.2749176329262,-27.8363385605353,133.961338560535
"Mut4",88,"Light","1",32,6283,196.34375,0,44.5,422.101547893242,74.6177167161624,50.0930252363216,342.594474763678
"Mut4",89,"Light","1",32,1465,45.78125,0,0,133.651142996211,23.6264073814884,-0.526508467717221,92.0890084677172
"Mut4",90,"Light","1",32,4976,155.5,0,0,520.6917235445,92.0461621565068,-24.9104778267532,335.910477826753
"Mut4",91,"Light","1",32,1636,51.125,0,0,127.332115909285,22.5093506555716,7.00667271507957,95.2433272849204
"Mut4",92,"Light","1",32,2893,90.40625,0,0.25,301.711447212452,53.335552571383,-14.1314330399106,194.943933039911
"Mut4",93,"Light","1",32,1895,59.21875,0,2,134.485815147199,23.7739579659961,12.6217923866476,105.815707613352
"Mut4",94,"Light","1",32,1962,61.3125,0,0,139.322192730005,24.6289168122915,13.0398230479087,109.585176952091
"Mut4",95,"Light","1",32,2815,87.96875,0,0,208.920649294446,36.9323019614998,15.5814381554604,160.35606184454
"Mut4",96,"Light","1",32,1249,39.03125,0,0,143.633827531297,25.3911133637897,-10.7353321930279,88.7978321930279
"Mut4",97,"Light","1",32,2319,72.46875,0,0,190.533205026688,33.6818303288945,6.45236255536683,138.485137444633
"Mut4",98,"Light","1",32,1004,31.375,0,0,134.764729280567,23.8232634847645,-15.3185964301385,78.0685964301385
"Mut4",99,"Light","1",32,2940,91.875,0,0,315.504792663358,55.773894597279,-17.4418334106668,201.191833410667
"Mut4",100,"Light","1",32,3474,108.5625,0,0,329.864091025966,58.3122839085994,-5.72957646085474,222.854576460855
"Mut4",101,"Light","1",32,3769,117.78125,0,0,392.418697918188,69.3704805905866,-18.1848919575497,253.74739195755
"Mut4",102,"Light","1",32,1612,50.375,0,0,154.974659739231,27.395908203422,-3.32098007870704,104.070980078707
"Mut4",103,"Light","1",32,1863,58.21875,0,0,189.86442265979,33.5636051922016,-7.56591617671518,124.003416176715
"Mut4",104,"Light","1",32,2526,78.9375,0,0,218.973696682295,38.7094464563842,3.06698494548692,154.808015054513
"Mut4",105,"Light","1",32,2458,76.8125,0,0,217.653236712926,38.4760199067277,1.39950098281379,152.225499017186
"Mut4",106,"Light","1",32,2503,78.21875,0,0,222.359014321435,39.3078917211608,1.17528222652487,155.262217773475
"Mut4",107,"Light","1",32,1504,47,0,0,156.01488762708,27.5797962517913,-7.05640065351098,101.056400653511
"Mut4",108,"Light","1",32,270,8.4375,0,0,36.9672370201402,6.53494599466788,-4.37099414954905,21.245994149549
"Mut4",109,"Light","1",32,1977,61.78125,0,0,211.038405673837,37.3066719356919,-11.339826993956,134.902326993956
"Mut4",110,"Light","1",32,2988,93.375,0,0,267.895471912027,47.3576762095412,0.553954629299312,186.196045370701
"Mut4",111,"Light","1",32,2837,88.65625,0,0,351.214446886248,62.0865292609871,-33.0333473515346,210.345847351535
"Mut4",112,"Light","1",32,2562,80.0625,0,0.25,227.711183441912,40.2540304909475,1.16460023774296,158.960399762257
"Mut4",113,"Light","1",32,3740,116.875,0,0,533.986876122408,94.3964352926939,-68.14201317368,301.89201317368
"Mut4",114,"Light","1",32,2019,63.09375,0,0,261.66863548845,46.2569166444284,-27.5698066230797,153.75730662308
"Mut4",115,"Light","1",32,1690,52.8125,0,0,207.548274602133,36.6896980986841,-19.0993082734208,124.724308273421
"MUT+DMSO",73,"Light","1",32,3497,109.28125,0,15.25,256.301263558362,45.3080903721996,20.4773928704889,198.085107129511
"MUT+DMSO",74,"Light","1",32,4661,145.65625,0,0,582.396085670945,102.954055378607,-56.1336985420691,347.446198542069
"MUT+DMSO",75,"Light","1",32,3567,111.46875,0,0,576.812542052749,101.967014989737,-88.3865993798854,311.324099379885
"MUT+DMSO",76,"Light","1",32,594,18.5625,0,0,79.4180192034122,14.0392549817841,-8.95443976429675,46.0794397642968
"MUT+DMSO",77,"Light","1",32,1145,35.78125,0,0,124.677838881112,22.0401363341295,-7.41741721489385,78.9799172148938
"MUT+DMSO",78,"Light","1",32,2581,80.65625,0,1.25,196.882412814874,34.8042222994417,12.4399742930944,148.872525706906
"MUT+DMSO",79,"Light","1",32,1613,50.40625,0,0,179.682669991186,31.763708603118,-11.8506188621112,112.663118862111
"MUT+DMSO",80,"Light","1",32,860,26.875,0,0,102.583325690277,18.1343413080657,-8.66830896380884,62.4183089638088
"MUT+DMSO",81,"Light","1",32,852,26.625,0,0,102.797875589948,18.1722687303058,-8.99264671139946,62.2426467113995
"MUT+DMSO",82,"Light","1",32,1736,54.25,0,0,173.783885069006,30.7209408983094,-5.96304416068642,114.463044160686
"MUT+DMSO",83,"Light","1",32,1135,35.46875,0,0,111.138096129502,19.6466253553332,-3.03863569645313,73.9761356964531
"MUT+DMSO",84,"Light","1",32,11,0.34375,0,0,1.94454364826301,0.34375,-0.33,1.0175
"MUT+DMSO",85,"Light","1",32,29,0.90625,0,0,3.56831373385606,0.630794709652678,-0.330107630919249,2.14260763091925
"MUT+DMSO",86,"Light","1",32,583,18.21875,0,0,101.606049596056,17.9615816697369,-16.9859500726843,53.4234500726843
"MUT+DMSO",87,"Light","1",32,835,26.09375,0,0,83.4924603028283,14.7595212145196,-2.83491158045846,55.0224115804585
"MUT+DMSO",88,"Light","1",32,2283,71.34375,0,0,256.905858165355,45.4149686088179,-17.6695884732832,160.357088473283
"MUT+DMSO",89,"Light","1",32,1965,61.40625,0,0,177.582849247258,31.392509231291,-0.123068093330438,122.93556809333
"MUT+DMSO",90,"Light","1",32,379,11.84375,0,0,66.9983675174254,11.84375,-11.37,35.0575
"MUT+DMSO",91,"Light","1",32,1390,43.4375,0,0,224.278044242035,39.6471314886999,-34.2708777178518,121.145877717852
"MUT+DMSO",92,"Light","1",32,3065,95.78125,0,0,541.63812073251,95.7489970297739,-91.8867841783569,283.449284178357
"MUT+DMSO",93,"Light","1",32,343,10.71875,0,0,60.6344064867464,10.71875,-10.29,31.7275
"MUT+DMSO",94,"Light","1",32,135,4.21875,0,0,23.3234402030066,4.12304068203623,-3.86240973679102,12.299909736791
"MUT+DMSO",95,"Light","1",32,1145,35.78125,0,0,145.24989242681,25.6767959754036,-14.545270111791,86.107770111791
"MUT+DMSO",96,"Light","1",32,999,31.21875,0,0,176.417527908158,31.1865075760064,-29.9068048489726,92.3443048489726
"MUT+DMSO",97,"Light","1",32,707,22.09375,0,0,124.981123574722,22.09375,-21.21,65.3975
"MUT+DMSO",98,"Light","1",32,372,11.625,0,0,65.0348541788518,11.4966466008361,-10.9084273376387,34.1584273376387
"MUT+DMSO",99,"Light","1",32,826,25.8125,0,0,115.05186418139,20.3384883377035,-14.050937141899,65.675937141899
"MUT+DMSO",100,"Light","1",32,2336,73,0,0,221.617077483343,39.1767345788041,-3.78639977445603,149.786399774456
"MUT+DMSO",101,"Light","1",32,1920,60,0,0,318.3869627741,56.2833951047387,-50.3154544052879,170.315454405288
"MUT+DMSO",102,"Light","1",32,248,7.75,0,0,28.1745710102728,4.98060755459645,-2.01199080700904,17.511990807009
"MUT+DMSO",103,"Light","1",32,2446,76.4375,0,0,275.54473174704,48.7098870846401,-19.0338786858946,171.908878685895
"MUT+DMSO",104,"Light","1",32,448,14,0,0,78.4692255272008,13.8715303711851,-13.1881995275227,41.1881995275227
"MUT+DMSO",105,"Light","1",32,617,19.28125,0,0,80.4857167753304,14.227999030124,-8.60562809904305,47.168128099043
"MUT+DMSO",106,"Light","1",32,911,28.46875,0,0,93.389570590946,16.5090996642394,-3.88908534190927,60.8265853419093
"MUT+DMSO",107,"Light","1",32,401,12.53125,0,0,42.2923651883624,7.47630455427723,-2.12230692638337,27.1848069263834
"MUT+DMSO",108,"Light","1",32,390,12.1875,0,0,65.3888801338675,11.559230139213,-10.4685910728575,34.8435910728575
"MUT+DMSO",109,"Light","1",32,278,8.6875,0,0,49.1439212924651,8.6875,-8.34,25.715
"MUT+DMSO",110,"Light","1",32,0,0,0,0,0,0,0,0
"MUT+DMSO",111,"Light","1",32,436,13.625,0,0,72.4759136852798,12.8120525098881,-11.4866229193806,38.7366229193806
"MUT+DMSO",112,"Light","1",32,518,16.1875,0,0,81.730650269947,14.4480742591664,-12.1307255479662,44.5057255479662
"MUT+DMSO",113,"Light","1",32,36,1.125,0,0,6.36396103067893,1.125,-1.08,3.33
"MUT+DMSO",114,"Light","1",32,255,7.96875,0,0,40.7561468746067,7.20473695751733,-6.15253443673397,22.090034436734
"MUT+DMSO",115,"Light","1",32,0,0,0,0,0,0,0,0
"WT+DMSO",116,"Trans 2","1",32,3819,119.34375,0,0,373.449794473013,66.0172205261474,-10.050002231249,248.737502231249
"WT+DMSO",117,"Trans 2","1",32,3318,103.6875,0,0,349.38032124172,61.7622985907887,-17.3666052379459,224.741605237946
"WT+DMSO",118,"Trans 2","1",32,3019,94.34375,0,0,303.908900757575,53.7240111471576,-10.955311848429,199.642811848429
"WT+DMSO",119,"Trans 2","1",32,2116,66.125,0,0,183.408366854563,32.4223249823029,2.57724303468625,129.672756965314
"WT+DMSO",120,"Trans 2","1",32,5639,176.21875,0,242.25,327.768283058371,57.9417939021114,62.6528339518616,289.784666048138
"WT+DMSO",121,"Trans 2","1",32,16636,519.875,249.5,1120.25,591.435037198344,104.551931358567,314.953214537209,724.796785462791
"WT+DMSO",123,"Trans 2","1",32,15581,486.90625,256,668.5,617.655889131669,109.187166911202,272.899402854043,700.913097145956
"WT+DMSO",124,"Trans 2","1",32,15168,474,443,557,465.864648763718,82.3540130639785,312.586134394602,635.413865605398
"WT+DMSO",125,"Trans 2","1",32,13498,421.8125,353.5,473,381.353907046138,67.4144834260772,289.680112484889,553.944887515111
"WT+DMSO",126,"Trans 2","1",32,14767,461.46875,311.5,457.75,531.935842867746,94.0338604119912,277.162383592497,645.775116407503
"WT+DMSO",127,"Trans 2","1",32,15317,478.65625,314,716.75,564.853884010952,99.8530029409259,282.944364235785,674.368135764215
"WT+DMSO",128,"Trans 2","1",32,11226,350.8125,265.5,453.25,472.050396263898,83.4475090649998,187.2553822326,514.3696177674
"WT+DMSO",129,"Trans 2","1",32,15627,488.34375,303.5,601.25,612.932854785748,108.352244507758,275.973350764795,700.714149235205
"WT+DMSO",130,"Trans 2","1",32,12873,402.28125,290,649,435.232769340803,76.9390106488705,251.480789128214,553.081710871786
"WT+DMSO",131,"Trans 2","1",32,13484,421.375,287,697.5,459.115260670613,81.160878541605,262.299678058454,580.450321941546
"WT+DMSO",132,"Trans 2","1",32,10693,334.15625,62.5,462.75,531.18201177854,93.9006006432295,150.11107273927,518.20142726073
"WT+DMSO",133,"Trans 2","1",32,10582,330.6875,35.5,444.75,529.079629197967,93.5289483983866,147.370761139162,514.004238860838
"WT+DMSO",134,"Trans 2","1",32,12331,385.34375,274.5,605.5,444.078793457183,78.5027815586785,231.47829814499,539.20920185501
"WT+DMSO",135,"Trans 2","1",32,11308,353.375,150.5,760.5,436.524821006594,77.1674152725016,202.126866065897,504.623133934103
"WT+DMSO",136,"Trans 2","1",32,8661,270.65625,171.5,405.75,336.65332119163,59.5124615808936,154.011825301449,387.300674698551
"WT+DMSO",137,"Trans 2","1",32,11826,369.5625,229.5,491,468.128527808749,82.7542141201105,207.364240324583,531.760759675417
"WT+DMSO",138,"Trans 2","1",32,7674,239.8125,170,330.5,304.561391395942,53.8393562859202,134.287361679596,345.337638320404
"WT+DMSO",139,"Trans 2","1",32,7953,248.53125,131.5,364.5,340.794516120406,60.2445283349819,130.451974463436,366.610525536565
"WT+DMSO",140,"Trans 2","1",32,6805,212.65625,176.5,265.5,249.729351482631,44.1463294736718,126.129444231603,299.183055768397
"WT+DMSO",141,"Trans 2","1",32,10868,339.625,165.5,559,404.777019461173,71.5551438323687,199.376918088557,479.873081911443
"WT+DMSO",142,"Trans 2","1",32,9575,299.21875,149.5,362.5,461.146099190253,81.5198834637881,139.439778410975,458.997721589025
"WT+DMSO",143,"Trans 2","1",32,13197,412.40625,252,355,706.32884872439,124.862479670176,167.675789846455,657.136710153545
"WT+DMSO",144,"Trans 2","1",32,9713,303.53125,143,420,460.492161985413,81.4042826057849,143.978856092662,463.083643907338
"WT+DMSO",145,"Trans 2","1",32,11599,362.46875,258.5,608.5,407.813998112438,72.0920108820257,221.16840867123,503.76909132877
"Mut1",116,"Trans 2","1",32,4817,150.53125,0,2.25,410.813982264715,72.6223381664075,8.19146719384131,292.871032806159
"Mut1",117,"Trans 2","1",32,1322,41.3125,0,0,128.445403865586,22.7061540214002,-3.19156188194438,85.8165618819444
"Mut1",118,"Trans 2","1",32,836,26.125,0,0,93.9412136013966,16.6066172926104,-6.42396989351632,58.6739698935163
"Mut1",119,"Trans 2","1",32,1460,45.625,0,0,179.972354507843,31.8149180746513,-16.7322394263166,107.982239426317
"Mut1",120,"Trans 2","1",32,4556,142.375,0,56,447.188619365836,79.0525263057581,-12.5679515592859,297.317951559286
"Mut1",121,"Trans 2","1",32,15185,474.53125,345,626.25,566.315253841772,100.111339070225,278.31302542236,670.74947457764
"Mut1",123,"Trans 2","1",32,14115,441.09375,304.5,678.75,512.505569403255,90.5990408802286,263.519629874752,618.667870125248
"Mut1",124,"Trans 2","1",32,14738,460.5625,385.5,744.25,469.807025414725,83.0509333799582,297.782670575282,623.342329424718
"Mut1",125,"Trans 2","1",32,12512,391,157,396.25,584.242492739599,103.280457118376,188.570304047984,593.429695952016
"Mut1",126,"Trans 2","1",32,8420,263.125,95,564.75,307.952630416831,54.4388483129939,156.424857306532,369.825142693468
"Mut1",127,"Trans 2","1",32,13527,422.71875,225.5,579,590.806569206658,104.440832863897,218.014717586762,627.422782413238
"Mut1",128,"Trans 2","1",32,9997,312.40625,130,380,531.962881276929,94.0386401726126,128.090515261679,496.721984738321
"Mut1",129,"Trans 2","1",32,13001,406.28125,63.5,534.5,658.970958994694,116.490708427538,177.959461482026,634.603038517974
"Mut1",130,"Trans 2","1",32,12039,376.21875,0,600,582.05003301041,102.892881332879,174.548702587558,577.888797412442
"Mut1",131,"Trans 2","1",32,9471,295.96875,0,525.5,457.776497400839,80.9242163949899,137.35728586582,454.58021413418
"Mut1",132,"Trans 2","1",32,10907,340.84375,5.5,518.5,578.837773773252,102.325028760498,140.286693629424,541.400806370576
"Mut1",133,"Trans 2","1",32,12805,400.15625,42.5,639,592.395634438348,104.721742564166,194.901634574235,605.410865425765
"Mut1",134,"Trans 2","1",32,13346,417.0625,47.5,561.75,651.6215969757,115.191512497281,191.287135505329,642.837864494671
"Mut1",135,"Trans 2","1",32,11023,344.46875,10,410.25,653.461847462199,115.516825896802,118.055771242267,570.881728757733
"Mut1",136,"Trans 2","1",32,9376,293,0,426,553.816145106519,97.9017879338532,101.112495649648,484.887504350352
"Mut1",137,"Trans 2","1",32,8156,254.875,0,241,480.560140239592,84.9518334828435,88.3694063736267,421.380593626373
"Mut1",138,"Trans 2","1",32,10787,337.09375,28.5,360,641.399143977571,113.384421038447,114.860284764644,559.327215235356
"Mut1",139,"Trans 2","1",32,8437,263.65625,2,478.5,360.772702044269,63.776206020624,138.654886199577,388.657613800423
"Mut1",140,"Trans 2","1",32,7534,235.4375,0.5,302,416.373664183755,73.6051603629559,91.1713856886065,379.703614311393
"Mut1",141,"Trans 2","1",32,10055,314.21875,0,395.5,531.564625050274,93.9682377529834,130.041004004153,498.396495995847
"Mut1",142,"Trans 2","1",32,5384,168.25,0,177.75,392.019008755706,69.2998248612971,32.4223432718577,304.077656728142
"Mut1",143,"Trans 2","1",32,7295,227.96875,0,341.75,447.559510144704,79.1180911519625,72.8972913421536,383.040208657846
"Mut1",144,"Trans 2","1",32,8004,250.125,0,337,478.718231490394,84.6262269411222,84.2575951954004,415.9924048046
"Mut1",145,"Trans 2","1",32,8092,252.875,0,280.75,619.384072310758,109.492669422469,38.2693679319609,467.480632068039
"Mut2",116,"Trans 2","1",32,1353,42.28125,0,0,164.73051979893,29.1205169045521,-14.7949631329222,99.3574631329222
"Mut2",117,"Trans 2","1",32,151,4.71875,0,0,26.6932809897922,4.71875,-4.53,13.9675
"Mut2",118,"Trans 2","1",32,3620,113.125,0,0,299.063673228898,52.8674878366779,9.50472384011124,216.745276159889
"Mut2",119,"Trans 2","1",32,2358,73.6875,0,0,221.60520511821,39.1746358213305,-3.09478620980779,150.469786209808
"Mut2",120,"Trans 2","1",32,5007,156.46875,0,45.75,323.771522824253,57.235259836031,44.2876407213792,268.649859278621
"Mut2",121,"Trans 2","1",32,14805,462.65625,116.5,687.25,685.13491063157,121.115885333806,225.269114745741,700.043385254259
"Mut2",123,"Trans 2","1",32,14047,438.96875,248.5,600.25,558.070031700555,98.6537759481134,245.607349141698,632.330150858302
"Mut2",124,"Trans 2","1",32,11271,352.21875,188,582.75,414.181099113544,73.2175659556211,208.712320726983,495.725179273017
"Mut2",125,"Trans 2","1",32,15560,486.25,191.5,542,739.60189814652,130.744379389462,229.991016396655,742.508983603345
"Mut2",126,"Trans 2","1",32,15436,482.375,171.5,744,625.545529659848,110.581871490852,265.63453187793,699.11546812207
"Mut2",127,"Trans 2","1",32,13906,434.5625,184,756.75,528.748183097618,93.470356452098,251.360601353888,617.764398646112
"Mut2",128,"Trans 2","1",32,15455,482.96875,118.5,650.25,797.077584938436,140.904741360441,206.795456933535,759.142043066465
"Mut2",129,"Trans 2","1",32,13549,423.40625,133.5,613.25,616.34038874504,108.954617100193,209.855200483622,636.957299516378
"Mut2",130,"Trans 2","1",32,11555,361.09375,126.5,529.75,528.961329117368,93.5080357010851,177.818000025873,544.369499974127
"Mut2",131,"Trans 2","1",32,13420,419.375,185.5,544,585.125338103147,103.436523604202,216.639413735765,622.110586264235
"Mut2",132,"Trans 2","1",32,14009,437.78125,128,552.25,686.857675747946,121.420430057851,199.797207086612,675.765292913388
"Mut2",133,"Trans 2","1",32,18512,578.5,112.5,851,787.161949972095,139.151888179324,305.762299168526,851.237700831474
"Mut2",134,"Trans 2","1",32,17989,562.15625,259,1009.75,706.373706693606,124.870409513732,317.410247353086,806.902252646914
"Mut2",135,"Trans 2","1",32,13971,436.59375,90.5,553.5,854.652838758748,151.082704461661,140.471649255144,732.715850744856
"Mut2",136,"Trans 2","1",32,12838,401.1875,182,469.5,564.980241590002,99.875340016176,205.431833568295,596.943166431705
"Mut2",137,"Trans 2","1",32,14340,448.125,62.5,527.25,729.018020486153,128.873396473238,195.533142912454,700.716857087546
"Mut2",138,"Trans 2","1",32,14022,438.1875,94.5,511.5,643.044243573915,113.675236308522,215.384036835296,660.990963164704
"Mut2",139,"Trans 2","1",32,11348,354.625,190,376,572.460324023111,101.197644269247,156.277617232275,552.972382767725
"Mut2",140,"Trans 2","1",32,12079,377.46875,38.5,618.25,643.997895427086,113.843819731589,154.334863326085,600.602636673915
"Mut2",141,"Trans 2","1",32,10361,323.78125,61.5,398.75,496.607700976691,87.7886682375199,151.715460254461,495.847039745539
"Mut2",142,"Trans 2","1",32,11823,369.46875,217.5,459.75,540.728181930506,95.5881410554336,182.11599353135,556.82150646865
"Mut2",143,"Trans 2","1",32,11164,348.875,8,578.5,565.210822785223,99.9161013978647,153.039441260185,544.710558739815
"Mut2",144,"Trans 2","1",32,12625,394.53125,2,552.25,672.746416510277,118.925888283342,161.43650896465,627.62599103535
"Mut2",145,"Trans 2","1",32,10765,336.40625,216,488,464.170565103028,82.0545385528858,175.579354436344,497.233145563656
"Mut3",116,"Trans 2","1",32,2441,76.28125,0,0,214.449217144458,37.9096239157482,1.97838712513354,150.584112874866
"Mut3",117,"Trans 2","1",32,4785,149.53125,0,70.5,309.187069835117,54.6570684339025,42.403395869551,256.659104130449
"Mut3",118,"Trans 2","1",32,2163,67.59375,0,0.5,148.463932705948,26.2449633944997,16.1536217467806,119.033878253219
"Mut3",119,"Trans 2","1",32,3191,99.71875,0,12.75,242.752526896253,42.9129894796276,15.6092906199299,183.82820938007
"Mut3",120,"Trans 2","1",32,6931,216.59375,0,142.5,463.925317917484,82.0111845658945,55.8518282508468,377.335671749153
"Mut3",121,"Trans 2","1",32,14823,463.21875,58.5,701,740.113929084025,130.834894526483,206.782356728092,719.655143271907
"Mut3",123,"Trans 2","1",32,11075,346.09375,134.5,570.5,432.74892962168,76.4999256716775,196.153895683512,496.033604316488
"Mut3",124,"Trans 2","1",32,13154,411.0625,258,615.5,553.278844560959,97.8068057190279,219.361160790705,602.763839209295
"Mut3",125,"Trans 2","1",32,8754,273.5625,114.5,386,382.87890256876,67.6840670949084,140.90172849398,406.223271506021
"Mut3",126,"Trans 2","1",32,8480,265,127.5,358.25,388.654502843651,68.7050586248579,130.338085095279,399.661914904721
"Mut3",127,"Trans 2","1",32,10590,330.9375,173,521.25,441.639390007789,78.0715518783994,177.917258318337,483.957741681663
"Mut3",128,"Trans 2","1",32,10791,337.21875,182.5,489.5,411.244745774848,72.6984871161832,194.729715252281,479.707784747719
"Mut3",129,"Trans 2","1",32,11842,370.0625,281,598.75,399.289121338605,70.5850113381364,231.715877777253,508.409122222747
"Mut3",130,"Trans 2","1",32,12371,386.59375,211,569,475.417905085417,84.0428061458502,221.869849954134,551.317650045866
"Mut3",131,"Trans 2","1",32,12882,402.5625,263.5,541.5,469.339614125099,82.9683059568337,239.944620324606,565.180379675394
"Mut3",132,"Trans 2","1",32,10327,322.71875,203,484.5,388.75742784108,68.723253365767,188.021173403097,457.416326596903
"Mut3",133,"Trans 2","1",32,9993,312.28125,180,384,476.063850039589,84.1569941601922,147.333541446023,477.228958553977
"Mut3",134,"Trans 2","1",32,12821,400.65625,245.5,524.75,497.255928742287,87.9032597997215,228.365860792546,572.946639207454
"Mut3",135,"Trans 2","1",32,8887,277.71875,115,398,390.041373684234,68.9502250688594,142.576308865036,412.861191134964
"Mut3",136,"Trans 2","1",32,9618,300.5625,145.5,498.75,415.956956326167,73.5314961249874,156.440767595025,444.684232404975
"Mut3",137,"Trans 2","1",32,13455,420.46875,246.5,414.75,581.927829710812,102.871278637421,218.841043870654,622.096456129346
"Mut3",138,"Trans 2","1",32,10778,336.8125,152,437.5,524.863818743306,92.7836913582147,154.956464937899,518.668535062101
"Mut3",139,"Trans 2","1",32,8537,266.78125,145.5,441,343.163624508024,60.6633314865444,147.881120286373,385.681379713627
"Mut3",140,"Trans 2","1",32,9393,293.53125,200.5,433.75,359.586948018812,63.5665923425692,168.940729008564,418.121770991436
"Mut3",141,"Trans 2","1",32,9786,305.8125,95,496.75,417.618782600406,73.8252682819044,161.114974167467,450.510025832533
"Mut3",142,"Trans 2","1",32,9319,291.21875,162.5,336.5,456.390377211538,80.6791826486413,133.087552008663,449.349947991337
"Mut3",143,"Trans 2","1",32,9631,300.96875,199,585,303.201570807809,53.5989716961536,195.914765475539,406.022734524461
"Mut3",144,"Trans 2","1",32,9341,291.90625,150.5,350.5,472.337656655873,83.4982900077827,128.249601584746,455.562898415254
"Mut3",145,"Trans 2","1",32,10255,320.46875,236,491,367.961865518434,65.0470825815344,192.976468140193,447.961031859807
"Mut4",116,"Trans 2","1",32,4316,134.875,0,28.25,314.166049170837,55.5372359468213,26.0220175442302,243.72798245577
"Mut4",117,"Trans 2","1",32,4378,136.8125,0,6.5,312.599964656469,55.2603887018161,28.5021381444404,245.12286185556
"Mut4",118,"Trans 2","1",32,5553,173.53125,0,0.25,619.905403000615,109.584828538979,-41.255013936398,388.317513936398
"Mut4",119,"Trans 2","1",32,1308,40.875,0,0,160.531526398219,28.3782327276019,-14.7463361460997,96.4963361460997
"Mut4",120,"Trans 2","1",32,5499,171.84375,0,172.5,394.986492980579,69.824406915915,34.9879124448067,308.699587555193
"Mut4",121,"Trans 2","1",32,14252,445.375,192.5,737,565.41641805527,99.9524458502723,249.468206133466,641.281793866534
"Mut4",123,"Trans 2","1",32,8271,258.46875,133.5,422.75,356.318178252564,62.9887500256062,135.010799949812,381.926700050188
"Mut4",124,"Trans 2","1",32,11604,362.625,148.5,401.25,636.83434570614,112.577471085327,141.973156672758,583.276843327242
"Mut4",125,"Trans 2","1",32,17234,538.5625,266.5,647,775.950070621025,137.169889199577,269.709517168829,807.415482831171
"Mut4",126,"Trans 2","1",32,16048,501.5,201,774.75,680.738356255485,120.338676980509,265.636193118202,737.363806881798
"Mut4",127,"Trans 2","1",32,14712,459.75,179.5,754.5,633.866679785217,112.052856911082,240.126400454279,679.373599545721
"Mut4",128,"Trans 2","1",32,15622,488.1875,248.5,673.5,688.200010194898,121.657723505366,249.738361929483,726.636638070517
"Mut4",129,"Trans 2","1",32,15280,477.5,281,540,623.254983288179,110.176956272845,261.553165705224,693.446834294776
"Mut4",130,"Trans 2","1",32,13482,421.3125,210.5,578,603.578491969141,106.698611162432,212.183222121633,630.441777878367
"Mut4",131,"Trans 2","1",32,12733,397.90625,227,600.5,591.610833254593,104.583008004437,192.923554311304,602.888945688696
"Mut4",132,"Trans 2","1",32,12375,386.71875,129,480.25,629.476035792545,111.276693375834,168.616430983366,604.821069016634
"Mut4",133,"Trans 2","1",32,15354,479.8125,173,613.25,711.663405283252,125.805504949525,233.233710298932,726.391289701068
"Mut4",134,"Trans 2","1",32,13621,425.65625,204.5,391.25,701.579674245567,124.022936300422,182.571294851172,668.741205148828
"Mut4",135,"Trans 2","1",32,9582,299.4375,130.5,394.75,414.258135006852,73.2311841062592,155.904379151732,442.970620848268
"Mut4",136,"Trans 2","1",32,5766,180.1875,45,335.5,239.154483410794,42.2769392427346,97.3246990842402,263.05030091576
"Mut4",137,"Trans 2","1",32,12553,392.28125,267.5,495.75,489.899675995323,86.6028457493464,222.539672331281,562.022827668719
"Mut4",138,"Trans 2","1",32,10217,319.28125,46,388.5,524.183619291819,92.6634479470383,137.660892023805,500.901607976195
"Mut4",139,"Trans 2","1",32,7078,221.1875,183,366.25,266.192198026769,47.0565770809202,128.956608921396,313.418391078604
"Mut4",140,"Trans 2","1",32,9863,308.21875,113.5,296.5,577.879535073229,102.155634489802,107.993706399987,508.443793600013
"Mut4",141,"Trans 2","1",32,7369,230.28125,76,301.5,341.108272885084,60.2999932189686,112.093263290822,348.469236709178
"Mut4",142,"Trans 2","1",32,9377,293.03125,100,390.5,414.321169203313,73.2423270832003,149.476288916927,436.586211083073
"Mut4",143,"Trans 2","1",32,10107,315.84375,132.5,478.25,466.107845016026,82.3970044937701,154.345621192211,477.341878807789
"Mut4",144,"Trans 2","1",32,11164,348.875,62,439,502.913046418627,88.9033063674491,174.6245195198,523.1254804802
"Mut4",145,"Trans 2","1",32,10900,340.625,142,439,509.312170575939,90.0345223887715,164.157336118008,517.092663881992
"MUT+DMSO",116,"Trans 2","1",32,904,28.25,0,0,115.401123715667,20.400229283974,-11.734449396589,68.234449396589
"MUT+DMSO",117,"Trans 2","1",32,460,14.375,0,0,54.0983274441832,9.56332354665806,-4.3691141514498,33.1191141514498
"MUT+DMSO",118,"Trans 2","1",32,409,12.78125,0,0,65.6735496297234,11.6095530719422,-9.97347402100666,35.5359740210067
"MUT+DMSO",119,"Trans 2","1",32,248,7.75,0,0,43.2964276258595,7.65379939384946,-7.25144681194494,22.7514468119449
"MUT+DMSO",120,"Trans 2","1",32,2488,77.75,0,0,204.438333631598,36.1399330113452,6.91573129776349,148.584268702236
"MUT+DMSO",121,"Trans 2","1",32,11849,370.28125,144,632.25,522.165357221501,92.3066662480049,189.36018415391,551.20231584609
"MUT+DMSO",123,"Trans 2","1",32,12898,403.0625,242,526.25,554.345760130078,97.9954115274973,210.991493406105,595.133506593895
"MUT+DMSO",124,"Trans 2","1",32,14562,455.0625,415,718,366.642652561618,64.8138764746358,328.027302109714,582.097697890286
"MUT+DMSO",125,"Trans 2","1",32,13439,419.96875,313,572.25,426.581572154275,75.4096805998766,272.165776024242,567.771723975758
"MUT+DMSO",126,"Trans 2","1",32,14943,466.96875,343,524.75,468.549614157796,82.8286523733294,304.624591348274,629.312908651726
"MUT+DMSO",127,"Trans 2","1",32,12082,377.5625,250,538.75,441.513302141331,78.04926248205,224.585945535182,530.539054464818
"MUT+DMSO",128,"Trans 2","1",32,15546,485.8125,291.5,666.25,659.979444327991,116.668985132013,257.141289141255,714.483710858746
"MUT+DMSO",129,"Trans 2","1",32,6854,214.1875,112.5,300.25,278.507014737626,49.2335496822494,117.689742622791,310.685257377209
"MUT+DMSO",130,"Trans 2","1",32,6951,217.21875,4,270.75,349.004643131606,61.6958874559873,96.2948105862648,338.142689413735
"MUT+DMSO",131,"Trans 2","1",32,8238,257.4375,156,496.25,290.707583653314,51.3903259359034,156.712461165629,358.162538834371
"MUT+DMSO",132,"Trans 2","1",32,7772,242.875,126.5,407,322.059977383496,56.9326984891641,131.286910961238,354.463089038762
"MUT+DMSO",133,"Trans 2","1",32,9675,302.34375,128,410.5,449.032121085039,79.3784144474525,146.762057682993,457.925442317007
"MUT+DMSO",134,"Trans 2","1",32,8404,262.625,55,427,383.776879903398,67.842808560577,129.653095221269,395.596904778731
"MUT+DMSO",135,"Trans 2","1",32,7827,244.59375,115,330,325.447568679929,57.5315456835632,131.831920460216,357.355579539784
"MUT+DMSO",136,"Trans 2","1",32,5477,171.15625,23.5,305.25,218.009486235599,38.5389965200468,95.6198168207083,246.692683179292
"MUT+DMSO",137,"Trans 2","1",32,8828,275.875,130,323.5,422.941523449832,74.7662048191863,129.333238554395,422.416761445605
"MUT+DMSO",138,"Trans 2","1",32,9926,310.1875,133,321.25,539.030278490023,95.2879912962922,123.423037059267,496.951962940733
"MUT+DMSO",139,"Trans 2","1",32,8950,279.6875,143,444.75,388.816354154586,68.7336701647345,144.96950647712,414.40549352288
"MUT+DMSO",140,"Trans 2","1",32,6873,214.78125,0,386.25,404.424380616571,71.4928055027866,74.6553512145383,354.907148785462
"MUT+DMSO",141,"Trans 2","1",32,9149,285.90625,0,333.75,517.513307254494,91.4842922284824,106.597037232174,465.215462767826
"MUT+DMSO",142,"Trans 2","1",32,11780,368.125,138,668.25,474.88543609944,83.9486780381611,203.585591045204,532.664408954796
"MUT+DMSO",143,"Trans 2","1",32,7035,219.84375,33,354.5,415.503744742645,73.4513788789822,75.8790473971949,363.808452602805
"MUT+DMSO",144,"Trans 2","1",32,4876,152.375,8.5,222.25,243.538928464053,43.0520069499594,67.9930663780795,236.75693362192
"MUT+DMSO",145,"Trans 2","1",32,10971,342.84375,178,407.5,520.409151030039,91.9962099212187,162.531178554411,523.156321445589
"WT+DMSO",146,"Dark","1",32,10795,337.34375,188.5,526.5,489.065046757256,86.455302750843,167.891356608348,506.796143391652
"WT+DMSO",147,"Dark","1",32,9866,308.3125,54,342.25,516.539817501532,91.3122019270488,129.340584222984,487.284415777016
"WT+DMSO",148,"Dark","1",32,9444,295.125,163.5,367.25,439.343553571139,77.6657015001869,142.900225059634,447.349774940366
"WT+DMSO",149,"Dark","1",32,13955,436.09375,137,665.25,601.822144950837,106.388129940742,227.573015316145,644.614484683855
"WT+DMSO",150,"Dark","1",32,9480,296.25,202.5,428,382.553812364795,67.6265987229781,163.701866502963,428.798133497037
"WT+DMSO",151,"Dark","1",32,8651,270.34375,74,467.25,385.179020747747,68.0906743853815,136.886028204652,403.801471795348
"WT+DMSO",152,"Dark","1",32,10505,328.28125,205.5,464,444.974753497319,78.6611664136917,174.105363829164,482.457136170836
"WT+DMSO",153,"Dark","1",32,7593,237.28125,98,334.25,339.743663747319,60.0587621252229,119.566076234563,354.996423765437
"WT+DMSO",154,"Dark","1",32,12496,390.5,269.5,687.25,407.142203896315,71.97325332058,249.432423491663,531.567576508337
"WT+DMSO",155,"Dark","1",32,10178,318.0625,198.5,335.25,444.297193292667,78.5413895598489,164.121376462696,472.003623537304
"WT+DMSO",156,"Dark","1",32,8104,253.25,41,271.75,400.763706424492,70.8456836165533,114.392460111555,392.107539888445
"WT+DMSO",157,"Dark","1",32,8885,277.65625,164.5,338.75,387.037766713926,68.4192573546785,143.55450558483,411.75799441517
"WT+DMSO",158,"Dark","1",32,10912,341,168.5,542.5,411.706989449159,72.7802010253498,198.350805990314,483.649194009686
"WT+DMSO",159,"Dark","1",32,8673,271.03125,63.5,322.75,389.313331340808,68.8215241493526,136.141062667269,405.921437332731
"WT+DMSO",160,"Dark","1",32,10052,314.125,151.5,332.5,472.849955741947,83.5888525472224,150.290849007444,477.959150992556
"WT+DMSO",161,"Dark","1",32,11095,346.71875,163,445.5,444.573099644388,78.5901633729174,192.682029789082,500.755470210918
"WT+DMSO",162,"Dark","1",32,12479,389.96875,39.5,520.25,729.895285656918,129.028476511025,137.072936038392,642.864563961608
"WT+DMSO",163,"Dark","1",32,6412,200.375,124,371.75,225.676867195326,39.8944107876877,122.181954856132,278.568045143868
"WT+DMSO",164,"Dark","1",32,5799,181.21875,8.5,205.25,337.397605434932,59.6440336897858,64.3164439680198,298.12105603198
"WT+DMSO",165,"Dark","1",32,9367,292.71875,132.5,376.25,384.003799911894,67.8829227297757,159.66822144964,425.76927855036
"WT+DMSO",166,"Dark","1",32,7334,229.1875,44.5,327.25,323.468145462629,57.1816297886153,117.111505614314,341.263494385686
"WT+DMSO",167,"Dark","1",32,12037,376.15625,116.5,574.25,525.131633843271,92.831034826537,194.207421739987,558.105078260013
"WT+DMSO",168,"Dark","1",32,7318,228.6875,50,476.75,282.525184432662,49.9438684420788,130.797517853526,326.577482146474
"WT+DMSO",169,"Dark","1",32,10167,317.71875,192,449.5,473.976808631992,83.78805387721,153.494164400668,481.943335599332
"WT+DMSO",170,"Dark","1",32,7294,227.9375,43.5,316.75,376.920624612218,66.6307824080921,97.3411664801395,358.53383351986
"WT+DMSO",171,"Dark","1",32,12109,378.40625,275,562.25,393.601391567088,69.5795532653874,242.030325599841,514.782174400159
"WT+DMSO",172,"Dark","1",32,7621,238.15625,0.5,305.75,389.489418413969,68.8526522402305,103.205051609148,373.107448390852
"WT+DMSO",173,"Dark","1",32,10920,341.25,176.5,579,485.239216030808,85.7789850382572,173.123189325016,509.376810674984
"WT+DMSO",174,"Dark","1",32,5966,186.4375,39.5,303.75,242.51490642579,42.8709837181243,102.410371912476,270.464628087524
"WT+DMSO",175,"Dark","1",32,7908,247.125,72.5,316.25,391.06824336392,69.1317516973347,111.626766673224,382.623233326776
"WT+DMSO",176,"Dark","1",32,9339,291.84375,111.5,323.75,444.122702412731,78.5105436387343,137.963084468081,445.724415531919
"WT+DMSO",177,"Dark","1",32,11266,352.0625,217,528.75,394.379213080098,69.7170539819879,215.417074195304,488.707925804696
"WT+DMSO",178,"Dark","1",32,13104,409.5,335.5,603.5,374.246684213984,66.1580920610721,279.830139560299,539.169860439701
"WT+DMSO",179,"Dark","1",32,11106,347.0625,183,509.5,411.167647897326,72.6848580081805,204.600178303966,489.524821696034
"WT+DMSO",180,"Dark","1",32,12469,389.65625,168.5,429.5,611.392625520068,108.079967868172,177.819512978383,601.492987021617
"Mut1",146,"Dark","1",32,6694,209.1875,0,167.5,442.307252535114,78.1896144088925,55.9358557585707,362.439144241429
"Mut1",147,"Dark","1",32,8508,265.875,0,405.75,541.779549858761,95.7739984033312,78.1579631294709,453.592036870529
"Mut1",148,"Dark","1",32,8322,260.0625,1,471.25,411.810709530327,72.7985363185344,117.377368815673,402.747631184327
"Mut1",149,"Dark","1",32,8587,268.34375,0,326.25,461.970227317107,81.6655701105543,108.279232583314,428.408267416686
"Mut1",150,"Dark","1",32,8919,278.71875,0,399.25,436.325435986386,77.1321686475376,127.539699450826,429.897800549174
"Mut1",151,"Dark","1",32,7019,219.34375,0,232.5,429.579510036906,75.9396461514727,70.5020435431134,368.185456456887
"Mut1",152,"Dark","1",32,6956,217.375,0,358.5,328.143630039475,58.0081465010206,103.679032858,331.070967142
"Mut1",153,"Dark","1",32,8431,263.46875,0,279.25,470.319931218753,83.1416031729928,100.511207780934,426.426292219066
"Mut1",154,"Dark","1",32,11800,368.75,2,563,597.079072950006,105.549665346882,161.872655920112,575.627344079888
"Mut1",155,"Dark","1",32,8723,272.59375,1,484,464.881244591111,82.1801701242042,111.52061655656,433.66688344344
"Mut1",156,"Dark","1",32,7085,221.40625,0,330.5,390.164139105003,68.9719271342398,86.22127281689,356.59122718311
"Mut1",157,"Dark","1",32,7598,237.4375,0,254.75,486.02720868347,85.9182837753127,69.0376638003871,405.837336199613
"Mut1",158,"Dark","1",32,10803,337.59375,1.5,314.5,622.354937593311,110.01784916929,121.958765628191,553.228734371809
"Mut1",159,"Dark","1",32,6368,199,0,227,401.780794030293,71.025481002334,59.7900572354255,338.209942764575
"Mut1",160,"Dark","1",32,6931,216.59375,1,354,300.363742858877,53.0973098495211,112.523022694939,320.664477305061
"Mut1",161,"Dark","1",32,9762,305.0625,7.5,595.5,418.941672551204,74.0591243956476,159.906616184531,450.218383815469
"Mut1",162,"Dark","1",32,8163,255.09375,1,285.5,476.380192390083,84.212916115495,90.0364344136297,420.15106558637
"Mut1",163,"Dark","1",32,7131,222.84375,0,460,331.360257061219,58.5767711959265,108.033278455984,337.654221544016
"Mut1",164,"Dark","1",32,9823,306.96875,0,322.5,667.116640397436,117.930675066854,75.8246268689671,538.112873131033
"Mut1",165,"Dark","1",32,7633,238.53125,1,336,377.785566791277,66.7836840281288,107.635229304867,369.427270695133
"Mut1",166,"Dark","1",32,11141,348.15625,97,447.75,587.641382267473,103.881301576792,144.548898909489,551.763601090511
"Mut1",167,"Dark","1",32,10729,335.28125,68.5,361.5,639.656724187581,113.076401826153,113.65150242074,556.91099757926
"Mut1",168,"Dark","1",32,8599,268.71875,1.5,223.75,534.300400848412,94.4518591576507,83.5931060510046,453.844393948995
"Mut1",169,"Dark","1",32,13324,416.375,82.5,472.25,673.721142179281,119.098197065929,182.942533750779,649.807466249221
"Mut1",170,"Dark","1",32,9565,298.90625,11,456.25,513.738942075485,90.8170724252946,120.904788046423,476.907711953577
"Mut1",171,"Dark","1",32,7903,246.96875,0,232.75,531.98408200628,94.0423879674853,62.6456695837289,431.291830416271
"Mut1",172,"Dark","1",32,5454,170.4375,0,151,412.122823651146,72.8537108213682,27.6442267901183,313.230773209882
"Mut1",173,"Dark","1",32,11491,359.09375,56.5,469.5,602.912573738996,106.58089233837,150.195201016795,567.992298983205
"Mut1",174,"Dark","1",32,7081,221.28125,3,399.75,324.440385137338,57.3534991053468,108.86839175352,333.69410824648
"Mut1",175,"Dark","1",32,9181,286.90625,0,293.75,589.926258889549,104.285214515203,82.5072295502026,491.305270449797
"Mut1",176,"Dark","1",32,9753,304.78125,6,522,435.671505015256,77.0165688915091,153.828774972642,455.733725027358
"Mut1",177,"Dark","1",32,7214,225.4375,0,372.75,404.350210513035,71.4796939569937,85.3372998442923,365.537700155708
"Mut1",178,"Dark","1",32,7674,239.8125,0,334.25,391.590259648542,69.2240320110213,104.133397258398,375.491602741602
"Mut1",179,"Dark","1",32,8469,264.65625,13,292.5,465.308611386728,82.2557186140128,103.435041516535,425.877458483465
"Mut1",180,"Dark","1",32,9136,285.5,8.5,278,546.847327871317,96.6698634528879,96.0270676323397,474.97293236766
"Mut2",146,"Dark","1",32,9688,302.75,131,344.5,454.118998188943,80.2776557712607,145.405794688329,460.094205311671
"Mut2",147,"Dark","1",32,9408,294,10,365,502.195630818213,88.7764840084536,119.998091343431,468.001908656569
"Mut2",148,"Dark","1",32,11253,351.65625,132.5,358.25,584.261022609178,103.283732767484,149.220133775731,554.092366224269
"Mut2",149,"Dark","1",32,13400,418.75,189,560.25,626.925987297055,110.825904229955,201.531227709289,635.968772290711
"Mut2",150,"Dark","1",32,10731,335.34375,103.5,534.75,489.740722013585,86.5747463897504,165.657247076089,505.030252923911
"Mut2",151,"Dark","1",32,14815,462.96875,76.5,666.75,724.184590814097,128.018958748863,212.051590852228,713.885909147772
"Mut2",152,"Dark","1",32,12021,375.65625,1.5,670.75,625.146001495238,110.511244222235,159.05421132442,592.25828867558
"Mut2",153,"Dark","1",32,8373,261.65625,0,281.5,530.803566690438,93.8337003712036,77.7421972724409,445.570302727559
"Mut2",154,"Dark","1",32,11830,369.6875,131,422.25,622.910672283885,110.116090111352,153.859963381751,585.515036618249
"Mut2",155,"Dark","1",32,10127,316.46875,129,623.25,380.02826587361,67.1801409604485,184.795673717521,448.141826282479
"Mut2",156,"Dark","1",32,11844,370.125,100,559,542.350603778916,95.8749474281725,182.210103040782,558.039896959218
"Mut2",157,"Dark","1",32,10628,332.125,7,436.25,548.853453030247,97.024499628835,141.956980727483,522.293019272517
"Mut2",158,"Dark","1",32,9272,289.75,88,445.25,462.581814908315,81.7736845438125,129.473578294127,450.026421705873
"Mut2",159,"Dark","1",32,16252,507.875,137,950.5,684.164890047855,120.944408300647,270.823959730732,744.926040269268
"Mut2",160,"Dark","1",32,13341,416.90625,37.5,444,743.195426883348,131.379631524012,159.402172212937,674.410327787063
"Mut2",161,"Dark","1",32,10402,325.0625,169.5,477.75,422.462744110401,74.6815677897855,178.686627132021,471.43837286798
"Mut2",162,"Dark","1",32,11090,346.5625,18,547.25,581.207749071401,102.743985161639,145.184289083187,547.940710916813
"Mut2",163,"Dark","1",32,12984,405.75,143.5,772.25,537.252388577527,94.9737017929598,219.601544485799,591.898455514201
"Mut2",164,"Dark","1",32,8553,267.28125,31,258.75,490.756311275211,86.7542789031994,97.2428633497291,437.319636650271
"Mut2",165,"Dark","1",32,13298,415.5625,141,627,566.212597568406,100.093191833467,219.379844006404,611.745155993596
"Mut2",166,"Dark","1",32,15233,476.03125,169.5,732.5,583.30766984638,103.115202216625,273.925453655416,678.137046344584
"Mut2",167,"Dark","1",32,11277,352.40625,102.5,519.75,526.19748895166,93.019453170263,170.088121786284,534.724378213716
"Mut2",168,"Dark","1",32,7707,240.84375,22.5,286.75,498.183352007814,88.0672066197426,68.2320250253045,413.455474974696
"Mut2",169,"Dark","1",32,7921,247.53125,40,240.25,447.154226433947,79.0464464369173,92.6002149836421,402.462285016358
"Mut2",170,"Dark","1",32,8542,266.9375,47,386.25,417.31545564013,73.7716471442724,122.345071597226,411.529928402774
"Mut2",171,"Dark","1",32,9699,303.09375,156.5,490.25,376.443146491369,66.546375403812,172.662854208528,433.524645791472
"Mut2",172,"Dark","1",32,11015,344.21875,145,499,460.492424677631,81.4043290436471,184.666265074452,503.771234925548
"Mut2",173,"Dark","1",32,13613,425.40625,86,526.25,643.071403218256,113.680037500694,202.593376498639,648.219123501361
"Mut2",174,"Dark","1",32,13176,411.75,0,571,648.609480399814,114.659040483148,187.01828065303,636.48171934697
"Mut2",175,"Dark","1",32,13493,421.65625,93.5,762.75,586.437280939579,103.668444523244,218.466098734441,624.846401265558
"Mut2",176,"Dark","1",32,13832,432.25,43.5,571.5,695.226071377204,122.899767382126,191.366455931033,673.133544068967
"Mut2",177,"Dark","1",32,14198,443.6875,73,580.75,693.250708153146,122.550569199366,203.488384369242,683.886615630758
"Mut2",178,"Dark","1",32,13280,415,212.5,567,544.555752647913,96.264766357871,226.321057938573,603.678942061427
"Mut2",179,"Dark","1",32,13651,426.59375,147,687.5,594.081555136351,105.019774053691,220.754992854766,632.432507145234
"Mut2",180,"Dark","1",32,9524,297.625,75.5,304,588.073988651966,103.957776303806,93.8677584445394,501.382241555461
"Mut3",146,"Dark","1",32,9250,289.0625,97,442.5,443.832498010592,78.4592422635637,135.282385163415,442.842614836585
"Mut3",147,"Dark","1",32,8227,257.09375,183,352.5,306.702162910324,54.2177947996178,150.826872192749,363.360627807251
"Mut3",148,"Dark","1",32,12294,384.1875,224.5,506.5,529.38475778416,93.5828880214943,200.765039477871,567.609960522129
"Mut3",149,"Dark","1",32,8472,264.75,134,299.25,390.050368955832,68.9518152232459,129.604442162438,399.895557837562
"Mut3",150,"Dark","1",32,8581,268.15625,176.5,355.75,341.766767233861,60.4163996738168,149.740106639319,386.572393360681
"Mut3",151,"Dark","1",32,10837,338.65625,180.5,502,437.149683479388,77.277876395457,187.191612264904,490.120887735096
"Mut3",152,"Dark","1",32,5907,184.59375,40,259,269.344587947209,47.6138461533419,91.2706115394498,277.91688846055
"Mut3",153,"Dark","1",32,9188,287.125,173.5,353.5,388.65688906715,68.7054804535624,152.462258311018,421.787741688982
"Mut3",154,"Dark","1",32,12934,404.1875,206,493,534.639428538886,94.5117913523868,218.944388949322,589.430611050678
"Mut3",155,"Dark","1",32,11425,357.03125,140,473.5,590.518552022083,104.389918137819,152.427010449875,561.635489550125
"Mut3",156,"Dark","1",32,7716,241.125,0,283,546.353114575594,96.5824980596982,51.8233038029915,430.426696197008
"Mut3",157,"Dark","1",32,10450,326.5625,176.5,385.25,428.721876722713,75.7880365684134,178.01794832591,475.10705167409
"Mut3",158,"Dark","1",32,6808,212.75,3.5,290.25,355.437939776071,62.8331443766589,89.5970370217485,335.902962978251
"Mut3",159,"Dark","1",32,16222,506.9375,237.5,470.5,738.331376669171,130.519780801392,251.118729629271,762.756270370729
"Mut3",160,"Dark","1",32,11601,362.53125,241.5,408.25,429.285752216926,75.887716614839,213.791325434916,511.271174565084
"Mut3",161,"Dark","1",32,8914,278.5625,70,381,503.200206260535,88.9540695353235,104.212523710766,452.912476289234
"Mut3",162,"Dark","1",32,9572,299.125,204.5,421.5,353.097605988541,62.4194279038082,176.782921308536,421.467078691464
"Mut3",163,"Dark","1",32,13586,424.5625,148.5,500.25,595.175817748216,105.213214182003,218.344600203274,630.780399796726
"Mut3",164,"Dark","1",32,10183,318.21875,155.5,446.75,441.072939208033,77.9714165779704,165.394773507178,471.042726492822
"Mut3",165,"Dark","1",32,11794,368.5625,147,682,491.072948887467,86.8102530539006,198.414404014355,538.710595985645
"Mut3",166,"Dark","1",32,17010,531.5625,287,842,701.10861233501,123.939663532594,288.640759476116,774.484240523884
"Mut3",167,"Dark","1",32,11542,360.6875,143.5,566.75,501.047833496576,88.5735801910643,187.083282825514,534.291717174486
"Mut3",168,"Dark","1",32,14910,465.9375,285.5,642.25,501.362526585819,88.6292105954133,292.22424723299,639.65075276701
"Mut3",169,"Dark","1",32,12993,406.03125,100.5,714.25,569.009636767139,100.587643179634,208.879469367916,603.183030632084
"Mut3",170,"Dark","1",32,12087,377.71875,97,590.5,580.160224497259,102.55880722918,176.703487830806,578.734012169194
"Mut3",171,"Dark","1",32,7395,231.09375,222,327,267.897351475186,47.358008472505,138.27205339389,323.91544660611
"Mut3",172,"Dark","1",32,9942,310.6875,174.5,447,428.590445718626,75.7648026298513,162.188486845491,459.186513154509
"Mut3",173,"Dark","1",32,11469,358.40625,200,586.75,413.807408793729,73.1515062158199,215.029297816993,501.783202183007
"Mut3",174,"Dark","1",32,8802,275.0625,73,387.5,507.719692635929,89.7530094012038,99.1466015736405,450.978398426359
"Mut3",175,"Dark","1",32,8666,270.8125,137,363.25,361.380635493488,63.8836744867374,145.600498005995,396.024501994005
"Mut3",176,"Dark","1",32,7659,239.34375,34,379,325.880010510004,57.6079913211917,126.432087010464,352.255412989536
"Mut3",177,"Dark","1",32,10450,326.5625,189,363,468.578284677137,82.8337206529909,164.208407520138,488.916592479862
"Mut3",178,"Dark","1",32,8065,252.03125,214,357.75,303.269015506248,53.6108943470591,146.953897079764,357.108602920236
"Mut3",179,"Dark","1",32,10320,322.5,183.5,509.5,425.687906274523,75.2517012989547,175.006665454049,469.993334545951
"Mut3",180,"Dark","1",32,9544,298.25,45,323,490.771479572,86.7569603045792,128.206357803025,468.293642196975
"Mut4",146,"Dark","1",32,12482,390.0625,168.5,622,618.356194328573,109.31096454961,175.813009482764,604.311990517236
"Mut4",147,"Dark","1",32,11253,351.65625,83,469,587.189622028303,103.801440894645,148.205425846496,555.107074153504
"Mut4",148,"Dark","1",32,8303,259.46875,177,361.5,315.668055990119,55.8027557486469,150.095348732652,368.842151267348
"Mut4",149,"Dark","1",32,12829,400.90625,289,502,580.196482813671,102.565216854533,199.878424965116,601.934075034884
"Mut4",150,"Dark","1",32,10918,341.1875,216.5,462.5,414.636680255019,73.2981020842506,197.523219914869,484.851780085131
"Mut4",151,"Dark","1",32,9469,295.90625,121.5,489.25,401.679727930904,71.0076148712774,156.731324852296,435.081175147704
"Mut4",152,"Dark","1",32,7379,230.59375,85.5,352.25,315.00321138916,55.6852267172036,121.450705634281,339.736794365719
"Mut4",153,"Dark","1",32,11202,350.0625,88.5,485.5,551.992691483875,97.5794438284155,158.806790096306,541.318209903694
"Mut4",154,"Dark","1",32,7796,243.625,124.5,362,349.831733745645,61.8420978014481,122.414488309162,364.835511690838
"Mut4",155,"Dark","1",32,9924,310.125,126,343.75,495.056122592307,87.5143853382347,138.59680473706,481.65319526294
"Mut4",156,"Dark","1",32,10530,329.0625,234,325,600.184054431262,106.098553712095,121.109334724293,537.015665275707
"Mut4",157,"Dark","1",32,9679,302.46875,206,337.75,445.574293025124,78.7671510301167,148.085133980971,456.852366019029
"Mut4",158,"Dark","1",32,7799,243.71875,56,264.5,396.455280346367,70.0840542925324,106.354003586637,381.083496413363
"Mut4",159,"Dark","1",32,9551,298.46875,166.5,426.25,404.051576424706,71.4269024097561,158.472021276878,438.465478723122
"Mut4",160,"Dark","1",32,8205,256.40625,128.5,409.5,315.025227804419,55.6891187063353,147.255577335583,365.556922664417
"Mut4",161,"Dark","1",32,9658,301.8125,99.5,446.5,426.325745327481,75.3644563788677,154.098165497419,449.526834502581
"Mut4",162,"Dark","1",32,8963,280.09375,61,393,459.544189273634,81.2367031225652,120.869811879772,439.317688120228
"Mut4",163,"Dark","1",32,8044,251.375,157,324,330.222481210432,58.375638941036,136.95874767557,365.791252324431
"Mut4",164,"Dark","1",32,8855,276.71875,25,358.25,466.410813960217,82.4505623425017,115.115647808697,438.321852191303
"Mut4",165,"Dark","1",32,11253,351.65625,133,438.25,565.757648409521,100.012767424632,155.631225847722,547.681274152278
"Mut4",166,"Dark","1",32,12038,376.1875,151,344.75,705.757357439967,124.761453329525,131.655051474132,620.719948525868
"Mut4",167,"Dark","1",32,11420,356.875,140,359,535.758416308285,94.7096023123384,171.244179467817,542.505820532183
"Mut4",168,"Dark","1",32,9738,304.3125,157,360.5,473.539005274253,83.7106604464391,140.239605524979,468.385394475021
"Mut4",169,"Dark","1",32,12343,385.71875,114.5,563.25,532.770496759854,94.1814077687546,201.123190773241,570.314309226759
"Mut4",170,"Dark","1",32,9605,300.15625,114,440,449.630752404753,79.4842385138526,144.367142512849,455.945357487151
"Mut4",171,"Dark","1",32,13791,430.96875,181,515.75,642.74198326891,113.621803730684,208.270014687859,653.667485312141
"Mut4",172,"Dark","1",32,6316,197.375,41,293.5,353.967626549606,62.5732272634334,74.7314745636705,320.01852543633
"Mut4",173,"Dark","1",32,8349,260.90625,105.5,275,446.301312898765,78.895671200794,106.270734446444,415.541765553556
"Mut4",174,"Dark","1",32,8669,270.90625,78.5,327.75,455.358020036202,80.4966859588196,113.132745520714,428.679754479286
"Mut4",175,"Dark","1",32,9322,291.3125,221,433,361.116855137663,63.8370442671505,166.191893236385,416.433106763615
"Mut4",176,"Dark","1",32,8634,269.8125,188.5,396.75,297.363407243968,52.5669204347367,166.781335947916,372.843664052084
"Mut4",177,"Dark","1",32,9020,281.875,128.5,395.5,445.329798051128,78.723930016597,127.57609716747,436.17390283253
"Mut4",178,"Dark","1",32,7066,220.8125,181,289.75,295.479646971147,52.2339155189762,118.434025582807,323.190974417193
"Mut4",179,"Dark","1",32,7804,243.875,110,378,326.838102370716,57.777359634119,130.631375117127,357.118624882873
"Mut4",180,"Dark","1",32,10753,336.03125,142,431.5,454.35991732965,80.3202446607887,178.603570464854,493.458929535146
"MUT+DMSO",146,"Dark","1",32,9879,308.71875,131,365.5,448.592295273818,79.3006634940387,153.289449551684,464.148050448316
"MUT+DMSO",147,"Dark","1",32,7370,230.3125,120,294,385.652897380617,68.1744447305185,96.6905883281838,363.934411671816
"MUT+DMSO",148,"Dark","1",32,6495,202.96875,0,220.25,399.35169110132,70.5960722140146,64.6004484605313,341.337051539469
"MUT+DMSO",149,"Dark","1",32,8073,252.28125,75,307,415.328415281597,73.4203847162699,108.377295956111,396.185204043889
"MUT+DMSO",150,"Dark","1",32,7688,240.25,112,328.25,315.166520245839,55.7140959172,131.050372002288,349.449627997712
"MUT+DMSO",151,"Dark","1",32,8190,255.9375,144,411.75,320.334798397733,56.6277270492656,144.947154983439,366.927845016561
"MUT+DMSO",152,"Dark","1",32,7918,247.4375,139,254.5,468.685528899709,82.852678932247,85.0462492927959,409.828750707204
"MUT+DMSO",153,"Dark","1",32,4848,151.5,0,174,292.238192730387,51.6609019503394,50.2446321773348,252.755367822665
"MUT+DMSO",154,"Dark","1",32,10687,333.96875,210,423.75,408.711940864026,72.2507462342169,192.357287380935,475.580212619065
"MUT+DMSO",155,"Dark","1",32,7665,239.53125,0.5,395.75,377.722460354758,66.772528280829,108.657094569575,370.405405430425
"MUT+DMSO",156,"Dark","1",32,5455,170.46875,46,252.5,247.01730178073,43.6669022898895,84.8816215118166,256.055878488183
"MUT+DMSO",157,"Dark","1",32,7393,231.03125,120,278.25,310.074026996364,54.8138617897374,123.596080892115,338.466419107885
"MUT+DMSO",158,"Dark","1",32,6839,213.71875,102,315,274.56408081868,48.5365308542849,118.587149525602,308.850350474398
"MUT+DMSO",159,"Dark","1",32,7998,249.9375,64.5,377.25,371.406475658799,65.6560093787334,121.251721617683,378.623278382317
"MUT+DMSO",160,"Dark","1",32,9383,293.21875,28,371,538.626852365076,95.2166749591277,106.59406708011,479.84343291989
"MUT+DMSO",161,"Dark","1",32,5474,171.0625,0,209.25,323.375636712717,57.1652763975198,59.0185582608611,283.106441739139
"MUT+DMSO",162,"Dark","1",32,9171,286.59375,238,397,325.759347091901,57.5866608408964,173.723894751843,399.463605248157
"MUT+DMSO",163,"Dark","1",32,8070,252.1875,144,388,303.635970233032,53.6757633909834,146.983003753672,357.391996246328
"MUT+DMSO",164,"Dark","1",32,4111,128.46875,22.5,196,214.186530761571,37.863187085082,54.2569033132393,202.680596686761
"MUT+DMSO",165,"Dark","1",32,9799,306.21875,114,348.75,494.864578046195,87.480524726371,134.756921536313,477.680578463687
"MUT+DMSO",166,"Dark","1",32,11325,353.90625,130,451.75,534.975631605114,94.571224219383,168.546650530009,539.265849469991
"MUT+DMSO",167,"Dark","1",32,13722,428.8125,135.5,625.25,644.143464159464,113.869552891038,205.628176333566,651.996823666434
"MUT+DMSO",168,"Dark","1",32,7573,236.65625,81,309.75,400.90539543477,70.8707309315501,97.7496173741617,375.562882625838
"MUT+DMSO",169,"Dark","1",32,8527,266.46875,209.5,423.5,268.690970636553,47.4983018451755,173.372078383456,359.565421616544
"MUT+DMSO",170,"Dark","1",32,10574,330.4375,75.5,584,474.763094572169,83.9270509072727,165.940480221746,494.934519778254
"MUT+DMSO",171,"Dark","1",32,9169,286.53125,82.5,276,535.485970683068,94.6614402750645,100.994827060874,472.067672939126
"MUT+DMSO",172,"Dark","1",32,8067,252.09375,151,297,377.067749484907,66.6567906568821,121.446440312511,382.741059687489
"MUT+DMSO",173,"Dark","1",32,13326,416.4375,227,471,653.174972235494,115.466113042263,190.123918437164,642.751081562836
"MUT+DMSO",174,"Dark","1",32,10681,333.78125,167.5,358.5,527.505311661072,93.2506457468669,151.009984336141,516.552515663859
"MUT+DMSO",175,"Dark","1",32,10365,323.90625,252,449.5,475.01927698575,83.9723379877387,159.320467544032,488.492032455968
"MUT+DMSO",176,"Dark","1",32,5503,171.96875,83.5,206.75,224.766615069943,39.7334994250758,94.0910911268514,249.846408873149
"MUT+DMSO",177,"Dark","1",32,4583,143.21875,62.5,229.25,196.102628558159,34.6663746154953,75.2726557536293,211.164844246371
"MUT+DMSO",178,"Dark","1",32,6913,216.03125,146,316.75,318.065167229671,56.2265091518334,105.827292062406,326.235207937594
"MUT+DMSO",179,"Dark","1",32,9500,296.875,102.5,394.75,427.08673667671,75.4989819147337,148.896995447122,444.853004552878
"MUT+DMSO",180,"Dark","1",32,7989,249.65625,43,360,345.187803897643,61.0211592297288,130.054777909732,369.257722090268
"WT+DMSO",181,"600Hz","2",32,13589,424.65625,233.5,852.75,503.210954889664,88.9559696424599,250.302549500779,599.009950499221
"WT+DMSO",182,"600Hz","2",32,13719,428.71875,223.5,533.25,535.308667928773,94.6300972800933,243.243759331017,614.193740668983
"WT+DMSO",183,"600Hz","2",32,13685,427.65625,262,639.5,461.815534279232,81.6382239865334,267.645330986394,587.667169013606
"WT+DMSO",184,"600Hz","2",32,10909,340.90625,188.5,580.5,370.252168591589,65.4519547900343,212.620418611533,469.192081388467
"WT+DMSO",185,"600Hz","2",32,11060,345.625,240,425.75,439.110225709423,77.6244545718722,193.481069039131,497.768930960869
"WT+DMSO",186,"600Hz","2",32,12195,381.09375,246.5,510,469.8928058525,83.0660973622692,218.284199169952,543.903300830048
"WT+DMSO",187,"600Hz","2",32,8468,264.625,153.5,408.75,345.076686194299,61.0015162093428,145.062028229688,384.187971770312
"WT+DMSO",188,"600Hz","2",32,9227,288.34375,151.5,440,382.327727123497,67.5866321211662,155.873951042514,420.813548957486
"WT+DMSO",189,"600Hz","2",32,11415,356.71875,174,559.75,435.028752062398,76.9029451486108,205.988977508723,507.448522491277
"WT+DMSO",190,"600Hz","2",32,9570,299.0625,121,375.5,502.406141932613,88.8136974675804,124.987652963542,473.137347036458
"WT+DMSO",191,"600Hz","2",32,10495,327.96875,160.5,373.5,424.300371722143,75.006417526175,180.956171648697,474.981328351303
"WT+DMSO",192,"600Hz","2",32,9338,291.8125,122.5,410.75,450.868512232314,79.7030456057398,135.59453061275,448.03046938725
"WT+DMSO",193,"600Hz","2",32,9763,305.09375,221.5,498.5,340.901022375193,60.2633561587314,186.977571928886,423.209928071114
"WT+DMSO",194,"600Hz","2",32,9393,293.53125,204.5,432.25,323.997011572737,57.2751209918147,181.272012856043,405.790487143957
"WT+DMSO",195,"600Hz","2",32,9499,296.84375,186,475.5,381.330363026771,67.4103213921394,164.719520071407,428.967979928593
"WT+DMSO",196,"600Hz","2",32,15634,488.5625,415.5,587.75,482.862695871731,85.3588716582297,321.25911154987,655.86588845013
"WT+DMSO",197,"600Hz","2",32,7372,230.375,114,256.75,346.150605857456,61.1913601784097,110.439934050317,350.310065949683
"WT+DMSO",198,"600Hz","2",32,8884,277.625,144,352.25,434.559157411649,76.8199317581224,127.05793375408,428.19206624592
"WT+DMSO",199,"600Hz","2",32,11379,355.59375,214.5,494.25,429.226525604206,75.8772467299688,206.874346409261,504.313153590739
"WT+DMSO",200,"600Hz","2",32,8963,280.09375,197.5,422.5,320.36756706039,56.6335197851595,169.092051221087,391.095448778913
"WT+DMSO",201,"600Hz","2",32,9251,289.09375,143,460,343.198932190139,60.6695730619073,170.181386798662,408.006113201338
"WT+DMSO",202,"600Hz","2",32,7689,240.28125,163,456.25,267.199965517551,47.2347268875681,147.701185300367,332.861314699633
"WT+DMSO",203,"600Hz","2",32,7539,235.59375,153.5,311.5,312.273645441137,55.2027030693178,127.396451984137,343.791048015863
"WT+DMSO",204,"600Hz","2",32,8385,262.03125,63.5,381.5,411.47778401011,72.7396828452906,119.46147162323,404.60102837677
"WT+DMSO",205,"600Hz","2",32,7495,234.21875,105,304.25,318.144391480732,56.2405141531233,123.987342259878,344.450157740122
"WT+DMSO",206,"600Hz","2",32,5070,158.4375,72,258,207.194460241674,36.6271519652936,86.6482821480246,230.226717851975
"WT+DMSO",207,"600Hz","2",32,9592,299.75,185.5,294,406.063239950023,71.7825176398103,159.056265425972,440.443734574028
"WT+DMSO",208,"600Hz","2",32,15416,481.75,240.5,777.5,568.58528454969,100.512627596992,284.745249909896,678.754750090104
"WT+DMSO",209,"600Hz","2",32,12229,382.15625,217,416,643.136874478922,113.691611293792,159.320691864168,604.991808135832
"WT+DMSO",210,"600Hz","2",32,9591,299.71875,178.5,451.75,343.816552208559,60.7787538877126,180.592392380083,418.845107619917
"Mut1",181,"600Hz","2",32,7632,238.5,0,221.75,460.125649038636,81.3394916582702,79.0745963497904,397.92540365021
"Mut1",182,"600Hz","2",32,7568,236.5,0,301,420.529543283458,74.3398229362537,90.7939470449428,382.206052955057
"Mut1",183,"600Hz","2",32,6882,215.0625,2,253,401.848465862605,71.0374438052147,75.8291101417793,354.295889858221
"Mut1",184,"600Hz","2",32,10318,322.4375,130.5,400.25,464.059432894176,82.0348929682639,161.649109782203,483.225890217797
"Mut1",185,"600Hz","2",32,9939,310.59375,47,382.25,492.968615069508,87.1453626569474,139.788839192383,481.398660807617
"Mut1",186,"600Hz","2",32,8802,275.0625,9.5,401.75,440.030199660095,77.7870845266309,122.599814327803,427.525185672197
"Mut1",187,"600Hz","2",32,11042,345.0625,73.5,312.75,681.957048004184,120.55411328043,108.776437970358,581.348562029642
"Mut1",188,"600Hz","2",32,7801,243.78125,1.5,352.75,383.810246663046,67.8487070260804,110.797784228883,376.764715771117
"Mut1",189,"600Hz","2",32,10975,342.96875,6,308.75,620.576864017042,109.703527198483,127.949836690973,557.987663309027
"Mut1",190,"600Hz","2",32,6043,188.84375,0,283,300.557558158382,53.1315718776655,84.7058691197757,292.981630880224
"Mut1",191,"600Hz","2",32,7952,248.5,0,346,398.617287552213,70.4662467815895,110.386156308085,386.613843691915
"Mut1",192,"600Hz","2",32,11449,357.78125,0,554.25,559.333920369404,98.8772020102154,163.981934059978,551.580565940022
"Mut1",193,"600Hz","2",32,10910,340.9375,143.5,512.25,493.541836478772,87.2466948433504,169.933978107033,511.941021892967
"Mut1",194,"600Hz","2",32,5947,185.84375,0.5,195.75,404.110980394998,71.4374036473118,45.826438851269,325.861061148731
"Mut1",195,"600Hz","2",32,11043,345.09375,87,503.75,553.176420518574,97.7886995352962,153.427898910819,536.75960108918
"Mut1",196,"600Hz","2",32,9568,299,39.5,499.5,396.074528666089,70.0167462687643,161.767177313222,436.232822686778
"Mut1",197,"600Hz","2",32,7419,231.84375,0,337,400.299171134903,70.763564603211,93.1471633777064,370.540336622294
"Mut1",198,"600Hz","2",32,11738,366.8125,102.5,545.25,584.475581735594,103.321661820798,164.302042831236,569.322957168764
"Mut1",199,"600Hz","2",32,10135,316.71875,9,475.25,477.626472653089,84.4332294218026,151.229620333267,482.207879666733
"Mut1",200,"600Hz","2",32,9681,302.53125,0,449,526.961343038037,93.1544847713416,119.948459848171,485.114040151829
"Mut1",201,"600Hz","2",32,8437,263.65625,13.5,414.25,436.574984090787,77.1762829367512,112.390735443968,414.921764556032
"Mut1",202,"600Hz","2",32,7800,243.75,18.5,373.75,410.360109361081,72.5421040144185,101.56747613174,385.93252386826
"Mut1",203,"600Hz","2",32,5815,181.71875,0,346.5,266.344699575448,47.0835358007232,89.4350198305825,274.002480169417
"Mut1",204,"600Hz","2",32,7070,220.9375,17.5,289.5,415.935163798243,73.5276437139187,76.8233183207194,365.051681679281
"Mut1",205,"600Hz","2",32,8306,259.5625,29.5,387.5,418.654136836509,74.0082947822241,114.506242226841,404.618757773159
"Mut1",206,"600Hz","2",32,6579,205.59375,0,238,391.845333162165,69.2691230638171,69.8262687949185,341.361231205082
"Mut1",207,"600Hz","2",32,8412,262.875,2,352.75,439.430625006438,77.6810937007737,110.620056346484,415.129943653516
"Mut1",208,"600Hz","2",32,7714,241.0625,1.5,381.5,373.596205815851,66.0431026394884,111.618018826603,370.506981173397
"Mut1",209,"600Hz","2",32,9513,297.28125,0,622,426.006378444979,75.3079997567918,149.677570476688,444.884929523312
"Mut1",210,"600Hz","2",32,9755,304.84375,0,344.25,614.134329604189,108.564637255644,92.0570609789375,517.630439021063
"Mut2",181,"600Hz","2",32,15688,490.25,9,441,890.416357847597,157.404861178366,181.736472090403,798.763527909597
"Mut2",182,"600Hz","2",32,16270,508.4375,132,537.75,944.687042819456,166.998653519176,181.120139102415,835.754860897585
"Mut2",183,"600Hz","2",32,17964,561.375,416,794.25,645.572801421717,114.122226408723,337.695436238903,785.054563761097
"Mut2",184,"600Hz","2",32,13504,422,141,422,789.182386213528,139.509054221142,148.562253726563,695.437746273437
"Mut2",185,"600Hz","2",32,10594,331.0625,10.5,580.5,456.625980743893,80.7208318624912,172.849669549517,489.275330450483
"Mut2",186,"600Hz","2",32,11412,356.625,158.5,637,464.930570605839,82.1888898140799,195.534775964403,517.715224035597
"Mut2",187,"600Hz","2",32,12329,385.28125,168.5,482.5,525.480501119168,92.8927064306672,203.211545395892,567.350954604108
"Mut2",188,"600Hz","2",32,14444,451.375,132,687.75,673.583280288244,119.073826296424,217.990300459009,684.759699540991
"Mut2",189,"600Hz","2",32,14613,456.65625,270.5,813.25,542.324662277603,95.8703615752993,268.750341312413,644.562158687587
"Mut2",190,"600Hz","2",32,14289,446.53125,82,719.75,674.543811646542,119.243625855673,212.813743322881,680.248756677119
"Mut2",191,"600Hz","2",32,13679,427.46875,237.5,576.5,575.55005860453,101.743837337894,228.050828817727,626.886671182273
"Mut2",192,"600Hz","2",32,11693,365.40625,139.5,526,483.627213099098,85.4940204871808,197.837969845126,532.974530154874
"Mut2",193,"600Hz","2",32,16354,511.0625,254.5,807.5,616.16184182614,108.923054165914,297.573313834808,724.551686165192
"Mut2",194,"600Hz","2",32,13112,409.75,207,667.75,512.295025886829,90.5618216931787,232.24882948137,587.25117051863
"Mut2",195,"600Hz","2",32,12437,388.65625,106.5,507.25,567.147224976361,100.258412177979,192.149762131161,585.162737868839
"Mut2",196,"600Hz","2",32,18094,565.4375,331.5,1017.5,724.644515184581,128.100262659164,314.360985188039,816.514014811961
"Mut2",197,"600Hz","2",32,13018,406.8125,115.5,611.75,572.846172984708,101.265853373562,208.331427387818,605.293572612182
"Mut2",198,"600Hz","2",32,16378,511.8125,115.5,944.75,668.829764612983,118.233515504311,280.074809611551,743.550190388449
"Mut2",199,"600Hz","2",32,12445,388.90625,87,513,555.884146631118,98.2673624092402,196.302219677889,581.510280322111
"Mut2",200,"600Hz","2",32,15775,492.96875,105,953,656.898356372459,116.124320585316,265.365081652781,720.572418347219
"Mut2",201,"600Hz","2",32,17002,531.3125,268,664.25,739.066169175233,130.649674992343,275.239137015008,787.385862984992
"Mut2",202,"600Hz","2",32,20500,640.625,95.5,1323.25,964.75541777646,170.546274524049,306.354301932864,974.895698067136
"Mut2",203,"600Hz","2",32,12874,402.3125,38.5,552.5,681.63231207959,120.496707536836,166.138953227802,638.486046772198
"Mut2",204,"600Hz","2",32,20727,647.71875,349,944.75,872.749353752729,154.281746578683,345.326526705781,950.110973294219
"Mut2",205,"600Hz","2",32,10795,337.34375,112.5,475.25,475.169349055953,83.9988672323655,172.705970224564,501.981529775436
"Mut2",206,"600Hz","2",32,16936,529.25,196,624,814.188454050828,143.929544255783,247.148093258665,811.351906741335
"Mut2",207,"600Hz","2",32,15917,497.40625,139,727,662.706856780729,117.151128092119,267.790038939447,727.022461060553
"Mut2",208,"600Hz","2",32,14309,447.15625,137.5,604.75,679.986058176575,120.205688212242,211.553101104007,682.759398895993
"Mut2",209,"600Hz","2",32,17470,545.9375,245,724.25,763.325151092457,134.938097646931,281.458828612016,810.416171387984
"Mut2",210,"600Hz","2",32,10135,316.71875,1,423.5,530.245848906201,93.7351088643981,132.99793662578,500.43956337422
"Mut3",181,"600Hz","2",32,6869,214.65625,90,404.25,263.844603504387,46.641577079357,123.23875892446,306.07374107554
"Mut3",182,"600Hz","2",32,14336,448,215.5,450.5,629.703565691954,111.316915359532,229.818845895317,666.181154104683
"Mut3",183,"600Hz","2",32,12443,388.84375,229.5,362.25,589.780336876476,104.259418903961,184.495288948237,593.192211051763
"Mut3",184,"600Hz","2",32,10674,333.5625,328,392,351.845726594172,62.1981248015617,211.654175388939,455.470824611061
"Mut3",185,"600Hz","2",32,13963,436.34375,267.5,654.75,582.331443666112,102.942628178615,234.576198769915,638.111301230085
"Mut3",186,"600Hz","2",32,9047,282.71875,224.5,371,377.566848118829,66.7450196640139,151.898511458533,413.538988541467
"Mut3",187,"600Hz","2",32,11157,348.65625,231,553.25,441.563542307516,78.0581437725994,195.662288205705,501.650211794295
"Mut3",188,"600Hz","2",32,13921,435.03125,243,541.5,552.343598319777,97.6414759792231,243.653957080723,626.408542919277
"Mut3",189,"600Hz","2",32,6810,212.8125,80,408,268.20760344999,47.4128537913201,119.883306569013,305.741693430987
"Mut3",190,"600Hz","2",32,12334,385.4375,291,519.75,435.150395766204,76.9244489205732,234.665580115677,536.209419884323
"Mut3",191,"600Hz","2",32,11852,370.375,246,545.5,431.770679128213,76.3269937822702,220.77409218675,519.975907813249
"Mut3",192,"600Hz","2",32,12088,377.75,225,579,484.366297008183,85.6246732981759,209.925640335575,545.574359664425
"Mut3",193,"600Hz","2",32,9430,294.6875,256.5,349.5,357.718166005478,63.2362352340221,170.744478941317,418.630521058683
"Mut3",194,"600Hz","2",32,9484,296.375,126.5,394.5,418.916478703133,74.0546707104438,151.22784540753,441.52215459247
"Mut3",195,"600Hz","2",32,12072,377.25,234,500.25,525.967127637116,92.9787306583538,195.011687909626,559.488312090373
"Mut3",196,"600Hz","2",32,9882,308.8125,135.5,406.25,416.955125418675,73.7079491585082,164.344919649324,453.280080350676
"Mut3",197,"600Hz","2",32,8506,265.8125,137.5,333.25,342.726020313603,60.5859732632067,147.063992404115,384.561007595885
"Mut3",198,"600Hz","2",32,14779,461.84375,214,581.75,653.645563884192,115.549302678754,235.367116749642,688.320383250358
"Mut3",199,"600Hz","2",32,11814,369.1875,159,383.25,651.597314669015,115.187219951351,143.420548895352,594.954451104648
"Mut3",200,"600Hz","2",32,15451,482.84375,248,588,620.448126779502,109.680769455069,267.869441868064,697.818058131936
"Mut3",201,"600Hz","2",32,13543,423.21875,321,692.75,395.717945689,69.9537107084755,286.109477011388,560.328022988612
"Mut3",202,"600Hz","2",32,12926,403.9375,308,393,489.981957370256,86.6173911788914,234.167413289373,573.707586710627
"Mut3",203,"600Hz","2",32,10450,326.5625,193,392.5,479.657467668671,84.7922620088212,160.36966646271,492.75533353729
"Mut3",204,"600Hz","2",32,17633,551.03125,344.5,758.25,586.539907856289,103.686586570429,347.80554032196,754.25695967804
"Mut3",205,"600Hz","2",32,13615,425.46875,227,612.5,546.085659378666,96.5352182138454,236.259722300863,614.677777699137
"Mut3",206,"600Hz","2",32,12880,402.5,182,519.75,584.768054376566,103.373364167733,199.888206231242,605.111793768758
"Mut3",207,"600Hz","2",32,10629,332.15625,178.5,315.75,455.130332937366,80.4564361859256,174.461635075586,489.850864924414
"Mut3",208,"600Hz","2",32,11990,374.6875,123.5,468.75,545.015030127166,96.3459559128775,185.84942641076,563.52557358924
"Mut3",209,"600Hz","2",32,9972,311.625,182.5,539,374.85711256252,66.2660015672417,181.743636928206,441.506363071794
"Mut3",210,"600Hz","2",32,12696,396.75,334,627,438.84378879932,77.577354735399,244.698384718618,548.801615281382
"Mut4",181,"600Hz","2",32,14448,451.5,200,533,820.500398065599,145.045348859612,167.211116235161,735.788883764839
"Mut4",182,"600Hz","2",32,11181,349.40625,171,488.5,537.606635146206,95.0363243306911,163.135054311845,535.677445688155
"Mut4",183,"600Hz","2",32,11188,349.625,77,489.75,509.798995810145,90.1205817448615,172.988659780072,526.261340219928
"Mut4",184,"600Hz","2",32,9009,281.53125,82.5,257.5,488.091740740439,86.2832449296777,112.416089937832,450.646410062168
"Mut4",185,"600Hz","2",32,8915,278.59375,31.5,353.25,452.222102110342,79.9423287511646,121.906785647717,435.280714352283
"Mut4",186,"600Hz","2",32,10873,339.78125,171.5,386.5,477.791068819362,84.4623261881348,174.235090671256,505.327409328744
"Mut4",187,"600Hz","2",32,9031,282.21875,110,422.25,369.904062049834,65.3904176659718,154.053531374695,410.383968625305
"Mut4",188,"600Hz","2",32,7757,242.40625,129.5,355.5,326.568163054771,57.7296406539157,129.256154318325,355.556345681675
"Mut4",189,"600Hz","2",32,7762,242.5625,46,459.75,338.850041768408,59.9007905849465,125.156950453505,359.968049546495
"Mut4",190,"600Hz","2",32,12269,383.40625,100.5,340.5,673.85405040706,119.121692143213,149.927733399302,616.884766600698
"Mut4",191,"600Hz","2",32,9902,309.4375,141,433.5,421.930810525811,74.5875343285843,163.245932715975,455.629067284025
"Mut4",192,"600Hz","2",32,11456,358,233,418.75,456.533360968746,80.7044588447215,199.819260664346,516.180739335654
"Mut4",193,"600Hz","2",32,10787,337.09375,105,345,569.159162464896,100.614075838346,139.890161356842,534.297338643158
"Mut4",194,"600Hz","2",32,7312,228.5,141.5,295.75,317.70477267527,56.1627997935035,118.420912404733,338.579087595267
"Mut4",195,"600Hz","2",32,11105,347.03125,166.5,633,459.645409220784,81.2545964503205,187.772240957372,506.290259042628
"Mut4",196,"600Hz","2",32,12119,378.71875,10.5,567.5,651.918866630929,115.244062844545,152.840386824693,604.597113175307
"Mut4",197,"600Hz","2",32,9861,308.15625,112,421.75,472.712768914868,83.5646011132931,144.369631817945,471.942868182055
"Mut4",198,"600Hz","2",32,9490,296.5625,115.5,327.5,455.51870026413,80.5250904785122,138.733322662116,454.391677337884
"Mut4",199,"600Hz","2",32,11346,354.5625,188.5,483.75,446.025960296107,78.8469952776548,200.022389255797,509.102610744203
"Mut4",200,"600Hz","2",32,10870,339.6875,164,396.5,610.905538207752,107.99386218278,128.019530121752,551.355469878248
"Mut4",201,"600Hz","2",32,8979,280.59375,232,553,296.276446689411,52.3747711399842,177.939198565631,383.248301434369
"Mut4",202,"600Hz","2",32,10432,326,106.5,306.5,585.993779555226,103.590043814159,122.963514124249,529.036485875751
"Mut4",203,"600Hz","2",32,7699,240.59375,143.5,359.75,301.376076214613,53.2762667946866,136.172267082414,345.015232917586
"Mut4",204,"600Hz","2",32,12279,383.71875,116.5,440,687.663704116829,121.562917089217,145.455432505134,621.982067494866
"Mut4",205,"600Hz","2",32,10528,329,83,419.25,478.486592659438,84.5852785940834,163.212853955596,494.787146044404
"Mut4",206,"600Hz","2",32,11393,356.03125,49.5,573.5,575.787398285334,101.78579346233,156.531094813834,555.531405186166
"Mut4",207,"600Hz","2",32,13023,406.96875,98,720,553.528417219346,97.8509243488141,215.180938276324,598.756561723676
"Mut4",208,"600Hz","2",32,14357,448.65625,172.5,435.5,729.127786905078,128.89280061803,196.026360788661,701.286139211339
"Mut4",209,"600Hz","2",32,10024,313.25,141.5,389.25,483.880883769363,85.538863549964,145.593827442071,480.906172557929
"Mut4",210,"600Hz","2",32,7816,244.25,10.5,328.75,387.499760665899,68.5009271187553,109.98818284724,378.51181715276
"MUT+DMSO",181,"600Hz","2",32,10044,313.875,172,313.5,518.451462872696,91.6501362783423,134.240732894449,493.509267105551
"MUT+DMSO",182,"600Hz","2",32,7938,248.0625,86.5,365.75,394.039947008815,69.6570796470802,111.534623891723,384.590376108277
"MUT+DMSO",183,"600Hz","2",32,9585,299.53125,144.5,376,397.384349934142,70.2482921439599,161.844597397839,437.217902602161
"MUT+DMSO",184,"600Hz","2",32,10199,318.71875,207.5,284.75,421.105475590832,74.4416343462658,172.813146681319,464.624353318681
"MUT+DMSO",185,"600Hz","2",32,12769,399.03125,119.5,597.5,643.347820659069,113.728901662404,176.122602741689,621.939897258311
"MUT+DMSO",186,"600Hz","2",32,8181,255.65625,84.5,305.25,428.676628961437,75.7800378187055,107.127375875337,404.185124124663
"MUT+DMSO",187,"600Hz","2",32,8919,278.71875,97,449.75,424.777075073578,75.0906875692786,131.541002364214,425.896497635786
"MUT+DMSO",188,"600Hz","2",32,9482,296.3125,164.5,336.75,399.024167551694,70.53817368328,158.057679580771,434.567320419229
"MUT+DMSO",189,"600Hz","2",32,7863,245.71875,106.5,365,428.842495665611,75.8093591865291,97.1324059944031,394.305094005597
"MUT+DMSO",190,"600Hz","2",32,8334,260.4375,202.5,346.5,321.927354808804,56.9092539086882,148.895362338971,371.979637661029
"MUT+DMSO",191,"600Hz","2",32,9704,303.25,184.5,446,382.222785904394,67.5680809592527,170.816561319865,435.683438680135
"MUT+DMSO",192,"600Hz","2",32,10035,313.59375,204.5,476.25,530.373444779638,93.7576648412377,129.828726911174,497.358773088826
"MUT+DMSO",193,"600Hz","2",32,8463,264.46875,208.5,423.5,280.217310185184,49.5358900594494,167.378405483479,361.559094516521
"MUT+DMSO",194,"600Hz","2",32,9470,295.9375,188.5,330.25,429.232243136961,75.8782574565145,147.216115385232,444.658884614768
"MUT+DMSO",195,"600Hz","2",32,11435,357.34375,171.5,408.75,468.116377133211,82.7520661638432,195.149700318867,519.537799681133
"MUT+DMSO",196,"600Hz","2",32,8098,253.0625,122,368.75,325.695477946561,57.5753702644517,140.214774281675,365.910225718325
"MUT+DMSO",197,"600Hz","2",32,7594,237.3125,141,274,369.126120373424,65.2528957072825,109.416824413726,365.208175586274
"MUT+DMSO",198,"600Hz","2",32,12019,375.59375,168,542.75,571.059279414002,100.949972233286,177.731804422759,573.45569557724
"MUT+DMSO",199,"600Hz","2",32,8577,268.03125,86,504.5,362.598550285788,64.0989734388729,142.397262059809,393.665237940191
"MUT+DMSO",200,"600Hz","2",32,12932,404.125,144,467.25,639.850978114083,113.110741393328,182.427946869077,625.822053130923
"MUT+DMSO",201,"600Hz","2",32,4245,132.65625,35.5,160.75,223.555378053071,39.5193809480122,55.198263341896,210.114236658104
"MUT+DMSO",202,"600Hz","2",32,9985,312.03125,219.5,367.5,458.760777099393,81.0982141073477,153.078750349599,470.983749650401
"MUT+DMSO",203,"600Hz","2",32,7128,222.75,23.5,358.5,335.785934113368,59.3591277596554,106.406109591075,339.093890408925
"MUT+DMSO",204,"600Hz","2",32,10516,328.625,171.5,442.25,403.130071861068,71.2640018782953,188.947556318541,468.302443681459
"MUT+DMSO",205,"600Hz","2",32,3654,114.1875,0,205,165.040061119092,29.175236596188,57.0040362714715,171.370963728528
"MUT+DMSO",206,"600Hz","2",32,6752,211,94.5,321.75,287.598622635672,50.8407340813986,111.352161200459,310.647838799541
"MUT+DMSO",207,"600Hz","2",32,6801,212.53125,128,289.75,262.100323611202,46.3332290441674,121.718121073432,303.344378926568
"MUT+DMSO",208,"600Hz","2",32,9698,303.0625,212,412,439.018916301983,77.6083131965754,150.950206134712,455.174793865288
"MUT+DMSO",209,"600Hz","2",32,6249,195.28125,98,261.75,302.608789755183,53.4941818206361,90.4326536315533,300.129846368447
"MUT+DMSO",210,"600Hz","2",32,9827,307.09375,186.5,433.75,372.790294710907,65.9006363376535,177.928502778199,436.258997221801
"WT+DMSO",211,"200Hz","2",32,7880,246.25,185.5,447,255.534102262995,45.1724741336451,157.711950698056,334.788049301944
"WT+DMSO",212,"200Hz","2",32,14204,443.875,208.5,597.75,662.879872832515,117.181713297987,214.198841935946,673.551158064054
"WT+DMSO",213,"200Hz","2",32,8359,261.21875,90,338.75,371.050534283318,65.5930872386564,132.656299012234,389.781200987766
"WT+DMSO",214,"200Hz","2",32,10170,317.8125,134,355.25,537.170810672648,94.9592807205261,131.692309787769,503.932690212231
"WT+DMSO",215,"200Hz","2",32,8229,257.15625,229.5,364,325.69311791386,57.5749530656701,144.309341991287,370.003158008713
"WT+DMSO",216,"200Hz","2",32,6548,204.625,60,398.75,271.743920013891,48.0379921470093,110.470535391862,298.779464608138
"WT+DMSO",217,"200Hz","2",32,10833,338.53125,162,459.25,482.597807862019,85.312045631249,171.319640562752,505.742859437248
"WT+DMSO",218,"200Hz","2",32,9870,308.4375,168.5,501.5,395.975963550412,69.9993222533434,171.238828383447,445.636171616553
"WT+DMSO",219,"200Hz","2",32,12153,379.78125,222.5,457.25,496.939909028731,87.8473948791105,207.600356036943,551.962143963057
"WT+DMSO",220,"200Hz","2",32,9191,287.21875,119.5,373.5,424.836646737649,75.1012184511864,140.020361835675,434.417138164325
"WT+DMSO",221,"200Hz","2",32,5254,164.1875,39.5,270.5,223.931792250777,39.5859222059454,86.599092476347,241.775907523653
"WT+DMSO",222,"200Hz","2",32,8300,259.375,186,312.25,423.812173096191,74.920115386431,112.531573842595,406.218426157405
"WT+DMSO",223,"200Hz","2",32,7449,232.78125,55.5,343.25,319.591547223095,56.4963375628378,122.048428376838,343.514071623162
"WT+DMSO",224,"200Hz","2",32,10921,341.28125,165.5,371.5,495.673164583992,87.6234639823842,169.539260594527,513.023239405473
"WT+DMSO",225,"200Hz","2",32,12903,403.21875,337,678.25,468.760736436184,82.8659738720064,240.801441210867,565.636058789133
"WT+DMSO",226,"200Hz","2",32,11669,364.65625,259.5,542,462.026085660372,81.6754445638814,204.572378654792,524.740121345208
"WT+DMSO",227,"200Hz","2",32,9817,306.78125,128.5,321,592.889791987978,104.809098102745,101.355417718619,512.207082281381
"WT+DMSO",228,"200Hz","2",32,12509,390.90625,200.5,522,508.28156785166,89.8523358450098,214.795671743781,567.016828256219
"WT+DMSO",229,"200Hz","2",32,11412,356.625,224,531.75,431.441899800223,76.2688732591862,207.138008411995,506.111991588005
"WT+DMSO",230,"200Hz","2",32,11898,371.8125,187,584.5,462.025305653831,81.6753066769028,211.72889891327,531.89610108673
"WT+DMSO",231,"200Hz","2",32,10101,315.65625,167.5,569.25,390.107149000903,68.9618526119724,180.491018880534,450.821481119466
"WT+DMSO",232,"200Hz","2",32,16621,519.40625,290,762.25,622.7770200753,110.092463515599,303.625021509426,735.187478490574
"WT+DMSO",233,"200Hz","2",32,11162,348.8125,248.5,548.75,369.004103264187,65.2313259259418,220.959101185154,476.665898814846
"WT+DMSO",234,"200Hz","2",32,15024,469.5,262.5,773.75,538.885348988854,95.2623711380244,282.785752569472,656.214247430528
"WT+DMSO",235,"200Hz","2",32,14380,449.375,319,579,712.840693871155,126.013622135504,202.388300614411,696.361699385589
"WT+DMSO",236,"200Hz","2",32,9077,283.65625,138.5,317,436.138673520616,77.0991533960333,132.541909343775,434.770590656225
"WT+DMSO",237,"200Hz","2",32,13620,425.625,205,557.25,604.7027395554,106.897351935427,216.106190206564,635.143809793436
"WT+DMSO",238,"200Hz","2",32,10462,326.9375,262.5,512,349.284239321945,61.745313546533,205.916685448795,447.958314551205
"WT+DMSO",239,"200Hz","2",32,12676,396.125,267,550.25,482.395350509878,85.2762558895991,228.983538456386,563.266461543614
"WT+DMSO",240,"200Hz","2",32,17025,532.03125,342.5,711.25,623.213601055306,110.169640858474,316.098753917391,747.963746082609
"Mut1",211,"200Hz","2",32,7831,244.71875,0,292,421.283310877839,74.47307148061,98.7515298980044,390.685970101996
"Mut1",212,"200Hz","2",32,9705,303.28125,0,347,552.011759714323,97.5828146471792,112.018933291529,494.543566708471
"Mut1",213,"200Hz","2",32,8098,253.0625,101,309,380.80423702407,67.3173145760723,121.120563430898,385.004436569102
"Mut1",214,"200Hz","2",32,7498,234.3125,146,370.5,323.975550401669,57.2713271569161,122.060698772444,346.564301227556
"Mut1",215,"200Hz","2",32,11164,348.875,49,572.25,584.544529057978,103.333850100598,146.340653802828,551.409346197172
"Mut1",216,"200Hz","2",32,7621,238.15625,0,301.5,455.808116771209,80.5762525721979,80.2267949584921,396.085705041508
"Mut1",217,"200Hz","2",32,8128,254,0.5,213.75,557.563246810215,98.5641881899729,60.8141911476532,447.185808852347
"Mut1",218,"200Hz","2",32,8339,260.59375,139.5,412.75,316.784638289882,56.0001414776259,150.833472703853,370.354027296147
"Mut1",219,"200Hz","2",32,10315,322.34375,0,268,572.110952998037,101.135883614003,124.117418116555,520.570081883445
"Mut1",220,"200Hz","2",32,5351,167.21875,0,273.25,291.092794690916,51.4584222701225,66.3602423505599,268.07725764944
"Mut1",221,"200Hz","2",32,5620,175.625,0,197,318.478312423108,56.2995435938069,65.2778945561384,285.972105443862
"Mut1",222,"200Hz","2",32,5555,173.59375,0,238.25,330.342525987507,58.3968600600148,59.135904282371,288.051595717629
"Mut1",223,"200Hz","2",32,8260,258.125,0,408.25,484.309601724538,85.6146508932942,90.3202842491434,425.929715750857
"Mut1",224,"200Hz","2",32,8489,265.28125,0,208.75,528.513633014569,93.4288934635349,82.1606188114715,448.401881188528
"Mut1",225,"200Hz","2",32,8677,271.15625,0,263.25,505.011153461949,89.274202796946,96.1788125179858,446.133687482014
"Mut1",226,"200Hz","2",32,10643,332.59375,40.5,479.25,593.93775384593,104.994353336791,126.80481745989,538.38268254011
"Mut1",227,"200Hz","2",32,9130,285.3125,0.5,205.5,562.540575597484,99.4440639243911,90.4021347081934,480.222865291807
"Mut1",228,"200Hz","2",32,9667,302.09375,0.5,412.25,484.276471248437,85.6087941972156,134.300513373458,469.886986626542
"Mut1",229,"200Hz","2",32,6873,214.78125,0.5,358,312.780014869257,55.2922173834203,106.408503928496,323.153996071504
"Mut1",230,"200Hz","2",32,9509,297.15625,0.5,311.75,589.426353678973,104.196842924116,92.9304378687334,501.382062131267
"Mut1",231,"200Hz","2",32,10616,331.75,2,544,564.999400513527,99.8787268673623,135.98769533997,527.51230466003
"Mut1",232,"200Hz","2",32,8593,268.53125,0,367.75,454.654777533318,80.3723690731676,111.001406616592,426.061093383408
"Mut1",233,"200Hz","2",32,11922,372.5625,200,474.75,620.939970996106,109.767716050281,157.417776541449,587.707223458551
"Mut1",234,"200Hz","2",32,7082,221.3125,68,318.75,386.669020548082,68.3540716260773,87.3385196128885,355.286480387111
"Mut1",235,"200Hz","2",32,5964,186.375,14,280.75,309.260069072263,54.6699729978042,79.2218529243037,293.528147075696
"Mut1",236,"200Hz","2",32,8268,258.375,197,373.25,303.199790407622,53.5986569628923,153.321632352731,363.428367647269
"Mut1",237,"200Hz","2",32,9613,300.40625,0,582.5,437.006522382491,77.2525688498526,148.991215054289,451.821284945711
"Mut1",238,"200Hz","2",32,10925,341.40625,102,676,430.635678621283,76.126352143495,192.19859979875,490.61390020125
"Mut1",239,"200Hz","2",32,9563,298.84375,2.5,323.5,538.762028344133,95.2405709219887,112.172230992902,485.515269007098
"Mut1",240,"200Hz","2",32,8179,255.59375,0,339.75,433.942307699181,76.7108871044575,105.240411275263,405.947088724737
"Mut2",211,"200Hz","2",32,13775,430.46875,46,495.5,685.887510027184,121.248927367844,192.820852359025,668.116647640975
"Mut2",212,"200Hz","2",32,12977,405.53125,200.5,418.5,560.591276811454,99.0994733268511,211.296282279372,599.766217720628
"Mut2",213,"200Hz","2",32,12193,381.03125,58,574.25,582.089865824136,102.899922846054,179.347401221735,582.715098778265
"Mut2",214,"200Hz","2",32,15275,477.34375,282.5,588,657.777078101545,116.279658108669,249.435620107009,705.251879892991
"Mut2",215,"200Hz","2",32,11564,361.375,108,430.25,547.11299475726,96.7168271670347,171.810018752612,550.939981247388
"Mut2",216,"200Hz","2",32,14413,450.40625,214,470.25,662.764194886985,117.161264133057,220.770172299207,680.042327700793
"Mut2",217,"200Hz","2",32,14116,441.125,134.5,650.25,657.423747571509,116.217197505222,213.339292889765,668.910707110235
"Mut2",218,"200Hz","2",32,13186,412.0625,218,576.25,548.611204800137,96.9816757872747,221.978415456942,602.146584543058
"Mut2",219,"200Hz","2",32,14050,439.0625,124,390,762.35115681051,134.76591815653,174.921300413201,703.203699586799
"Mut2",220,"200Hz","2",32,10710,334.6875,44.5,504,484.233044234935,85.6011173132819,166.909310065967,502.465689934033
"Mut2",221,"200Hz","2",32,12707,397.09375,81,548,554.077807472805,97.9480437422487,205.115584265193,589.071915734807
"Mut2",222,"200Hz","2",32,9045,282.65625,105,402.75,461.799328669583,81.6353592124143,122.650945943668,442.661554056332
"Mut2",223,"200Hz","2",32,11833,369.78125,14,515.5,615.40638209314,108.789506490885,156.553817277866,583.008682722134
"Mut2",224,"200Hz","2",32,15123,472.59375,183.5,707.5,617.677902249562,109.191058317437,258.579275697824,686.608224302176
"Mut2",225,"200Hz","2",32,18369,574.03125,153,1135,825.101654905273,145.85874383794,288.148112077637,859.914387922363
"Mut2",226,"200Hz","2",32,13161,411.28125,164,381.25,622.408756591886,110.027363114003,195.627618296555,626.934881703445
"Mut2",227,"200Hz","2",32,15301,478.15625,281.5,568,618.789302270845,109.387527940352,263.756695236911,692.555804763089
"Mut2",228,"200Hz","2",32,19882,621.3125,136.5,1071.5,872.889249062579,154.306476809246,318.871805453879,923.753194546121
"Mut2",229,"200Hz","2",32,19484,608.875,300,879,845.176208006736,149.407456994774,316.036384290244,901.713615709756
"Mut2",230,"200Hz","2",32,12969,405.28125,135.5,465.25,644.064224125504,113.855545099699,182.12438160459,628.43811839541
"Mut2",231,"200Hz","2",32,16561,517.53125,341,894.75,620.654336521987,109.717222531884,302.485493837508,732.577006162492
"Mut2",232,"200Hz","2",32,17392,543.5,128,691,773.173977834226,136.67914069089,275.608884245856,811.391115754144
"Mut2",233,"200Hz","2",32,14029,438.40625,245,678.5,525.146791114391,92.8337142788353,256.452170013483,620.360329986517
"Mut2",234,"200Hz","2",32,13385,418.28125,122,689,610.551270435698,107.931235896786,206.7360276423,629.8264723577
"Mut2",235,"200Hz","2",32,13452,420.375,194,748,564.203678047725,99.7380616794845,224.88839910821,615.86160089179
"Mut2",236,"200Hz","2",32,11152,348.5,29,560.5,523.894842932828,92.612399016616,166.979697927433,530.020302072567
"Mut2",237,"200Hz","2",32,17457,545.53125,212,787.5,687.310465809513,121.500472788598,307.390323334348,783.672176665652
"Mut2",238,"200Hz","2",32,14241,445.03125,34.5,743.5,686.618196218999,121.378095658132,207.13018251006,682.93231748994
"Mut2",239,"200Hz","2",32,13406,418.9375,138,630,663.886598239926,117.35967888858,188.912529378383,648.962470621617
"Mut2",240,"200Hz","2",32,13418,419.3125,235.5,522.5,581.6659299222,102.824980858292,217.775537517748,620.849462482252
"Mut3",211,"200Hz","2",32,8832,276,124,421.25,351.677638314299,62.1684107109276,154.149915006582,397.850084993418
"Mut3",212,"200Hz","2",32,10152,317.25,172.5,491.75,411.471317543872,72.7385397247589,174.682462139473,459.817537860527
"Mut3",213,"200Hz","2",32,9868,308.375,110,381.25,419.923168855846,74.2326300688281,162.879045065097,453.870954934903
"Mut3",214,"200Hz","2",32,10706,334.5625,244,621,353.831556197706,62.5491731962967,211.966120535258,457.158879464742
"Mut3",215,"200Hz","2",32,13524,422.625,160.5,796,563.024078440013,99.5295359590599,227.547109520243,617.702890479757
"Mut3",216,"200Hz","2",32,10228,319.625,161,309.25,484.737424764936,85.6902800365475,151.672051128367,487.577948871633
"Mut3",217,"200Hz","2",32,14955,467.34375,357.5,703,525.301916835114,92.8611368911002,285.335921693444,649.351578306556
"Mut3",218,"200Hz","2",32,11988,374.625,78,564.5,567.637023389578,100.344997122829,177.948805639254,571.301194360746
"Mut3",219,"200Hz","2",32,13260,414.375,285,651.25,471.073020159912,83.2747317472752,251.156525775341,577.593474224659
"Mut3",220,"200Hz","2",32,12477,389.90625,147.5,325.75,663.97470605608,117.37525429715,159.850751577587,619.961748422413
"Mut3",221,"200Hz","2",32,13962,436.3125,261,601.25,707.239952778724,125.023541633972,191.266358397414,681.358641602586
"Mut3",222,"200Hz","2",32,8653,270.40625,67.5,376.75,463.366005921397,81.9123112395865,109.85811997041,430.95438002959
"Mut3",223,"200Hz","2",32,9629,300.90625,261.5,423.75,444.026689068167,78.4935707169779,147.058851394723,454.753648605277
"Mut3",224,"200Hz","2",32,9290,290.3125,167.5,395.25,413.351872091189,73.0709779429585,147.093383231801,433.531616768199
"Mut3",225,"200Hz","2",32,7846,245.1875,45,373,344.55679221939,60.9096110705538,125.804662301715,364.570337698285
"Mut3",226,"200Hz","2",32,12565,392.65625,208.5,593,489.994641799209,86.6196334903236,222.881768358966,562.430731641034
"Mut3",227,"200Hz","2",32,9804,306.375,146.5,423,577.381002961342,102.067505630564,106.322688964095,506.427311035905
"Mut3",228,"200Hz","2",32,13776,430.5,169.5,606.5,634.560859075761,112.175571632008,210.635879601264,650.364120398736
"Mut3",229,"200Hz","2",32,13670,427.1875,198,559,545.475550884642,96.4273652504994,238.189864109021,616.185135890979
"Mut3",230,"200Hz","2",32,12235,382.34375,231,430.75,565.764661513727,100.014007178017,186.316295931087,578.371204068913
"Mut3",231,"200Hz","2",32,11021,344.40625,199,478.75,482.233905189708,85.2477161194283,177.320726405921,511.491773594079
"Mut3",232,"200Hz","2",32,11282,352.5625,167,512.5,517.215618449155,91.4316677852479,173.356431140914,531.768568859086
"Mut3",233,"200Hz","2",32,13060,408.125,109.5,514.5,666.693998095659,117.855961757453,177.127314955392,639.122685044608
"Mut3",234,"200Hz","2",32,10325,322.65625,223.5,541.25,334.071810840704,59.0561107121828,206.906273004122,438.406226995878
"Mut3",235,"200Hz","2",32,14509,453.40625,221,517.25,679.21462517856,120.06931683621,218.070389001029,688.742110998971
"Mut3",236,"200Hz","2",32,10894,340.4375,220,601.5,375.155360290692,66.3187248150076,210.452799362585,470.422200637415
"Mut3",237,"200Hz","2",32,15004,468.875,311,622.25,518.864439378546,91.7231409002815,289.097643835448,648.652356164552
"Mut3",238,"200Hz","2",32,14853,464.15625,273.5,673.25,683.735994578505,120.868589576947,227.253814429183,701.058685570817
"Mut3",239,"200Hz","2",32,13561,423.78125,210.5,447,581.484681204764,102.792940308997,222.307086994367,625.255413005633
"Mut3",240,"200Hz","2",32,16288,509,248.5,634.25,768.568128237137,135.864933820083,242.704729712638,775.295270287362
"Mut4",211,"200Hz","2",32,10872,339.75,83.5,560.5,490.48119887679,86.7056454425714,169.80693493256,509.69306506744
"Mut4",212,"200Hz","2",32,11989,374.65625,78.5,518.5,608.69763717963,107.603556735486,163.753278798447,585.559221201553
"Mut4",213,"200Hz","2",32,12873,402.28125,204.5,450.5,574.32576090325,101.527410036203,203.287526329042,601.274973670958
"Mut4",214,"200Hz","2",32,7988,249.625,164.5,307,363.213946549058,64.2077611565918,123.77778813308,375.47221186692
"Mut4",215,"200Hz","2",32,8124,253.875,102,451.25,324.427112943575,57.351152890794,141.466740334044,366.283259665956
"Mut4",216,"200Hz","2",32,12074,377.3125,132.5,375.75,683.141436142029,120.763485501386,140.616068417283,614.008931582717
"Mut4",217,"200Hz","2",32,9750,304.6875,59,399.5,502.180114038264,88.7737410033726,130.69096763339,478.68403236661
"Mut4",218,"200Hz","2",32,9258,289.3125,208.5,455.5,349.057943013256,61.7053096329251,168.370093119467,410.254906880533
"Mut4",219,"200Hz","2",32,8611,269.09375,88,357,403.345874099669,71.3021506848728,129.341534657649,408.845965342351
"Mut4",220,"200Hz","2",32,12391,387.21875,42,363,653.162763609599,115.463954841723,160.909398510222,613.528101489778
"Mut4",221,"200Hz","2",32,9514,297.3125,63,367.75,464.322429512496,82.0813846413247,136.432986103004,458.192013896996
"Mut4",222,"200Hz","2",32,9606,300.1875,121,480.25,437.345027852263,77.3124087281387,148.655178892848,451.719821107152
"Mut4",223,"200Hz","2",32,9770,305.3125,94,407.5,444.480373491738,78.5737715500843,151.307907761835,459.317092238165
"Mut4",224,"200Hz","2",32,13432,419.75,183,396.75,726.175443122079,128.370895040692,168.143045720244,671.356954279756
"Mut4",225,"200Hz","2",32,11629,363.40625,135.5,288.5,706.725062176278,124.932520974833,118.538508889328,608.273991110672
"Mut4",226,"200Hz","2",32,8635,269.84375,122,314,405.011677201232,71.596625852182,129.514363329723,410.173136670277
"Mut4",227,"200Hz","2",32,9460,295.625,172.5,298.75,473.892988464832,83.7732364250602,131.429456606882,459.820543393118
"Mut4",228,"200Hz","2",32,11689,365.28125,36,282.75,656.441297003236,116.04352314047,137.835944644679,592.726555355321
"Mut4",229,"200Hz","2",32,12535,391.71875,55,500.25,686.538875828743,121.364073661673,153.84516562312,629.59233437688
"Mut4",230,"200Hz","2",32,7015,219.21875,0,354,340.751705495933,60.2369604142639,101.154307588043,337.283192411957
"Mut4",231,"200Hz","2",32,11377,355.53125,204,590.75,414.359278760789,73.2490639648302,211.963084628933,499.099415371067
"Mut4",232,"200Hz","2",32,11699,365.59375,40.5,633.25,496.896877688371,87.8397879409673,193.427765635704,537.759734364296
"Mut4",233,"200Hz","2",32,10388,324.625,234,393.5,389.411777246226,68.838927091178,189.700702901291,459.549297098709
"Mut4",234,"200Hz","2",32,12202,381.3125,74,405.25,605.181307809966,106.981951649943,171.627874766113,590.997125233887
"Mut4",235,"200Hz","2",32,11836,369.875,2,436.25,647.342545309469,114.435075884721,145.582251265946,594.167748734054
"Mut4",236,"200Hz","2",32,11855,370.46875,147.5,393.75,542.297322590394,95.865528555744,182.572314030742,558.365185969258
"Mut4",237,"200Hz","2",32,10432,326,163.5,455.5,465.377058364089,82.2678184444738,164.755075848831,487.244924151169
"Mut4",238,"200Hz","2",32,14467,452.09375,156.5,391.75,701.566742479449,124.020650265544,209.013275479534,695.174224520466
"Mut4",239,"200Hz","2",32,9157,286.15625,75.5,349.75,437.929889025187,77.4157985534955,134.421284835149,437.891215164851
"Mut4",240,"200Hz","2",32,13884,433.875,140,544.25,634.297719351247,112.129054661107,214.10205286423,653.64794713577
"MUT+DMSO",211,"200Hz","2",32,10110,315.9375,66,514.25,544.816271931456,96.3108200958767,127.168292612082,504.706707387918
"MUT+DMSO",212,"200Hz","2",32,6136,191.75,103,293.75,237.561672807498,41.9953674480504,109.439079801821,274.060920198179
"MUT+DMSO",213,"200Hz","2",32,7885,246.40625,101.5,340.25,337.181473046977,59.6058265204966,129.578830019827,363.233669980173
"MUT+DMSO",214,"200Hz","2",32,10750,335.9375,29,509.5,530.174161129182,93.7224361360835,152.241525173276,519.633474826724
"MUT+DMSO",215,"200Hz","2",32,9068,283.375,106.5,309.75,427.39441254065,75.5533718371837,135.29039119912,431.45960880088
"MUT+DMSO",216,"200Hz","2",32,12733,397.90625,197,553,528.805370585131,93.4804658671528,214.684536900381,581.127963099619
"MUT+DMSO",217,"200Hz","2",32,13057,408.03125,169,583.75,571.435796883322,101.016531747234,210.038847775422,606.023652224578
"MUT+DMSO",218,"200Hz","2",32,8216,256.75,32,406.25,378.577984466319,66.9237650060174,125.579420588206,387.920579411794
"MUT+DMSO",219,"200Hz","2",32,9822,306.9375,158.5,381.25,427.448464163961,75.5629269045279,158.834163267125,455.040836732875
"MUT+DMSO",220,"200Hz","2",32,14634,457.3125,252,613.25,675.749688219708,119.456796731213,223.177178406823,691.447821593177
"MUT+DMSO",221,"200Hz","2",32,7790,243.4375,1.5,369.5,402.936474421657,71.2297783627384,103.827134409033,383.047865590967
"MUT+DMSO",222,"200Hz","2",32,8181,255.65625,105,335.25,388.581175093566,68.6920959875245,121.019741864452,390.292758135548
"MUT+DMSO",223,"200Hz","2",32,7211,225.34375,149,407,271.76811859057,48.0422698914254,131.180901012806,319.506598987194
"MUT+DMSO",224,"200Hz","2",32,10929,341.53125,246.5,437.75,409.475666642819,72.3857551535048,199.655169899131,483.407330100869
"MUT+DMSO",225,"200Hz","2",32,8134,254.1875,66.5,267,563.32809654307,99.5832792746288,59.0042726217276,449.370727378272
"MUT+DMSO",226,"200Hz","2",32,11724,366.375,110,368.5,677.95036215669,119.845824597218,131.477183789453,601.272816210547
"MUT+DMSO",227,"200Hz","2",32,5630,175.9375,26,322.5,258.310757771807,45.6633221184701,86.4373886477986,265.437611352201
"MUT+DMSO",228,"200Hz","2",32,8710,272.1875,156.5,401.75,357.392206848623,63.1786132514717,148.357418027116,396.017581972884
"MUT+DMSO",229,"200Hz","2",32,10247,320.21875,115.5,357.5,490.352785074833,86.682944875031,150.320178044939,490.117321955061
"MUT+DMSO",230,"200Hz","2",32,8540,266.875,144,459.5,346.916253722385,61.3267088777328,146.674650599644,387.075349400356
"MUT+DMSO",231,"200Hz","2",32,13217,413.03125,212.5,603.75,512.304816294349,90.5635524090657,235.526687278231,590.535812721769
"MUT+DMSO",232,"200Hz","2",32,9104,284.5,192,408.75,308.622328964519,54.5572354090992,177.567818598166,391.432181401834
"MUT+DMSO",233,"200Hz","2",32,8326,260.1875,175.5,371.5,392.691739688213,69.4187480123694,124.126753895756,396.248246104244
"MUT+DMSO",234,"200Hz","2",32,9477,296.15625,100,369.5,432.044510055798,76.3754007087186,146.460464610911,445.852035389089
"MUT+DMSO",235,"200Hz","2",32,8346,260.8125,118,451,334.252988743363,59.0881387430757,144.999748063572,376.625251936428
"MUT+DMSO",236,"200Hz","2",32,11169,349.03125,81,361.25,632.429186874934,111.79874166489,129.905716336816,568.156783663184
"MUT+DMSO",237,"200Hz","2",32,10421,325.65625,243,461.75,365.607281759823,64.6308470458879,198.97978979006,452.33271020994
"MUT+DMSO",238,"200Hz","2",32,8397,262.40625,78.5,339.25,386.184968165641,68.2685024455589,128.599985206705,396.212514793295
"MUT+DMSO",239,"200Hz","2",32,11148,348.375,230.5,451.75,445.837794169222,78.8137318915772,193.900085492509,502.849914507491
"MUT+DMSO",240,"200Hz","2",32,13023,406.96875,282.5,490.5,509.080732831564,89.993609589154,230.581275205258,583.356224794742
