time	Loc01	Loc02	Loc03	Loc04	Loc05	Loc06	Loc07	Loc08	Loc09	Loc10	Loc11	Loc12	Loc13	Loc14	Loc15	Loc16	Loc17	Loc18	Loc19	Loc20	Loc21	Loc22	Loc23	Loc24	Loc25	Loc26	Loc27	Loc28	Loc29	Loc30	Loc31	Loc32	Loc33	Loc34	Loc35	Loc36	Loc37	Loc38	Loc39	Loc40	Loc41	Loc42	Loc43	Loc44	Loc45	Loc46	Loc47	Loc48	Loc49	Loc50	Loc51	Loc52	Loc53	Loc54	Loc55	Loc56	Loc57	Loc58	Loc59	Loc60	Loc61	Loc62	Loc63	Loc64	Loc65	Loc66	Loc67	Loc68	Loc69	Loc70	Loc71	Loc72	Loc73	Loc74	Loc75	Loc76	Loc77	Loc78	Loc79	Loc80	Loc81	Loc82	Loc83	Loc84	Loc85	Loc86	Loc87	Loc88	Loc89	Loc90	Loc91	Loc92	Loc93	Loc94	Loc95	Loc96
0																																																																																																
33533																																																																																																
66385																																																																																																
99880																																																																																																
133016																																																																																																
166326																																																																																																
199660																																																																																																
233003																																																																																																
266793																																																																																																
299973																																																																																																
333040																																																																																																
366372																																																																																																
399898																																																																																																
433337																																																																																																
466405																																																																																																
500023																																																																																																
533002																																																																																																
566352																																																																																																
599934																																																																																																
633428																																																																																																
666383																																																																																																
699962																																																																																																
733272																																																																																																
766586																																																																																																
800112																																																																																																
833011																																																																																																
866387																																																																																																
899753																																																																																																
933410																																																																																																
966659																																																																																																
999973																																																																																																
1033051																																																																																																
1066346																																																																																																
1100054																																																																																																
1133336																																																																																																
1166386																																																																																																
1200176																																																																																																
1233014																																																																																																
1266940																																																																																																
1300149																																																																																																
1333258																																																																																																
1366393																																																																																																
1400139																																																																																																
1433405																																																																																																
1466740																																																																																																
1500140																																																																																																
1533233																																																																																																
1566363																																																																																																
1599894																																																																																																
1633174																																																																																																
1666496																																																																																																
1699674																																																																																																
1733208																																																																																																
1766554																																																																																																
1799783																																																																																																
1833041																																																																																																
1866628																																																																																																
1899910																																																																																																
1933012																																																																																																
1966646																																																																																																
2000010																																																																																																
2033193																																																																																																
2066698																																																																																																
2099737																																																																																																
2133197																																																																																																
2166356																																																																																																
2199686																																																																																																
2233012																																																																																																
2266347																																																																																																
2320241																																																																																																
2333334																																																																																																
2366590																																																																																																
2400002																																																																																																
2433318																																																																																																
2472688																																																																																																
2499997																																																																																																
2533334																																																																																																
2566697																																																																																																
2599966																																																																																																
2633032																																																																																																
2666724																																																																																																
2699988																																																																																																
2733161																																																																																																
2766683																																																																																																
2800148																																																																																																
2833236																																																																																																
2866709																																																																																																
2900811																																																																																																
2933375																																																																																																
2966581																																																																																																
2999695																																																																																																
3033444																																																																																																
3066654																																																																																																
3100046																																																																																																
3133449																																																																																																
3167424																																																																																																
3204996																																																																																																
3233391																																																																																																
3266489																																																																																																
3300241																																																																																																
3333653																																																																																																
3367308																																																																																																
3405556																																																																																																
3433274																																																																																																
3466438																																																																																																
3505767																																																																																																
3545326																																																																																																
3566980																																																																																																
3600755																																																																																																
3633320																																																																																																
3666594																																																																																																
3699838																																																																																																
3733032																																																																																																
3766366																																																																																																
3800166																																																																																																
3833025																																																																																																
3866367																																																																																																
3899735																																																																																																
3933097																																																																																																
3979455																																																																																																
3999913																																																																																																
4033299																																																																																																
4066608																																																																																																
4099911																																																																																																
4133240																																																																																																
4166473																																																																																																
4200032																																																																																																
4233297																																																																																																
4266365																																																																																																
4299779																																																																																																
4333416																																																																																																
4366463																																																																																																
4399790																																																																																																
4433455																																																																																																
4466479																																																																																																
4500127																																																																																																
4533348																																																																																																
4566774																																																																																																
4600029																																																																																																
4633109																																																																																																
4666715																																																																																																
4699888																																																																																																
4733473																																																																																																
4766474																																																																																																
4800323																																																																																																
4833326																																																																																																
4866616																																																																																																
4899789																																																																																																
4933079																																																																																																
4966731																																																																																																
4999749																																																																																																
5033122																																																																																																
5066412																																																																																																
5099745																																																																																																
5133068																																																																																																
5166444																																																																																																
5199773																																																																																																
5233120																																																																																																
5266446																																																																																																
5300005																																																																																																
5333389																																																																																																
5366730																																																																																																
5400072																																																																																																
5433450																																																																																																
5466887																																																																																																
5500899																																																																																																
5533377																																																																																																
5566689																																																																																																
5600000																																																																																																
5633257																																																																																																
5666701																																																																																																
5714042																																																																																																
5734825																																																																																																
5766715																																																																																																
5800029																																																																																																
5833325																																																																																																
5867624																																																																																																
5899922																																																																																																
5935118																																																																																																
5966638																																																																																																
6001250																																																																																																
6034604																																																																																																
6066570																																																																																																
6099931																																																																																																
6135311																																																																																																
6166474																																																																																																
6200053																																																																																																
6233344																																																																																																
6266715																																																																																																
6299733																																																																																																
6333446																																																																																																
6366730																																																																																																
6400103																																																																																																
6433285																																																																																																
6466391																																																																																																
6499947																																																																																																
6533393																																																																																																
6566749																																																																																																
6600068																																																																																																
6633163																																																																																																
6666391																																																																																																
6702696																																																																																																
6733163																																																																																																
6766629																																																																																																
6799921																																																																																																
6833449																																																																																																
6866689																																																																																																
6899852																																																																																																
6933346																																																																																																
6966691																																																																																																
7000138																																																																																																
7046268																																																																																																
7066412																																																																																																
7099970																																																																																																
7133478																																																																																																
7166532																																																																																																
7199769																																																																																																
7233366																																																																																																
7266727																																																																																																
7299728																																																																																																
7333066																																																																																																
7366394																																																																																																
7399977																																																																																																
7433242																																																																																																
7466446																																																																																																
7500076																																																																																																
7533390																																																																																																
7566400																																																																																																
7599997																																																																																																
7633417																																																																																																
7666762																																																																																																
7699843																																																																																																
7733435																																																																																																
7766398																																																																																																
7799830																																																																																																
7833497																																																																																																
7866769																																																																																																
7899954																																																																																																
7933321																																																																																																
7966710																																																																																																
8000198																																																																																																
8033116																																																																																																
8066752																																																																																																
8099732																																																																																																
8133453																																																																																																
8166592																																																																																																
8199790																																																																																																
8233624																																																																																																
8266665																																																																																																
8300059																																																																																																
8333255																																																																																																
8366888																																																																																																
8412340																																																																																																
8434128																																																																																																
8466704																																																																																																
8500029																																																																																																
8533377																																																																																																
8566622																																																																																																
8599963																																																																																																
8633462																																																																																																
8666590																																																																																																
8700020																																																																																																
8733622																																																																																																
8766431																																																																																																
8799932																																																																																																
8833469																																																																																																
8866748																																																																																																
8900126																																																																																																
8933483																																																																																																
8966747																																																																																																
8999819																																																																																																
9033078																																																																																																
9066742																																																																																																
9099942																																																																																																
9133422																																																																																																
9166595																																																																																																
9200105																																																																																																
9233418																																																																																																
9266752																																																																																																
9299875																																																																																																
9333482																																																																																																
9366440																																																																																																
9399990																																																																																																
9433420																																																																																																
9466488																																																																																																
9501128																																																																																																
9533089																																																																																																
9566722																																																																																																
9606235																																																																																																
9660919																																																																																																
9666446																																																																																																
9700071																																																																																																
9733091																																																																																																
9766781																																																																																																
9800483																																																																																																
9833440																																																																																																
9866791																																																																																																
9900121																																																																																																
9933321																																																																																																
9966419																																																																																																
10000025																																																																																																
10033400																																																																																																
10066727																																																																																																
10100091																																																																																																
10133444																																																																																																
10166756																																																																																																
10199916																																																																																																
10233307																																																																																																
10266649																																																																																																
10300005																																																																																																
10333562																																																																																																
10366731																																																																																																
10414343																																																																																																
10433634																																																																																																
10466602																																																																																																
10499933																																																																																																
10533283																																																																																																
10566773																																																																																																
10600063																																																																																																
10633373																																																																																																
10666487																																																																																																
10701539																																																																																																
10733397																																																																																																
10766470																																																																																																
10800079																																																																																																
10833402																																																																																																
10866818																																																																																																
10900089																																																																																																
10933344																																																																																																
10966782																																																																																																
10999753																																																																																																
11033456																																																																																																
11066739																																																																																																
11100154																																																																																																
11133417																																																																																																
11166758																																																																																																
11199955																																																																																																
11233390																																																																																																
11266455																																																																																																
11300010																																																																																																
11333105																																																																																																
11366764																																																																																																
11400087																																																																																																
11433148																																																																																																
11466657																																																																																																
11499780																																																																																																
11533491																																																																																																
11566430																																																																																																
11600083																																																																																																
11633400																																																																																																
11666680																																																																																																
11700045																																																																																																
11733480																																																																																																
11766736																																																																																																
11800059																																																																																																
11833094																																																																																																
11866477																																																																																																
11899817																																																																																																
11933096																																																																																																
11966683																																																																																																
12000058																																																																																																
12033648																																																																																																
12066833																																																																																																
12099757																																																																																																
12133089																																																																																																
12166694																																																																																																
12199971																																																																																																
12233095																																																																																																
12266422																																																																																																
12300133																																																																																																
12333097																																																																																																
12366548																																																																																																
12399856																																																																																																
12433096																																																																																																
12466760																																																																																																
12500921																																																																																																
12533288																																																																																																
12566428																																																																																																
12600018																																																																																																
12633367																																																																																																
12666714																																																																																																
12700120																																																																																																
12733414																																																																																																
12766967																																																																																																
12800356																																																																																																
12833096																																																																																																
12866514																																																																																																
12899906																																																																																																
12933312																																																																																																
12966513																																																																																																
13000291																																																																																																
13033093																																																																																																
13066514																																																																																																
13101730																																																																																																
13133399																																																																																																
13166460																																																																																																
13199947																																																																																																
13233463																																																																																																
13266806																																																																																																
13300221																																																																																																
13333293																																																																																																
13366465																																																																																																
13400113																																																																																																
13433441																																																																																																
13466433																																																																																																
13499890																																																																																																
13533105																																																																																																
13566442																																																																																																
13600089																																																																																																
13633270																																																																																																
13666436																																																																																																
13699787																																																																																																
13733149																																																																																																
13766875																																																																																																
13799802																																																																																																
13833243																																																																																																
13866857																																																																																																
13899890																																																																																																
13933464																																																																																																
13966905																																																																																																
14000132																																																																																																
14033382																																																																																																
14066903																																																																																																
14100022																																																																																																
14133364																																																																																																
14166801																																																																																																
14200196																																																																																																
14233509																																																																																																
14266832																																																																																																
14311259																																																																																																
14333473																																																																																																
14366621																																																																																																
14399749																																																																																																
14433464																																																																																																
14466774																																																																																																
14500167																																																																																																
14533463																																																																																																
14566803																																																																																																
14600079																																																																																																
14633472																																																																																																
14666817																																																																																																
14699824																																																																																																
14733124																																																																																																
14766644																																																																																																
14800133																																																																																																
14833459																																																																																																
14866947																																																																																																
14900117																																																																																																
14933486																																																																																																
14966979																																																																																																
15000081																																																																																																
15033460																																																																																																
15066773																																																																																																
15100132																																																																																																
15133485																																																																																																
15166824																																																																																																
15200031																																																																																																
15233116																																																																																																
15266463																																																																																																
15299788																																																																																																
15333291																																																																																																
15366715																																																																																																
15399993																																																																																																
15433376																																																																																																
15469893																																																																																																
15499782																																																																																																
15533433																																																																																																
15566501																																																																																																
15599847																																																																																																
15634093																																																																																																
15666464																																																																																																
15700077																																																																																																
15733201																																																																																																
15766466																																																																																																
15799843																																																																																																
15833125																																																																																																
15866957																																																																																																
15900245																																																																																																
15933124																																																																																																
15966909																																																																																																
15999819																																																																																																
16033172																																																																																																
16066686																																																																																																
16100204																																																																																																
16133470																																																																																																
16166655																																																																																																
16200172																																																																																																
16233443																																																																																																
16266799																																																																																																
16300163																																																																																																
16333606																																																																																																
16367191																																																																																																
16399794																																																																																																
16433234																																																																																																
16466820																																																																																																
16499798																																																																																																
16533494																																																																																																
16566676																																																																																																
16600058																																																																																																
16633197																																																																																																
16666837																																																																																																
16699871																																																																																																
16734031																																																																																																
16766842																																																																																																
16804081																																																																																																
16841457																																																																																																
16867283																																																																																																
16899879																																																																																																
16933465																																																																																																
16966468																																																																																																
17000059																																																																																																
17033172																																																																																																
17066463																																																																																																
17099799																																																																																																
17133179																																																																																																
17166813																																																																																																
17200114																																																																																																
17233236																																																																																																
17266776																																																																																																
17300161																																																																																																
17333588																																																																																																
17366467																																																																																																
17399798																																																																																																
17433656																																																																																																
17466467																																																																																																
17499804																																																																																																
17533191																																																																																																
17566469																																																																																																
17604792																																																																																																
17633446																																																																																																
17666830																																																																																																
17700148																																																																																																
17733500																																																																																																
17766555																																																																																																
17800201																																																																																																
17833169																																																																																																
17866473																																																																																																
17900489																																																																																																
17933413																																																																																																
17966783																																																																																																
18000040																																																																																																
18046561																																																																																																
18066874																																																																																																
18100157																																																																																																
18133211																																																																																																
18166482																																																																																																
18199850																																																																																																
18233200																																																																																																
18266509																																																																																																
18300239																																																																																																
18333147																																																																																																
18366508																																																																																																
18400137																																																																																																
18433143																																																																																																
18466475																																																																																																
18500138																																																																																																
18533361																																																																																																
18566519																																																																																																
18601154																																																																																																
18633538																																																																																																
18666833																																																																																																
18700410																																																																																																
18733352																																																																																																
18766687																																																																																																
18800107																																																																																																
18833435																																																																																																
18866781																																																																																																
18900092																																																																																																
18933501																																																																																																
18966917																																																																																																
19000378																																																																																																
19033322																																																																																																
19066483																																																																																																
19099961																																																																																																
19133303																																																																																																
19166815																																																																																																
19200415																																																																																																
19233394																																																																																																
19266735																																																																																																
19312761																																																																																																
19335463																																																																																																
19366904																																																																																																
19400080																																																																																																
19433228																																																																																																
19466485																																																																																																
19499938																																																																																																
19533158																																																																																																
19566489																																																																																																
19599823																																																																																																
19633180																																																																																																
19666748																																																																																																
19699845																																																																																																
19733526																																																																																																
19766891																																																																																																
19799819																																																																																																
19833598																																																																																																
19866797																																																																																																
19900177																																																																																																
19933570																																																																																																
19966955																																																																																																
20000058																																																																																																
20063138																																																																																																
20066968																																																																																																
20100132																																																																																																
20133530																																																																																																
20166536																																																																																																
20200105																																																																																																
20233168																																																																																																
20266824																																																																																																
20299836																																																																																																
20333182																																																																																																
20366857																																																																																																
20400055																																																																																																
20433168																																																																																																
20473626																																																																																																
20500117																																																																																																
20533387																																																																																																
20566492																																																																																																
20599828																																																																																																
20633181																																																																																																
20666528																																																																																																
20700014																																																																																																
20733496																																																																																																
20766753																																																																																																
20800074																																																																																																
20833436																																																																																																
20866918																																																																																																
20900133																																																																																																
20933477																																																																																																
20966786																																																																																																
21000042																																																																																																
21033350																																																																																																
21066862																																																																																																
21100116																																																																																																
21133473																																																																																																
21166591																																																																																																
21199961																																																																																																
21233392																																																																																																
21266947																																																																																																
21299888																																																																																																
21333570																																																																																																
21366681																																																																																																
21400292																																																																																																
21433177																																																																																																
21466894																																																																																																
21500143																																																																																																
21533341																																																																																																
21566845																																																																																																
21600246																																																																																																
21633262																																																																																																
21666719																																																																																																
21700191																																																																																																
21733583																																																																																																
21766803																																																																																																
21800347																																																																																																
21833270																																																																																																
21866612																																																																																																
21900495																																																																																																
21933534																																																																																																
21966755																																																																																																
22000353																																																																																																
22033209																																																																																																
22066925																																																																																																
22100055																																																																																																
22133202																																																																																																
22166545																																																																																																
22200192																																																																																																
22233170																																																																																																
22266969																																																																																																
22300162																																																																																																
22333181																																																																																																
22366514																																																																																																
22399901																																																																																																
22433456																																																																																																
22466790																																																																																																
22500046																																																																																																
22533596																																																																																																
22566570																																																																																																
22600213																																																																																																
22633513																																																																																																
22666943																																																																																																
22700205																																																																																																
22733517																																																																																																
22766919																																																																																																
22800144																																																																																																
22833554																																																																																																
22866489																																																																																																
22900233																																																																																																
22933683																																																																																																
22967045																																																																																																
23000322																																																																																																
23033773																																																																																																
23066725																																																																																																
23100032																																																																																																
23133207																																																																																																
23167170																																																																																																
23199848																																																																																																
23233464																																																																																																
23266956																																																																																																
23300122																																																																																																
23333533																																																																																																
23367178																																																																																																
23400164																																																																																																
23433556																																																																																																
23466720																																																																																																
23499855																																																																																																
23533193																																																																																																
23566522																																																																																																
23600215																																																																																																
23633568																																																																																																
23666857																																																																																																
23700172																																																																																																
23733435																																																																																																
23766838																																																																																																
23800029																																																																																																
23833499																																																																																																
23866909																																																																																																
23899812																																																																																																
23933445																																																																																																
23966924																																																																																																
24000022																																																																																																
24033543																																																																																																
24066878																																																																																																
24100220																																																																																																
24133483																																																																																																
24166877																																																																																																
24199873																																																																																																
24233527																																																																																																
24267047																																																																																																
24300345																																																																																																
24333428																																																																																																
24366794																																																																																																
24399884																																																																																																
24433424																																																																																																
24466517																																																																																																
24499941																																																																																																
24533389																																																																																																
24566827																																																																																																
24600263																																																																																																
24633399																																																																																																
24666540																																																																																																
24699888																																																																																																
24733690																																																																																																
24766826																																																																																																
24800238																																																																																																
24833209																																																																																																
24866872																																																																																																
24900212																																																																																																
24933396																																																																																																
24966932																																																																																																
25000217																																																																																																
25033664																																																																																																
25066539																																																																																																
25099986																																																																																																
25133626																																																																																																
25167512																																																																																																
25200098																																																																																																
25234149																																																																																																
25270600																																																																																																
25300247																																																																																																
25333247																																																																																																
25366790																																																																																																
25400204																																																																																																
25433371																																																																																																
25466815																																																																																																
25500141																																																																																																
25533209																																																																																																
25566585																																																																																																
25599945																																																																																																
25633308																																																																																																
25666956																																																																																																
25699949																																																																																																
25733438																																																																																																
25768095																																																																																																
25800308																																																																																																
25833452																																																																																																
25871954																																																																																																
25900354																																																																																																
25933607																																																																																																
25967181																																																																																																
26000381																																																																																																
26033602																																																																																																
26066629																																																																																																
26100148																																																																																																
26133212																																																																																																
26166864																																																																																																
26199884																																																																																																
26233499																																																																																																
26266942																																																																																																
26300277																																																																																																
26333289																																																																																																
26366916																																																																																																
26400275																																																																																																
26433577																																																																																																
26466873																																																																																																
26499923																																																																																																
26533854																																																																																																
26566708																																																																																																
26600180																																																																																																
26633539																																																																																																
26666549																																																																																																
26700205																																																																																																
26733531																																																																																																
26766900																																																																																																
26800179																																																																																																
26833514																																																																																																
26866948																																																																																																
26900156																																																																																																
26933241																																																																																																
26966927																																																																																																
27000277																																																																																																
27033216																																																																																																
27066630																																																																																																
27099876																																																																																																
27133537																																																																																																
27166854																																																																																																
27199917																																																																																																
27233216																																																																																																
27266943																																																																																																
27300074																																																																																																
27333900																																																																																																
27366729																																																																																																
27400611																																																																																																
27433762																																																																																																
27466806																																																																																																
27500201																																																																																																
27533395																																																																																																
27566819																																																																																																
27600104																																																																																																
27637602																																																																																																
27667423																																																																																																
27700152																																																																																																
27734450																																																																																																
27766874																																																																																																
27800257																																																																																																
27833279																																																																																																
27866555																																																																																																
27900209																																																																																																
27933550																																																																																																
27966890																																																																																																
28000354																																																																																																
28033424																																																																																																
28066557																																																																																																
28100050																																																																																																
28133446																																																																																																
28166860																																																																																																
28200119																																																																																																
28233603																																																																																																
28266993																																																																																																
28300176																																																																																																
28333550																																																																																																
28366844																																																																																																
28400273																																																																																																
28433419																																																																																																
28466856																																																																																																
28500137																																																																																																
28533614																																																																																																
28566885																																																																																																
28600168																																																																																																
28633523																																																																																																
28666937																																																																																																
28700358																																																																																																
28742135																																																																																																
28766941																																																																																																
28817156																																																																																																
28833542																																																																																																
28881047																																																																																																
28899954																																																																																																
28933626																																																																																																
28966903																																																																																																
28999972																																																																																																
29033221																																																																																																
29076083																																																																																																
29099977																																																																																																
29133610																																																																																																
29166906																																																																																																
29200212																																																																																																
29233545																																																																																																
29266880																																																																																																
29300117																																																																																																
29333564																																																																																																
29366852																																																																																																
29400142																																																																																																
29433541																																																																																																
29466713																																																																																																
29500118																																																																																																
29533521																																																																																																
29566989																																																																																																
29600169																																																																																																
29633562																																																																																																
29666900																																																																																																
29700186																																																																																																
29733280																																																																																																
29766770																																																																																																
29800231																																																																																																
29833534																																																																																																
29879796																																																																																																
29900344																																																																																																
29933268																																																																																																
29978089																																																																																																
30000210																																																																																																
30033312																																																																																																
30066900																																																																																																
30100144																																																																																																
30133549																																																																																																
30166997																																																																																																
30200057																																																																																																
30236859																																																																																																
30266809																																																																																																
30299959																																																																																																
30333424																																																																																																
30366573																																																																																																
30400159																																																																																																
30433246																																																																																																
30466930																																																																																																
30500249																																																																																																
30533483																																																																																																
30566579																																																																																																
30600334																																																																																																
30633568																																																																																																
30666567																																																																																																
30712143																																																																																																
30733574																																																																																																
30769865																																																																																																
30800266																																																																																																
30833295																																																																																																
30877487																																																																																																
30900294																																																																																																
30933561																																																																																																
30966875																																																																																																
30999983																																																																																																
31033235																																																																																																
31066579																																																																																																
31100272																																																																																																
31133503																																																																																																
31166989																																																																																																
31200181																																																																																																
31233596																																																																																																
31266612																																																																																																
31302916																																																																																																
31348523																																																																																																
31367306																																																																																																
31399912																																																																																																
31433734																																																																																																
31466834																																																																																																
31499912																																																																																																
31533503																																																																																																
31566579																																																																																																
31600212																																																																																																
31633254																																																																																																
31666588																																																																																																
31699919																																																																																																
31733645																																																																																																
31766584																																																																																																
31800228																																																																																																
31833530																																																																																																
31866709																																																																																																
31900189																																																																																																
31933260																																																																																																
31967365																																																																																																
32000445																																																																																																
32033513																																																																																																
32066779																																																																																																
32100094																																																																																																
32133501																																																																																																
32166900																																																																																																
32199924																																																																																																
32233586																																																																																																
32266597																																																																																																
32299931																																																																																																
32333877																																																																																																
32366688																																																																																																
32400101																																																																																																
32433581																																																																																																
32466924																																																																																																
32500235																																																																																																
32533903																																																																																																
32567846																																																																																																
32600159																																																																																																
32633264																																																																																																
32666661																																																																																																
32700182																																																																																																
32733518																																																																																																
32766957																																																																																																
32799969																																																																																																
32833329																																																																																																
32866842																																																																																																
32899931																																																																																																
32933515																																																																																																
32966674																																																																																																
33000387																																																																																																
33033311																																																																																																
33066671																																																																																																
33100317																																																																																																
33133478																																																																																																
33166670																																																																																																
33200079																																																																																																
33233645																																																																																																
33266900																																																																																																
33299937																																																																																																
33341487																																																																																																
33366951																																																																																																
33400201																																																																																																
33433577																																																																																																
33466769																																																																																																
33500307																																																																																																
33533263																																																																																																
33566607																																																																																																
33607170																																																																																																
33633794																																																																																																
33667316																																																																																																
33700282																																																																																																
33733650																																																																																																
33766982																																																																																																
33799933																																																																																																
33833648																																																																																																
33866662																																																																																																
33900260																																																																																																
33933268																																																																																																
33966670																																																																																																
34000391																																																																																																
34033553																																																																																																
34066991																																																																																																
34099943																																																																																																
34133889																																																																																																
34166831																																																																																																
34200186																																																																																																
34233326																																																																																																
34266601																																																																																																
34299955																																																																																																
34333623																																																																																																
34366908																																																																																																
34400177																																																																																																
34433547																																																																																																
34466881																																																																																																
34500349																																																																																																
34533278																																																																																																
34566595																																																																																																
34600287																																																																																																
34633558																																																																																																
34666712																																																																																																
34699951																																																																																																
34733353																																																																																																
34766929																																																																																																
34801084																																																																																																
34833754																																																																																																
34866922																																																																																																
34900268																																																																																																
34941600																																																																																																
34966799																																																																																																
35000014																																																																																																
35033284																																																																																																
35066977																																																																																																
35100231																																																																																																
35133529																																																																																																
35166911																																																																																																
35200202																																																																																																
35233456																																																																																																
35266936																																																																																																
35300318																																																																																																
35333636																																																																																																
35366841																																																																																																
35400025																																																																																																
35433543																																																																																																
35466626																																																																																																
35499953																																																																																																
35533492																																																																																																
35566612																																																																																																
35600012																																																																																																
35633294																																																																																																
35666631																																																																																																
35700315																																																																																																
35733292																																																																																																
35766975																																																																																																
35800201																																																																																																
35833579																																																																																																
35866991																																																																																																
35899993																																																																																																
35933584																																																																																																
35966677																																																																																																
36000268																																																																																																
36033557																																																																																																
36066952																																																																																																
36101843																																																																																																
36133639																																																																																																
36166929																																																																																																
36200369																																																																																																
36233628																																																																																																
36266793																																																																																																
36300551																																																																																																
36333291																																																																																																
36381652																																																																																																
36400498																																																																																																
36433622																																																																																																
36466953																																																																																																
36500288																																																																																																
36533417																																																																																																
36566664																																																																																																
36599961																																																																																																
36633298																																																																																																
36666622																																																																																																
36699954																																																																																																
36733656																																																																																																
36766719																																																																																																
36799954																																																																																																
36833528																																																																																																
36866728																																																																																																
36900252																																																																																																
36933335																																																																																																
36966880																																																																																																
37000026																																																																																																
37033606																																																																																																
37066641																																																																																																
37099963																																																																																																
37133467																																																																																																
37166659																																																																																																
37201117																																																																																																
37233655																																																																																																
37267646																																																																																																
37299968																																																																																																
37333727																																																																																																
37366932																																																																																																
37400025																																																																																																
37433302																																																																																																
37466635																																																																																																
37500256																																																																																																
37533295																																																																																																
37566636																																																																																																
37599991																																																																																																
37633348																																																																																																
37666716																																																																																																
37700021																																																																																																
37733660																																																																																																
37767050																																																																																																
37799958																																																																																																
37833371																																																																																																
37867083																																																																																																
37900380																																																																																																
37933599																																																																																																
37966973																																																																																																
38000314																																																																																																
38033764																																																																																																
38066898																																																																																																
38100023																																																																																																
38133526																																																																																																
38167132																																																																																																
38200292																																																																																																
38233660																																																																																																
38267367																																																																																																
38300205																																																																																																
38333929																																																																																																
38367683																																																																																																
38400284																																																																																																
38443587																																																																																																
38467008																																																																																																
38500947																																																																																																
38533791																																																																																																
38567423																																																																																																
38600220																																																																																																
38633495																																																																																																
38666900																																																																																																
38700680																																																																																																
38734225																																																																																																
38767559																																																																																																
38802056																																																																																																
38833366																																																																																																
38867708																																																																																																
38900704																																																																																																
38933448																																																																																																
38966781																																																																																																
39000259																																																																																																
39033765																																																																																																
39066930																																																																																																
39100349																																																																																																
39133676																																																																																																
39167101																																																																																																
39200358																																																																																																
39233729																																																																																																
39266843																																																																																																
39300240																																																																																																
39333588																																																																																																
39366871																																																																																																
39400252																																																																																																
39433348																																																																																																
39466650																																																																																																
39500476																																																																																																
39533583																																																																																																
39567419																																																																																																
39606110																																																																																																
39633988																																																																																																
39666900																																																																																																
39701183																																																																																																
39733561																																																																																																
39767096																																																																																																
39800626																																																																																																
39833965																																																																																																
39867318																																																																																																
39900152																																																																																																
39933618																																																																																																
39966897																																																																																																
40000268																																																																																																
40033713																																																																																																
40066905																																																																																																
40100249																																																																																																
40133539																																																																																																
40167016																																																																																																
40199981																																																																																																
40233615																																																																																																
40266937																																																																																																
40300128																																																																																																
40333360																																																																																																
40366686																																																																																																
40400173																																																																																																
40433634																																																																																																
40466940																																																																																																
40500048																																																																																																
40533839																																																																																																
40566939																																																																																																
40599988																																																																																																
40633813																																																																																																
40666666																																																																																																
40699986																																																																																																
40733674																																																																																																
40766850																																																																																																
40805096																																																																																																
40833580																																																																																																
40867005																																																																																																
40900226																																																																																																
40933323																																																																																																
40967033																																																																																																
41003271																																																																																																
41033629																																																																																																
41066977																																																																																																
41100285																																																																																																
41133604																																																																																																
41166982																																																																																																
41199995																																																																																																
41233585																																																																																																
41267007																																																																																																
41300243																																																																																																
41333658																																																																																																
41367038																																																																																																
41402807																																																																																																
41433337																																																																																																
41466664																																																																																																
41500208																																																																																																
41533387																																																																																																
41566908																																																																																																
41600407																																																																																																
41660692																																																																																																
41667056																																																																																																
41700176																																																																																																
41733542																																																																																																
41766676																																																																																																
41800363																																																																																																
41833405																																																																																																
41868753																																																																																																
41900407																																																																																																
41933367																																																																																																
41966692																																																																																																
42000685																																																																																																
42033665																																																																																																
42066981																																																																																																
42100362																																																																																																
42133338																																																																																																
42176707																																																																																																
42203781																																																																																																
42233636																																																																																																
42267046																																																																																																
42300295																																																																																																
42333724																																																																																																
42366965																																																																																																
42400047																																																																																																
42433707																																																																																																
42466671																																																																																																
42500060																																																																																																
42533333																																																																																																
42566667																																																																																																
42600045																																																																																																
42633362																																																																																																
42666700																																																																																																
42700110																																																																																																
42733343																																																																																																
42767032																																																																																																
42800391																																																																																																
42833359																																																																																																
42867082																																																																																																
42900298																																																																																																
42933600																																																																																																
42967076																																																																																																
43000142																																																																																																
43033777																																																																																																
43066998																																																																																																
43100013																																																																																																
43133348																																																																																																
43167747																																																																																																
43200415																																																																																																
43233526																																																																																																
43287972																																																																																																
43300370																																																																																																
43333418																																																																																																
43371789																																																																																																
43400333																																																																																																
43433356																																																																																																
43467039																																																																																																
43500227																																																																																																
43533350																																																																																																
43566887																																																																																																
43600012																																																																																																
43634050																																																																																																
43666986																																																																																																
43700371																																																																																																
43733349																																																																																																
43767056																																																																																																
43800532																																																																																																
43833679																																																																																																
43871346																																																																																																
43900435																																																																																																
43933444																																																																																																
43971393																																																																																																
44000096																																																																																																
44033799																																																																																																
44067069																																																																																																
44100368																																																																																																
44133711																																																																																																
44167035																																																																																																
44200175																																																																																																
44233366																																																																																																
44266687																																																																																																
44300011																																																																																																
44333697																																																																																																
44367010																																																																																																
44400237																																																																																																
44433391																																																																																																
44466929																																																																																																
44500281																																																																																																
44553962																																																																																																
44567035																																																																																																
44600336																																																																																																
44633642																																																																																																
44667029																																																																																																
44700440																																																																																																
44733801																																																																																																
44766688																																																																																																
44800147																																																																																																
44833510																																																																																																
44866815																																																																																																
44900158																																																																																																
44933865																																																																																																
44967055																																																																																																
45000467																																																																																																
45033821																																																																																																
45067058																																																																																																
45100127																																																																																																
45133709																																																																																																
45166999																																																																																																
45200330																																																																																																
45233391																																																																																																
45266705																																																																																																
45300026																																																																																																
45333443																																																																																																
45366698																																																																																																
45400106																																																																																																
45433622																																																																																																
45466695																																																																																																
45500029																																																																																																
45533608																																																																																																
45567031																																																																																																
45600027																																																																																																
45633579																																																																																																
45697832																																																																																																
45707591																																																																																																
45733679																																																																																																
45773152																																																																																																
45800083																																																																																																
45833672																																																																																																
45867026																																																																																																
45900465																																																																																																
45933735																																																																																																
45966768																																																																																																
46000432																																																																																																
46033581																																																																																																
46066693																																																																																																
46100197																																																																																																
46133693																																																																																																
46166964																																																																																																
46200235																																																																																																
46233621																																																																																																
46266901																																																																																																
46300290																																																																																																
46333566																																																																																																
46367064																																																																																																
46400374																																																																																																
46433364																																																																																																
46466796																																																																																																
46500031																																																																																																
46533427																																																																																																
46567045																																																																																																
46600070																																																																																																
46633696																																																																																																
46666705																																																																																																
46700147																																																																																																
46733378																																																																																																
46767029																																																																																																
46800144																																																																																																
46836926																																																																																																
46867062																																																																																																
46900347																																																																																																
46933553																																																																																																
46967045																																																																																																
47000334																																																																																																
47033763																																																																																																
47074095																																																																																																
47100070																																																																																																
47133746																																																																																																
47166704																																																																																																
47200270																																																																																																
47233726																																																																																																
47266866																																																																																																
47300420																																																																																																
47333819																																																																																																
47367002																																																																																																
47400206																																																																																																
47433374																																																																																																
47467095																																																																																																
47500044																																																																																																
47533374																																																																																																
47566764																																																																																																
47600327																																																																																																
47633655																																																																																																
47666950																																																																																																
47700291																																																																																																
47733711																																																																																																
47766830																																																																																																
47800497																																																																																																
47833406																																																																																																
47866994																																																																																																
47900521																																																																																																
47933574																																																																																																
47967044																																																																																																
48000489																																																																																																
48033780																																																																																																
48068069																																																																																																
48100370																																																																																																
48133858																																																																																																
48167111																																																																																																
48200298																																																																																																
48233627																																																																																																
48266725																																																																																																
48300059																																																																																																
48333409																																																																																																
48366803																																																																																																
48400055																																																																																																
48433666																																																																																																
48466747																																																																																																
48500049																																																																																																
48533746																																																																																																
48567059																																																																																																
48600345																																																																																																
48633623																																																																																																
48667057																																																																																																
48700295																																																																																																
48733796																																																																																																
48766751																																																																																																
48800501																																																																																																
48833734																																																																																																
48866809																																																																																																
48900167																																																																																																
48933437																																																																																																
48966754																																																																																																
49000135																																																																																																
49033622																																																																																																
49066712																																																																																																
49100428																																																																																																
49133590																																																																																																
49166916																																																																																																
49200465																																																																																																
49233582																																																																																																
49279961																																																																																																
49300241																																																																																																
49333578																																																																																																
49366819																																																																																																
49400405																																																																																																
49439449																																																																																																
49466916																																																																																																
49500261																																																																																																
49533416																																																																																																
49566900																																																																																																
49600394																																																																																																
49633391																																																																																																
49667079																																																																																																
49700037																																																																																																
49733727																																																																																																
49766788																																																																																																
49800110																																																																																																
49833929																																																																																																
49867035																																																																																																
49900111																																																																																																
49933915																																																																																																
49967028																																																																																																
50000416																																																																																																
50033939																																																																																																
50066732																																																																																																
50100433																																																																																																
50133586																																																																																																
50167131																																																																																																
50200270																																																																																																
50233458																																																																																																
50266738																																																																																																
50300356																																																																																																
50333774																																																																																																
50366739																																																																																																
50400418																																																																																																
50433775																																																																																																
50467188																																																																																																
50500582																																																																																																
50552876																																																																																																
50567068																																																																																																
50600876																																																																																																
50633635																																																																																																
50667023																																																																																																
50700420																																																																																																
50733748																																																																																																
50766751																																																																																																
50800486																																																																																																
50833488																																																																																																
50866745																																																																																																
50900639																																																																																																
50933785																																																																																																
50967126																																																																																																
51000316																																																																																																
51033741																																																																																																
51067120																																																																																																
51100074																																																																																																
51133665																																																																																																
51166845																																																																																																
51200244																																																																																																
51233735																																																																																																
51266967																																																																																																
51300081																																																																																																
51333700																																																																																																
51367098																																																																																																
51400451																																																																																																
51433414																																																																																																
51466771																																																																																																
51500114																																																																																																
51533444																																																																																																
51566742																																																																																																
51600302																																																																																																
51633490																																																																																																
51667008																																																																																																
51700109																																																																																																
51733877																																																																																																
51767139																																																																																																
51800456																																																																																																
51833576																																																																																																
51867207																																																																																																
51900210																																																																																																
51933664																																																																																																
51967108																																																																																																
52000541																																																																																																
52033660																																																																																																
52067007																																																																																																
52100364																																																																																																
52133842																																																																																																
52167018																																																																																																
52200451																																																																																																
52233420																																																																																																
52266934																																																																																																
52300379																																																																																																
52333467																																																																																																
52367105																																																																																																
52400383																																																																																																
52433738																																																																																																
52467129																																																																																																
52500416																																																																																																
52533413																																																																																																
52567058																																																																																																
52605687																																																																																																
52633668																																																																																																
52667173																																																																																																
52700397																																																																																																
52733694																																																																																																
52766835																																																																																																
52800287																																																																																																
52833648																																																																																																
52866989																																																																																																
52900717																																																																																																
52933434																																																																																																
52967067																																																																																																
53000567																																																																																																
53033631																																																																																																
53067039																																																																																																
53100158																																																																																																
53133743																																																																																																
53167042																																																																																																
53200372																																																																																																
53233754																																																																																																
53267103																																																																																																
53300399																																																																																																
53333675																																																																																																
53366765																																																																																																
53400438																																																																																																
53433683																																																																																																
53466844																																																																																																
53500103																																																																																																
53533424																																																																																																
53567087																																																																																																
53600093																																																																																																
53633693																																																																																																
53666970																																																																																																
53700445																																																																																																
53733516																																																																																																
53766991																																																																																																
53800135																																																																																																
53833463																																																																																																
53866828																																																																																																
53900122																																																																																																
53933474																																																																																																
53966713																																																																																																
54000111																																																																																																
54033797																																																																																																
54084535																																																																																																
54112783																																																																																																
54133820																																																																																																
54167056																																																																																																
54200301																																																																																																
54234154																																																																																																
54266762																																																																																																
54300367																																																																																																
54333694																																																																																																
54367007																																																																																																
54400509																																																																																																
54433844																																																																																																
54467110																																																																																																
54500345																																																																																																
54533483																																																																																																
54566805																																																																																																
54600112																																																																																																
54633571																																																																																																
54667257																																																																																																
54700097																																																																																																
54733531																																																																																																
54767360																																																																																																
54800098																																																																																																
54833920																																																																																																
54867281																																																																																																
54900097																																																																																																
54933510																																																																																																
54967150																																																																																																
55000263																																																																																																
55033833																																																																																																
55067060																																																																																																
55100471																																																																																																
55133945																																																																																																
55167132																																																																																																
55200193																																																																																																
55233525																																																																																																
55267418																																																																																																
55300574																																																																																																
55333638																																																																																																
55367324																																																																																																
55400477																																																																																																
55434027																																																																																																
55466800																																																																																																
55500495																																																																																																
55533512																																																																																																
55567089																																																																																																
55600177																																																																																																
55633883																																																																																																
55666899																																																																																																
55700565																																																																																																
55733936																																																																																																
55767256																																																																																																
55800254																																																																																																
55833928																																																																																																
55866903																																																																																																
55900174																																																																																																
55933881																																																																																																
55966830																																																																																																
56000365																																																																																																
56033769																																																																																																
56067067																																																																																																
56100462																																																																																																
56133899																																																																																																
56167105																																																																																																
56200422																																																																																																
56233655																																																																																																
56267148																																																																																																
56300457																																																																																																
56333793																																																																																																
56367222																																																																																																
56400375																																																																																																
56433796																																																																																																
56466925																																																																																																
56525586																																																																																																
56533799																																																																																																
56588225																																																																																																
56600608																																																																																																
56642666																																																																																																
56667395																																																																																																
56700200																																																																																																
56733759																																																																																																
56766794																																																																																																
56800471																																																																																																
56833923																																																																																																
56866968																																																																																																
56900607																																																																																																
56933824																																																																																																
56966793																																																																																																
57000462																																																																																																
57033874																																																																																																
57079408																																																																																																
57100335																																																																																																
57133692																																																																																																
57167173																																																																																																
57200157																																																																																																
57233808																																																																																																
57267137																																																																																																
57300358																																																																																																
57333461																																																																																																
57366828																																																																																																
57400125																																																																																																
57433826																																																																																																
57466850																																																																																																
57500329																																																																																																
57533764																																																																																																
57566874																																																																																																
57600119																																																																																																
57633855																																																																																																
57667209																																																																																																
57700335																																																																																																
57733668																																																																																																
57767121																																																																																																
57800461																																																																																																
57833796																																																																																																
57867168																																																																																																
57900480																																																																																																
57933832																																																																																																
57967145																																																																																																
58000175																																																																																																
58034042																																																																																																
58067061																																																																																																
58100508																																																																																																
58133853																																																																																																
58167198																																																																																																
58200542																																																																																																
58233462																																																																																																
58267096																																																																																																
58300346																																																																																																
58333507																																																																																																
58366803																																																																																																
58400412																																																																																																
58433745																																																																																																
58466823																																																																																																
58500152																																																																																																
58533503																																																																																																
58566856																																																																																																
58600327																																																																																																
58633515																																																																																																
58666809																																																																																																
58700151																																																																																																
58733495																																																																																																
58766860																																																																																																
58800480																																																																																																
58833445																																																																																																
58866899																																																																																																
58900334																																																																																																
58933768																																																																																																
58967045																																																																																																
59000357																																																																																																
59034719																																																																																																
59067052																																																																																																
59100146																																																																																																
59133484																																																																																																
59167258																																																																																																
59200517																																																																																																
59233676																																																																																																
59267107																																																																																																
59300327																																																																																																
59333721																																																																																																
59367067																																																																																																
59400398																																																																																																
59433485																																																																																																
59467161																																																																																																
59500135																																																																																																
59533469																																																																																																
59567279																																																																																																
59600131																																																																																																
59633481																																																																																																
59667101																																																																																																
59700533																																																																																																
59733735																																																																																																
59766856																																																																																																
59800669																																																																																																
59833678																																																																																																
59866808																																																																																																
59900483																																																																																																
59933477																																																																																																
59967105																																																																																																
60000157																																																																																																
60033548																																																																																																
60066980																																																																																																
60100487																																																																																																
60133769																																																																																																
60167092																																																																																																
60200518																																																																																																
60233778																																																																																																
60274842																																																																																																
60300441																																																																																																
60333819																																																																																																
60366818																																																																																																
60400370																																																																																																
60433869																																																																																																
60467113																																																																																																
60500507																																																																																																
60533840																																																																																																
60567097																																																																																																
60600167																																																																																																
60633487																																																																																																
60667121																																																																																																
60700229																																																																																																
60733551																																																																																																
60767809																																																																																																
60800449																																																																																																
60833554																																																																																																
60866820																																																																																																
60900227																																																																																																
60933770																																																																																																
60967088																																																																																																
61000486																																																																																																
61034018																																																																																																
61067072																																																																																																
61100568																																																																																																
61133693																																																																																																
61166825																																																																																																
61200319																																																																																																
61233485																																																																																																
61267025																																																																																																
61300235																																																																																																
61333910																																																																																																
61367201																																																																																																
61400367																																																																																																
61434055																																																																																																
61469979																																																																																																
61500523																																																																																																
61538331																																																																																																
61566846																																																																																																
61600413																																																																																																
61633490																																																																																																
61666991																																																																																																
61707278																																																																																																
61733833																																																																																																
61767252																																																																																																
61800598																																																																																																
61833702																																																																																																
61867083																																																																																																
61900617																																																																																																
61933696																																																																																																
61966908																																																																																																
62000245																																																																																																
62034143																																																																																																
62066817																																																																																																
62100160																																																																																																
62133847																																																																																																
62166854																																																																																																
62200162																																																																																																
62233784																																																																																																
62267136																																																																																																
62300177																																																																																																
62333838																																																																																																
62367119																																																																																																
62400167																																																																																																
62433604																																																																																																
62467185																																																																																																
62509113																																																																																																
62533803																																																																																																
62566932																																																																																																
62600344																																																																																																
62634071																																																																																																
62667176																																																																																																
62700361																																																																																																
62733732																																																																																																
62766879																																																																																																
62800488																																																																																																
62833749																																																																																																
62867105																																																																																																
62900283																																																																																																
62933876																																																																																																
62967036																																																																																																
63000563																																																																																																
63033928																																																																																																
63067092																																																																																																
63100439																																																																																																
63133837																																																																																																
63167160																																																																																																
63201891																																																																																																
63233823																																																																																																
63267184																																																																																																
63300351																																																																																																
63333859																																																																																																
63366985																																																																																																
63400378																																																																																																
63433743																																																																																																
63467106																																																																																																
63500174																																																																																																
63533501																																																																																																
63567073																																																																																																
63600171																																																																																																
63633692																																																																																																
63675275																																																																																																
63714753																																																																																																
63734931																																																																																																
63766932																																																																																																
63800553																																																																																																
63833910																																																																																																
63867198																																																																																																
63900593																																																																																																
63933627																																																																																																
63967083																																																																																																
64000253																																																																																																
64033804																																																																																																
64067099																																																																																																
64100407																																																																																																
64133818																																																																																																
64167143																																																																																																
64200475																																																																																																
64233851																																																																																																
64267176																																																																																																
64300353																																																																																																
64333513																																																																																																
64367027																																																																																																
64400435																																																																																																
64433774																																																																																																
64466906																																																																																																
64500511																																																																																																
64533570																																																																																																
64566888																																																																																																
64600177																																																																																																
64633841																																																																																																
64666849																																																																																																
64700246																																																																																																
64733597																																																																																																
64766866																																																																																																
64800180																																																																																																
64833468																																																																																																
64866918																																																																																																
64900578																																																																																																
64934057																																																																																																
64969185																																																																																																
65000422																																																																																																
65033719																																																																																																
65067118																																																																																																
65100508																																																																																																
65133542																																																																																																
65166846																																																																																																
65200197																																																																																																
65233693																																																																																																
65267184																																																																																																
65300230																																																																																																
65333820																																																																																																
65366851																																																																																																
65400442																																																																																																
65433932																																																																																																
65467066																																																																																																
65500413																																																																																																
65533567																																																																																																
65566856																																																																																																
65600520																																																																																																
65633533																																																																																																
65667228																																																																																																
65700368																																																																																																
65733550																																																																																																
65766859																																																																																																
65800259																																																																																																
65833761																																																																																																
65867062																																																																																																
65900268																																																																																																
65933775																																																																																																
65966870																																																																																																
66000261																																																																																																
66033823																																																																																																
66067167																																																																																																
66100485																																																																																																
66138803																																																																																																
66167169																																																																																																
66200445																																																																																																
66233777																																																																																																
66267584																																																																																																
66300595																																																																																																
66333507																																																																																																
66367217																																																																																																
66400506																																																																																																
66433575																																																																																																
66467112																																																																																																
66500372																																																																																																
66533573																																																																																																
66566899																																																																																																
66600544																																																																																																
66633875																																																																																																
66667007																																																																																																
66700817																																																																																																
66733773																																																																																																
66766867																																																																																																
66800478																																																																																																
66833648																																																																																																
66867143																																																																																																
66900497																																																																																																
66933552																																																																																																
66967277																																																																																																
67000690																																																																																																
67033827																																																																																																
67066953																																																																																																
67113531																																																																																																
67133750																																																																																																
67167079																																																																																																
67200568																																																																																																
67234084																																																																																																
67267262																																																																																																
67300457																																																																																																
67333853																																																																																																
67367158																																																																																																
67416809																																																																																																
67434020																																																																																																
67468164																																																																																																
67500478																																																																																																
67533566																																																																																																
67566954																																																																																																
67600201																																																																																																
67633890																																																																																																
67666878																																																																																																
67700213																																																																																																
67734172																																																																																																
67766890																																																																																																
67800211																																																																																																
67833849																																																																																																
67867270																																																																																																
67900282																																																																																																
67933541																																																																																																
67967499																																																																																																
68000307																																																																																																
68033768																																																																																																
68066953																																																																																																
68100476																																																																																																
68133732																																																																																																
68166913																																																																																																
68200296																																																																																																
68233544																																																																																																
68266918																																																																																																
68300227																																																																																																
68333544																																																																																																
68367165																																																																																																
68400225																																																																																																
68433773																																																																																																
68467159																																																																																																
68500557																																																																																																
68533867																																																																																																
68567178																																																																																																
68600345																																																																																																
68633724																																																																																																
68689856																																																																																																
68700683																																																																																																
68733998																																																																																																
68767259																																																																																																
68800599																																																																																																
68833887																																																																																																
68866956																																																																																																
68900424																																																																																																
68933563																																																																																																
68966952																																																																																																
69000493																																																																																																
69033775																																																																																																
69067285																																																																																																
69100226																																																																																																
69133550																																																																																																
69167368																																																																																																
69200245																																																																																																
69233781																																																																																																
69266888																																																																																																
69300218																																																																																																
69333556																																																																																																
69366951																																																																																																
69400226																																																																																																
69433554																																																																																																
69471084																																																																																																
69500545																																																																																																
69533560																																																																																																
69567244																																																																																																
69600434																																																																																																
69633549																																																																																																
69667250																																																																																																
69700551																																																																																																
69734045																																																																																																
69767098																																																																																																
69800407																																																																																																
69833552																																																																																																
69877444																																																																																																
69900318																																																																																																
69933556																																																																																																
69967250																																																																																																
70000345																																																																																																
70033551																																																																																																
70066959																																																																																																
70100276																																																																																																
70133551																																																																																																
70167187																																																																																																
70200229																																																																																																
70233581																																																																																																
70266909																																																																																																
70300595																																																																																																
70333554																																																																																																
70367101																																																																																																
70400503																																																																																																
70433584																																																																																																
70466894																																																																																																
70500269																																																																																																
70533763																																																																																																
70567120																																																																																																
70600515																																																																																																
70633947																																																																																																
70667305																																																																																																
70700606																																																																																																
70734024																																																																																																
70766901																																																																																																
70800228																																																																																																
70833819																																																																																																
70867010																																																																																																
70900573																																																																																																
70934075																																																																																																
70967206																																																																																																
71000625																																																																																																
71033640																																																																																																
71067203																																																																																																
71100419																																																																																																
71140747																																																																																																
71167134																																																																																																
71200303																																																																																																
71233941																																																																																																
71266925																																																																																																
71300559																																																																																																
71333865																																																																																																
71367296																																																																																																
71400361																																																																																																
71433572																																																																																																
71467276																																																																																																
71500358																																																																																																
71533609																																																																																																
71567086																																																																																																
71600492																																																																																																
71633820																																																																																																
71667195																																																																																																
71700336																																																																																																
71733637																																																																																																
71766986																																																																																																
71800312																																																																																																
71833622																																																																																																
71867284																																																																																																
71900272																																																																																																
71933593																																																																																																
71967259																																																																																																
72000308																																																																																																
72033862																																																																																																
72067015																																																																																																
72100454																																																																																																
72133576																																																																																																
72166977																																																																																																
72200821																																																																																																
72233993																																																																																																
72267541																																																																																																
72301363																																																																																																
72333773																																																																																																
72367023																																																																																																
72400743																																																																																																
72434001																																																																																																
72469176																																																																																																
72500349																																																																																																
72533671																																																																																																
72566996																																																																																																
72600543																																																																																																
72633911																																																																																																
72666933																																																																																																
72700597																																																																																																
72733587																																																																																																
72766947																																																																																																
72800437																																																																																																
72833605																																																																																																
72866944																																																																																																
72900640																																																																																																
72933636																																																																																																
72966935																																																																																																
73000577																																																																																																
73033634																																																																																																
73067256																																																																																																
73100584																																																																																																
73133944																																																																																																
73167211																																																																																																
73200510																																																																																																
73233841																																																																																																
73267236																																																																																																
73300632																																																																																																
73334095																																																																																																
73367389																																																																																																
73400759																																																																																																
73433874																																																																																																
73467031																																																																																																
73500664																																																																																																
73533943																																																																																																
73567290																																																																																																
73603806																																																																																																
73633587																																																																																																
73667327																																																																																																
73700258																																																																																																
73733591																																																																																																
73768022																																																																																																
73800650																																																																																																
73833788																																																																																																
73867345																																																																																																
73900576																																																																																																
73933962																																																																																																
73967404																																																																																																
74000547																																																																																																
74033833																																																																																																
74067243																																																																																																
74100336																																																																																																
74133903																																																																																																
74167152																																																																																																
74200564																																																																																																
74233630																																																																																																
74267238																																																																																																
74300266																																																																																																
74333806																																																																																																
74367161																																																																																																
74400587																																																																																																
74433949																																																																																																
74466995																																																																																																
74500487																																																																																																
74533599																																																																																																
74567132																																																																																																
74600894																																																																																																
74633979																																																																																																
74667270																																																																																																
74700672																																																																																																
74733644																																																																																																
74767402																																																																																																
74800606																																																																																																
74833608																																																																																																
74866932																																																																																																
74900271																																																																																																
74934006																																																																																																
74967093																																																																																																
75000263																																																																																																
75034078																																																																																																
75067253																																																																																																
75100596																																																																																																
75134126																																																																																																
75167196																																																																																																
75200266																																																																																																
75234098																																																																																																
75266985																																																																																																
75300604																																																																																																
75333999																																																																																																
75367232																																																																																																
75400567																																																																																																
75433957																																																																																																
75467284																																																																																																
75500272																																																																																																
75535683																																																																																																
75566932																																																																																																
75600647																																																																																																
75633940																																																																																																
75667300																																																																																																
75700329																																																																																																
75734009																																																																																																
75789006																																																																																																
75800797																																																																																																
75833656																																																																																																
75866973																																																																																																
75900563																																																																																																
75933918																																																																																																
75968282																																																																																																
76000643																																																																																																
76033878																																																																																																
76067293																																																																																																
76100646																																																																																																
76133648																																																																																																
76167504																																																																																																
76200589																																																																																																
76233885																																																																																																
76267434																																																																																																
76300648																																																																																																
76333994																																																																																																
76366937																																																																																																
76400597																																																																																																
76433646																																																																																																
76467278																																																																																																
76500521																																																																																																
76533943																																																																																																
76566949																																																																																																
76600483																																																																																																
76633929																																																																																																
76667475																																																																																																
76700807																																																																																																
76733648																																																																																																
76767056																																																																																																
76800810																																																																																																
76833781																																																																																																
76867258																																																																																																
76900394																																																																																																
76934212																																																																																																
76967286																																																																																																
77000510																																																																																																
77034026																																																																																																
77067236																																																																																																
77118027																																																																																																
77133958																																																																																																
77167267																																																																																																
77200567																																																																																																
77233913																																																																																																
77267245																																																																																																
77300286																																																																																																
77333667																																																																																																
77367240																																																																																																
77400591																																																																																																
77433664																																																																																																
77466960																																																																																																
77500613																																																																																																
77533889																																																																																																
77567207																																																																																																
77600557																																																																																																
77633642																																																																																																
77666948																																																																																																
77700332																																																																																																
77733673																																																																																																
77767208																																																																																																
77800336																																																																																																
77833921																																																																																																
77866989																																																																																																
77900755																																																																																																
77933921																																																																																																
77967254																																																																																																
78000299																																																																																																
78034111																																																																																																
78067335																																																																																																
78100506																																																																																																
78133626																																																																																																
78166962																																																																																																
78200382																																																																																																
78233949																																																																																																
78267405																																																																																																
78300597																																																																																																
78333813																																																																																																
78367294																																																																																																
78400637																																																																																																
78433627																																																																																																
78466959																																																																																																
78500293																																																																																																
78533915																																																																																																
78566980																																																																																																
78600458																																																																																																
78633615																																																																																																
78667029																																																																																																
78700284																																																																																																
78734003																																																																																																
78767139																																																																																																
78800363																																																																																																
78833776																																																																																																
78867154																																																																																																
78900693																																																																																																
78933740																																																																																																
78967197																																																																																																
79000319																																																																																																
79033692																																																																																																
79067019																																																																																																
79100687																																																																																																
79133991																																																																																																
79167264																																																																																																
79200452																																																																																																
79233841																																																																																																
79267521																																																																																																
79300621																																																																																																
79333930																																																																																																
79367577																																																																																																
79400330																																																																																																
79433996																																																																																																
79468170																																																																																																
79501281																																																																																																
79533793																																																																																																
79567011																																																																																																
79600553																																																																																																
79633634																																																																																																
79667162																																																																																																
79700660																																																																																																
79733954																																																																																																
79767394																																																																																																
79800555																																																																																																
79833928																																																																																																
79867231																																																																																																
79900654																																																																																																
79933939																																																																																																
79967355																																																																																																
80000577																																																																																																
80033974																																																																																																
80067301																																																																																																
80100494																																																																																																
80133806																																																																																																
80167108																																																																																																
80200534																																																																																																
80233818																																																																																																
80267305																																																																																																
80300310																																																																																																
80333934																																																																																																
80367322																																																																																																
80400571																																																																																																
80433811																																																																																																
80467051																																																																																																
80500309																																																																																																
80533711																																																																																																
80567093																																																																																																
80600338																																																																																																
80634590																																																																																																
80667337																																																																																																
80700639																																																																																																
80734061																																																																																																
80767490																																																																																																
80800821																																																																																																
80833961																																																																																																
80866975																																																																																																
80900621																																																																																																
80934088																																																																																																
80967029																																																																																																
81000373																																																																																																
81034024																																																																																																
81066981																																																																																																
81125983																																																																																																
81133897																																																																																																
81167135																																																																																																
81200484																																																																																																
81233646																																																																																																
81267643																																																																																																
81300321																																																																																																
81333750																																																																																																
81367302																																																																																																
81400305																																																																																																
81433705																																																																																																
81469686																																																																																																
81500319																																																																																																
81533700																																																																																																
81566983																																																																																																
81600509																																																																																																
81633665																																																																																																
81666997																																																																																																
81700616																																																																																																
81733983																																																																																																
81766986																																																																																																
81800321																																																																																																
81833998																																																																																																
81867032																																																																																																
81900512																																																																																																
81933994																																																																																																
81966993																																																																																																
82000740																																																																																																
82033937																																																																																																
82067301																																																																																																
82100307																																																																																																
82133950																																																																																																
82167291																																																																																																
82200896																																																																																																
82234023																																																																																																
82267300																																																																																																
82300542																																																																																																
82333735																																																																																																
82367325																																																																																																
82400353																																																																																																
82433664																																																																																																
82467021																																																																																																
82500575																																																																																																
82533863																																																																																																
82567268																																																																																																
82600334																																																																																																
82633664																																																																																																
82667011																																																																																																
82700376																																																																																																
82733667																																																																																																
82766985																																																																																																
82800344																																																																																																
82833857																																																																																																
82866990																																																																																																
82900439																																																																																																
82934001																																																																																																
82967004																																																																																																
83022999																																																																																																
83034010																																																																																																
83067365																																																																																																
83128207																																																																																																
83134018																																																																																																
83167479																																																																																																
83200573																																																																																																
83233766																																																																																																
83267191																																																																																																
83300524																																																																																																
83333641																																																																																																
83367329																																																																																																
83400583																																																																																																
83433659																																																																																																
83467006																																																																																																
83500741																																																																																																
83533872																																																																																																
83567350																																																																																																
83600380																																																																																																
83634059																																																																																																
83667007																																																																																																
83700558																																																																																																
83733990																																																																																																
83767303																																																																																																
83800364																																																																																																
83834009																																																																																																
83867298																																																																																																
83900727																																																																																																
83934085																																																																																																
83967339																																																																																																
84000657																																																																																																
84033839																																																																																																
84067283																																																																																																
84100684																																																																																																
84133663																																																																																																
84167197																																																																																																
84200704																																																																																																
84233846																																																																																																
84267035																																																																																																
84300600																																																																																																
84334049																																																																																																
84367208																																																																																																
84400667																																																																																																
84433789																																																																																																
84467010																																																																																																
84500544																																																																																																
84534190																																																																																																
84567011																																																																																																
84600725																																																																																																
84634048																																																																																																
84667041																																																																																																
84700414																																																																																																
84733875																																																																																																
84767383																																																																																																
84800748																																																																																																
84833631																																																																																																
84866983																																																																																																
84900338																																																																																																
84934028																																																																																																
84967344																																																																																																
85000336																																																																																																
85036257																																																																																																
85067320																																																																																																
85100341																																																																																																
85139244																																																																																																
85167279																																																																																																
85200501																																																																																																
85233903																																																																																																
85267285																																																																																																
85300650																																																																																																
85333804																																																																																																
85367426																																																																																																
85400485																																																																																																
85434033																																																																																																
85467060																																																																																																
85500401																																																																																																
85534001																																																																																																
85567296																																																																																																
85600725																																																																																																
85633971																																																																																																
85667382																																																																																																
85700703																																																																																																
85734000																																																																																																
85767412																																																																																																
85800358																																																																																																
85834113																																																																																																
85867261																																																																																																
85900540																																																																																																
85933948																																																																																																
85967315																																																																																																
86000621																																																																																																
86033981																																																																																																
86067440																																																																																																
86100355																																																																																																
86133876																																																																																																
86167046																																																																																																
86200379																																																																																																
86233940																																																																																																
86267015																																																																																																
86300567																																																																																																
86334049																																																																																																
86367137																																																																																																
86400636																																																																																																
86434088																																																																																																
86467021																																																																																																
86500681																																																																																																
86533730																																																																																																
86567365																																																																																																
86617997																																																																																																
86633673																																																																																																
86667415																																																																																																
86700632																																																																																																
86734246																																																																																																
86767042																																																																																																
86800736																																																																																																
86833688																																																																																																
86880382																																																																																																
86900729																																																																																																
86933688																																																																																																
86967261																																																																																																
87000397																																																																																																
87033959																																																																																																
87067304																																																																																																
87100501																																																																																																
87133895																																																																																																
87167366																																																																																																
87200369																																																																																																
87233982																																																																																																
87267325																																																																																																
87300539																																																																																																
87333855																																																																																																
87371411																																																																																																
87400682																																																																																																
87433939																																																																																																
87467029																																																																																																
87500566																																																																																																
87533914																																																																																																
87567035																																																																																																
87600386																																																																																																
87634046																																																																																																
87667383																																																																																																
87700345																																																																																																
87734037																																																																																																
87767425																																																																																																
87800624																																																																																																
87833699																																																																																																
87867270																																																																																																
87900741																																																																																																
87933971																																																																																																
87967246																																																																																																
88000725																																																																																																
88033936																																																																																																
88067331																																																																																																
88100816																																																																																																
88133703																																																																																																
88167300																																																																																																
88200419																																																																																																
88234099																																																																																																
88267066																																																																																																
88300686																																																																																																
88333754																																																																																																
88367047																																																																																																
88400429																																																																																																
88434057																																																																																																
88467155																																																																																																
88500371																																																																																																
88533876																																																																																																
88567093																																																																																																
88600643																																																																																																
88634037																																																																																																
88667348																																																																																																
88700502																																																																																																
88733702																																																																																																
88767489																																																																																																
88800417																																																																																																
88833764																																																																																																
88867279																																																																																																
88900635																																																																																																
88934044																																																																																																
88967532																																																																																																
89000940																																																																																																
89034807																																																																																																
89067632																																																																																																
89100734																																																																																																
89134205																																																																																																
89167208																																																																																																
89200501																																																																																																
89233758																																																																																																
89267267																																																																																																
89300496																																																																																																
89334082																																																																																																
89367423																																																																																																
89400418																																																																																																
89433756																																																																																																
89467049																																																																																																
89500406																																																																																																
89533718																																																																																																
89567244																																																																																																
89600384																																																																																																
89633705																																																																																																
89667641																																																																																																
89700664																																																																																																
89734112																																																																																																
89767051																																																																																																
89800446																																																																																																
89834038																																																																																																
89867382																																																																																																
89900681																																																																																																
89933999																																																																																																
89967262																																																																																																
90000817																																																																																																
90034015																																																																																																
90067386																																																																																																
90100749																																																																																																
90133889																																																																																																
90167386																																																																																																
90200774																																																																																																
90234147																																																																																																
90275811																																																																																																
90301201																																																																																																
90334135																																																																																																
90367390																																																																																																
90401979																																																																																																
90434422																																																																																																
90467397																																																																																																
90501122																																																																																																
90534069																																																																																																
90567335																																																																																																
90600429																																																																																																
90634066																																																																																																
90667057																																																																																																
90700646																																																																																																
90733722																																																																																																
90767437																																																																																																
90800731																																																																																																
90834049																																																																																																
90867366																																																																																																
90900648																																																																																																
90934021																																																																																																
90967403																																																																																																
91000663																																																																																																
91033961																																																																																																
91067468																																																																																																
91100712																																																																																																
91134090																																																																																																
91167446																																																																																																
91200833																																																																																																
91234107																																																																																																
91267282																																																																																																
91300731																																																																																																
91333748																																																																																																
91367335																																																																																																
91400429																																																																																																
91435418																																																																																																
91467305																																																																																																
91500671																																																																																																
91539182																																																																																																
91567390																																																																																																
91600818																																																																																																
91633730																																																																																																
91667066																																																																																																
91700409																																																																																																
91733706																																																																																																
91767288																																																																																																
91800439																																																																																																
91833949																																																																																																
91867113																																																																																																
91900684																																																																																																
91933946																																																																																																
91967110																																																																																																
92000846																																																																																																
92034070																																																																																																
92067036																																																																																																
92100632																																																																																																
92134381																																																																																																
92167066																																																																																																
92200418																																																																																																
92233795																																																																																																
92267069																																																																																																
92300752																																																																																																
92333731																																																																																																
92367414																																																																																																
92400689																																																																																																
92434031																																																																																																
92467070																																																																																																
92500601																																																																																																
92533992																																																																																																
92567068																																																																																																
92600520																																																																																																
92633923																																																																																																
92681039																																																																																																
92700572																																																																																																
92733982																																																																																																
92767448																																																																																																
92800726																																																																																																
92833759																																																																																																
92867145																																																																																																
92900403																																																																																																
92934251																																																																																																
92967541																																																																																																
93000403																																																																																																
93033768																																																																																																
93067291																																																																																																
93100678																																																																																																
93134189																																																																																																
93167420																																																																																																
93200401																																																																																																
93234065																																																																																																
93267503																																																																																																
93300766																																																																																																
93333739																																																																																																
93367050																																																																																																
93404138																																																																																																
93434182																																																																																																
93467374																																																																																																
93500411																																																																																																
93534091																																																																																																
93567145																																																																																																
93600738																																																																																																
93633751																																																																																																
93667250																																																																																																
93700881																																																																																																
93734292																																																																																																
93767141																																																																																																
93801012																																																																																																
93834086																																																																																																
93867420																																																																																																
93900650																																																																																																
93934126																																																																																																
93967467																																																																																																
94000814																																																																																																
94034234																																																																																																
94067384																																																																																																
94101039																																																																																																
94134048																																																																																																
94167451																																																																																																
94200678																																																																																																
94234062																																																																																																
94267283																																																																																																
94300598																																																																																																
94333772																																																																																																
94367087																																																																																																
94400426																																																																																																
94433753																																																																																																
94467121																																																																																																
94500754																																																																																																
94533758																																																																																																
94567195																																																																																																
94600418																																																																																																
94633813																																																																																																
94667090																																																																																																
94700429																																																																																																
94734176																																																																																																
94767400																																																																																																
94800452																																																																																																
94834032																																																																																																
94867523																																																																																																
94903193																																																																																																
94934205																																																																																																
94967567																																																																																																
95000788																																																																																																
95033991																																																																																																
95088543																																																																																																
95100579																																																																																																
95134073																																																																																																
95167859																																																																																																
95200824																																																																																																
95234104																																																																																																
95267538																																																																																																
95300776																																																																																																
95333902																																																																																																
95367244																																																																																																
95400433																																																																																																
95433759																																																																																																
95467095																																																																																																
95500704																																																																																																
95533774																																																																																																
95567411																																																																																																
95600796																																																																																																
95634158																																																																																																
95667123																																																																																																
95700436																																																																																																
95734193																																																																																																
95767580																																																																																																
95800431																																																																																																
95834199																																																																																																
95867125																																																																																																
95900440																																																																																																
95934124																																																																																																
95967495																																																																																																
96000429																																																																																																
96034274																																																																																																
96067525																																																																																																
96100828																																																																																																
96134111																																																																																																
96167491																																																																																																
96200784																																																																																																
96234119																																																																																																
96267339																																																																																																
96300493																																																																																																
96334140																																																																																																
96367432																																																																																																
96400579																																																																																																
96433841																																																																																																
96467109																																																																																																
96500408																																																																																																
96533809																																																																																																
96567107																																																																																																
96600846																																																																																																
96633774																																																																																																
96667152																																																																																																
96700464																																																																																																
96734127																																																																																																
96767128																																																																																																
96801062																																																																																																
96833768																																																																																																
96867101																																																																																																
96900464																																																																																																
96933767																																																																																																
96967399																																																																																																
97000464																																																																																																
97034020																																																																																																
97067105																																																																																																
97100437																																																																																																
97134113																																																																																																
97167117																																																																																																
97200479																																																																																																
97233809																																																																																																
97267109																																																																																																
97300441																																																																																																
97333780																																																																																																
97367477																																																																																																
97400699																																																																																																
97433827																																																																																																
97494949																																																																																																
97500655																																																																																																
97534130																																																																																																
97567410																																																																																																
97600812																																																																																																
97633782																																																																																																
97667151																																																																																																
97700468																																																																																																
97734157																																																																																																
97767116																																																																																																
97800456																																																																																																
97833803																																																																																																
97867355																																																																																																
97900442																																																																																																
97934078																																																																																																
97967110																																																																																																
98000444																																																																																																
98034027																																																																																																
98067090																																																																																																
98100706																																																																																																
98133865																																																																																																
98167121																																																																																																
98200440																																																																																																
98233828																																																																																																
98267702																																																																																																
98300414																																																																																																
98334190																																																																																																
98367118																																																																																																
98400418																																																																																																
98433856																																																																																																
98467210																																																																																																
98500843																																																																																																
98534243																																																																																																
98567203																																																																																																
98600828																																																																																																
98633845																																																																																																
98676220																																																																																																
98700457																																																																																																
98733995																																																																																																
98767698																																																																																																
98800832																																																																																																
98834243																																																																																																
98867399																																																																																																
98900726																																																																																																
98934138																																																																																																
98967422																																																																																																
99000464																																																																																																
99034014																																																																																																
99067466																																																																																																
99100730																																																																																																
99134078																																																																																																
99167470																																																																																																
99200898																																																																																																
99234097																																																																																																
99267128																																																																																																
99300725																																																																																																
99334062																																																																																																
99367513																																																																																																
99400924																																																																																																
99433743																																																																																																
99467117																																																																																																
99500672																																																																																																
99533793																																																																																																
99567542																																																																																																
99600748																																																																																																
99633797																																																																																																
99667286																																																																																																
99700442																																																																																																
99734113																																																																																																
99767631																																																																																																
99800720																																																																																																
99833823																																																																																																
99868140																																																																																																
99901382																																																																																																
99934095																																																																																																
99967425																																																																																																
100000734																																																																																																
100034071																																																																																																
100067524																																																																																																
100100639																																																																																																
100134003																																																																																																
100167769																																																																																																
100200670																																																																																																
100234156																																																																																																
100267536																																																																																																
100300801																																																																																																
100334106																																																																																																
100367506																																																																																																
100400636																																																																																																
100433778																																																																																																
100467139																																																																																																
100500469																																																																																																
100534169																																																																																																
100567144																																																																																																
100600473																																																																																																
100633796																																																																																																
100667410																																																																																																
100700681																																																																																																
100734163																																																																																																
100767136																																																																																																
100800731																																																																																																
100833870																																																																																																
100867133																																																																																																
100900769																																																																																																
100934305																																																																																																
100967135																																																																																																
101000876																																																																																																
101034177																																																																																																
101067486																																																																																																
101100511																																																																																																
101134097																																																																																																
101167173																																																																																																
101200861																																																																																																
101234165																																																																																																
101267486																																																																																																
101300912																																																																																																
101333999																																																																																																
101367456																																																																																																
101400481																																																																																																
101436959																																																																																																
101479160																																																																																																
101500718																																																																																																
101533812																																																																																																
101575015																																																																																																
101619898																																																																																																
101634097																																																																																																
101667678																																																																																																
101722272																																																																																																
101767274																																																																																																
101800787																																																																																																
101833870																																																																																																
101867174																																																																																																
101900868																																																																																																
101934169																																																																																																
101967513																																																																																																
102000784																																																																																																
102033807																																																																																																
102067482																																																																																																
102100470																																																																																																
102134021																																																																																																
102167412																																																																																																
102200866																																																																																																
102234108																																																																																																
102267508																																																																																																
102300847																																																																																																
102334184																																																																																																
102375920																																																																																																
102400840																																																																																																
102434066																																																																																																
102467157																																																																																																
102500698																																																																																																
102534092																																																																																																
102567443																																																																																																
102600879																																																																																																
102634220																																																																																																
102667338																																																																																																
102700696																																																																																																
102733979																																																																																																
102767304																																																																																																
102800734																																																																																																
102834105																																																																																																
102867198																																																																																																
102900744																																																																																																
102934110																																																																																																
102967477																																																																																																
103000572																																																																																																
103034130																																																																																																
103067380																																																																																																
103100780																																																																																																
103134189																																																																																																
103167401																																																																																																
103200737																																																																																																
103234191																																																																																																
103267421																																																																																																
103300753																																																																																																
103333830																																																																																																
103367447																																																																																																
103400730																																																																																																
103434174																																																																																																
103467716																																																																																																
103500772																																																																																																
103534074																																																																																																
103578153																																																																																																
103600832																																																																																																
103633800																																																																																																
103667144																																																																																																
103700516																																																																																																
103733827																																																																																																
103767132																																																																																																
103800857																																																																																																
103833845																																																																																																
103867425																																																																																																
103900862																																																																																																
103933970																																																																																																
103967402																																																																																																
104000895																																																																																																
104034141																																																																																																
104067467																																																																																																
104100752																																																																																																
104134043																																																																																																
104167242																																																																																																
104200567																																																																																																
104234050																																																																																																
104267570																																																																																																
104300868																																																																																																
104334146																																																																																																
104367368																																																																																																
104400531																																																																																																
104433857																																																																																																
104467248																																																																																																
104500770																																																																																																
104534130																																																																																																
104567171																																																																																																
104600501																																																																																																
104667258																																																																																																
104700837																																																																																																
104733854																																																																																																
104767835																																																																																																
104800792																																																																																																
104834254																																																																																																
104867471																																																																																																
104900795																																																																																																
104934150																																																																																																
104967516																																																																																																
105001027																																																																																																
105034074																																																																																																
105067541																																																																																																
105100740																																																																																																
105133833																																																																																																
105167503																																																																																																
105200895																																																																																																
105233859																																																																																																
105267273																																																																																																
105300810																																																																																																
105334248																																																																																																
105367258																																																																																																
105400623																																																																																																
105433848																																																																																																
105467545																																																																																																
105500672																																																																																																
105534179																																																																																																
105567641																																																																																																
105600519																																																																																																
105633844																																																																																																
105667206																																																																																																
105700628																																																																																																
105734035																																																																																																
105767386																																																																																																
105800703																																																																																																
105834208																																																																																																
105867550																																																																																																
105900990																																																																																																
105934128																																																																																																
105967449																																																																																																
106000892																																																																																																
106033943																																																																																																
106067289																																																																																																
106100594																																																																																																
106144772																																																																																																
106167240																																																																																																
106200584																																																																																																
106233928																																																																																																
106267219																																																																																																
106300561																																																																																																
106333882																																																																																																
106367194																																																																																																
106400549																																																																																																
106433900																																																																																																
106467190																																																																																																
106500573																																																																																																
106533886																																																																																																
106567189																																																																																																
106600522																																																																																																
106634170																																																																																																
106667244																																																																																																
106700800																																																																																																
106733856																																																																																																
106767174																																																																																																
106800980																																																																																																
106834230																																																																																																
106867367																																																																																																
106900783																																																																																																
106934282																																																																																																
106967634																																																																																																
107000912																																																																																																
107034249																																																																																																
107067767																																																																																																
107100852																																																																																																
107134231																																																																																																
107167393																																																																																																
107209437																																																																																																
107233900																																																																																																
107268215																																																																																																
107300506																																																																																																
107334212																																																																																																
107367498																																																																																																
107400823																																																																																																
107434222																																																																																																
107467195																																																																																																
107500528																																																																																																
107533865																																																																																																
107567200																																																																																																
107600535																																																																																																
107633862																																																																																																
107667183																																																																																																
107700782																																																																																																
107736266																																																																																																
107767586																																																																																																
107800536																																																																																																
107833869																																																																																																
107867753																																																																																																
107900677																																																																																																
107933922																																																																																																
107967499																																																																																																
108000821																																																																																																
108034167																																																																																																
108067528																																																																																																
108100804																																																																																																
108133856																																																																																																
108167210																																																																																																
108200796																																																																																																
108234053																																																																																																
108267475																																																																																																
108300872																																																																																																
108340529																																																																																																
108367573																																																																																																
108400822																																																																																																
108441088																																																																																																
108467455																																																																																																
108500799																																																																																																
108534127																																																																																																
108567573																																																																																																
108600588																																																																																																
108634266																																																																																																
108667199																																																																																																
108700536																																																																																																
108734072																																																																																																
108767548																																																																																																
108800859																																																																																																
108834112																																																																																																
108867704																																																																																																
108900845																																																																																																
108934162																																																																																																
108967706																																																																																																
109000879																																																																																																
109034162																																																																																																
109067627																																																																																																
109100539																																																																																																
109134097																																																																																																
109167523																																																																																																
109200549																																																																																																
109234119																																																																																																
109267597																																																																																																
109300537																																																																																																
109334246																																																																																																
109367578																																																																																																
109400856																																																																																																
109433883																																																																																																
109467255																																																																																																
109500776																																																																																																
109534168																																																																																																
109567512																																																																																																
109600998																																																																																																
109643789																																																																																																
109667387																																																																																																
109700844																																																																																																
109734243																																																																																																
109767206																																																																																																
109800988																																																																																																
109834130																																																																																																
109867204																																																																																																
109900627																																																																																																
109933893																																																																																																
109967272																																																																																																
110000947																																																																																																
110034221																																																																																																
110067492																																																																																																
110100739																																																																																																
110134169																																																																																																
110167218																																																																																																
110200571																																																																																																
110234087																																																																																																
110267215																																																																																																
110300556																																																																																																
110345183																																																																																																
110367558																																																																																																
110400890																																																																																																
110434306																																																																																																
110467222																																																																																																
110500900																																																																																																
110534039																																																																																																
110567276																																																																																																
110600574																																																																																																
110633916																																																																																																
110667671																																																																																																
110700819																																																																																																
110733917																																																																																																
110767247																																																																																																
110800803																																																																																																
110834219																																																																																																
110867293																																																																																																
110900551																																																																																																
110933889																																																																																																
110967291																																																																																																
111000546																																																																																																
111034135																																																																																																
111067223																																																																																																
111100543																																																																																																
111133885																																																																																																
111167244																																																																																																
111200868																																																																																																
111246544																																																																																																
111267508																																																																																																
111300960																																																																																																
111334228																																																																																																
111367819																																																																																																
111400729																																																																																																
111434199																																																																																																
111467378																																																																																																
111500828																																																																																																
111534165																																																																																																
111567493																																																																																																
111600854																																																																																																
111633890																																																																																																
111667314																																																																																																
111701149																																																																																																
111733925																																																																																																
111767563																																																																																																
111800929																																																																																																
111834271																																																																																																
111867483																																																																																																
111900802																																																																																																
111933948																																																																																																
111967223																																																																																																
112000897																																																																																																
112034259																																																																																																
112067650																																																																																																
112100549																																																																																																
112134106																																																																																																
112167261																																																																																																
112201182																																																																																																
112234190																																																																																																
112267598																																																																																																
112300927																																																																																																
112334236																																																																																																
112367603																																																																																																
112400821																																																																																																
112434154																																																																																																
112467617																																																																																																
112500584																																																																																																
112534307																																																																																																
112567244																																																																																																
112600619																																																																																																
112634210																																																																																																
112667226																																																																																																
112700658																																																																																																
112734490																																																																																																
112767285																																																																																																
112800856																																																																																																
112834324																																																																																																
112867320																																																																																																
112901043																																																																																																
112934017																																																																																																
112967508																																																																																																
113000689																																																																																																
113034148																																																																																																
113067529																																																																																																
113100853																																																																																																
113134064																																																																																																
113167251																																																																																																
113201504																																																																																																
113233989																																																																																																
113267557																																																																																																
113300764																																																																																																
113334468																																																																																																
113367410																																																																																																
113400869																																																																																																
113434009																																																																																																
113467238																																																																																																
113500573																																																																																																
113534276																																																																																																
113567262																																																																																																
113600561																																																																																																
113633905																																																																																																
113667640																																																																																																
113701035																																																																																																
113734497																																																																																																
113767462																																																																																																
113800955																																																																																																
113834395																																																																																																
113867590																																																																																																
113900720																																																																																																
113933982																																																																																																
113967553																																																																																																
114000609																																																																																																
114034316																																																																																																
114067515																																																																																																
114100631																																																																																																
114134259																																																																																																
114167429																																																																																																
114200922																																																																																																
114234248																																																																																																
114267525																																																																																																
114323940																																																																																																
114334297																																																																																																
114372970																																																																																																
114400945																																																																																																
114434229																																																																																																
114467582																																																																																																
114500589																																																																																																
114534232																																																																																																
114567332																																																																																																
114600918																																																																																																
114633906																																																																																																
114667260																																																																																																
114700648																																																																																																
114733950																																																																																																
114767250																																																																																																
114800575																																																																																																
114834031																																																																																																
114867368																																																																																																
114900620																																																																																																
114934512																																																																																																
114967366																																																																																																
115000950																																																																																																
115034401																																																																																																
115067561																																																																																																
115100840																																																																																																
115133925																																																																																																
115167247																																																																																																
115200583																																																																																																
115234348																																																																																																
115267250																																																																																																
115300589																																																																																																
115333955																																																																																																
115367309																																																																																																
115400590																																																																																																
115433924																																																																																																
115467282																																																																																																
115500982																																																																																																
115534253																																																																																																
115567456																																																																																																
115600978																																																																																																
115634267																																																																																																
115667647																																																																																																
115700896																																																																																																
115734250																																																																																																
115767473																																																																																																
115800615																																																																																																
115834255																																																																																																
115867411																																																																																																
115901011																																																																																																
115934177																																																																																																
115967555																																																																																																
116000588																																																																																																
116034299																																																																																																
116067666																																																																																																
116102895																																																																																																
116134332																																																																																																
116167259																																																																																																
116200591																																																																																																
116234101																																																																																																
116267559																																																																																																
116300677																																																																																																
116334049																																																																																																
116367264																																																																																																
116400964																																																																																																
116433906																																																																																																
116467628																																																																																																
116500865																																																																																																
116534228																																																																																																
116567306																																																																																																
116600604																																																																																																
116633929																																																																																																
116667291																																																																																																
116700866																																																																																																
116734214																																																																																																
116767522																																																																																																
116801937																																																																																																
116846341																																																																																																
116867566																																																																																																
116900866																																																																																																
116934228																																																																																																
116967262																																																																																																
117000640																																																																																																
117034465																																																																																																
117067593																																																																																																
117100924																																																																																																
117133934																																																																																																
117167267																																																																																																
117200970																																																																																																
117234194																																																																																																
117267515																																																																																																
117300969																																																																																																
117334294																																																																																																
117367574																																																																																																
117400849																																																																																																
117434075																																																																																																
117467265																																																																																																
117500645																																																																																																
117533932																																																																																																
117567522																																																																																																
117600737																																																																																																
117633932																																																																																																
117667277																																																																																																
117700691																																																																																																
117734052																																																																																																
117767442																																																																																																
117800696																																																																																																
117834419																																																																																																
117867307																																																																																																
117900696																																																																																																
117936612																																																																																																
117967536																																																																																																
118000644																																																																																																
118034258																																																																																																
118067661																																																																																																
118100703																																																																																																
118134231																																																																																																
118167489																																																																																																
118200639																																																																																																
118234538																																																																																																
118267488																																																																																																
118300854																																																																																																
118334196																																																																																																
118367604																																																																																																
118400804																																																																																																
118434203																																																																																																
118467530																																																																																																
118500736																																																																																																
118533945																																																																																																
118567245																																																																																																
118600744																																																																																																
118634173																																																																																																
118667596																																																																																																
118700627																																																																																																
118734318																																																																																																
118767579																																																																																																
118801073																																																																																																
118834345																																																																																																
118867674																																																																																																
118900669																																																																																																
118934186																																																																																																
118967681																																																																																																
119000830																																																																																																
119034031																																																																																																
119067638																																																																																																
119101163																																																																																																
119134269																																																																																																
119181110																																																																																																
119200975																																																																																																
119234126																																																																																																
119267559																																																																																																
119300843																																																																																																
119334216																																																																																																
119367602																																																																																																
119400964																																																																																																
119434243																																																																																																
119467566																																																																																																
119500832																																																																																																
119533953																																																																																																
119567308																																																																																																
119600780																																																																																																
119634235																																																																																																
119667309																																																																																																
119700601																																																																																																
119734410																																																																																																
119767961																																																																																																
119801056																																																																																																
119834267																																																																																																
119867808																																																																																																
119901044																																																																																																
119934010																																																																																																
119967684																																																																																																
120001058																																																																																																
120034380																																																																																																
120067714																																																																																																
120100998																																																																																																
120134391																																																																																																
120174985																																																																																																
120200799																																																																																																
120234261																																																																																																
120267594																																																																																																
120300955																																																																																																
120340513																																																																																																
120367511																																																																																																
120400759																																																																																																
120460956																																																																																																
120467650																																																																																																
120503508																																																																																																
120534298																																																																																																
120567302																																																																																																
120600623																																																																																																
120633960																																																																																																
120667290																																																																																																
120700632																																																																																																
120733966																																																																																																
120767618																																																																																																
120800953																																																																																																
120834087																																																																																																
120867453																																																																																																
120900965																																																																																																
120934176																																																																																																
120967505																																																																																																
121000943																																																																																																
121033930																																																																																																
121067411																																																																																																
121100756																																																																																																
121134326																																																																																																
121167561																																																																																																
121200655																																																																																																
121233975																																																																																																
121267479																																																																																																
121300684																																																																																																
121334281																																																																																																
121367594																																																																																																
121400879																																																																																																
121434282																																																																																																
121477357																																																																																																
121500850																																																																																																
121549578																																																																																																
121567567																																																																																																
121600925																																																																																																
121634358																																																																																																
121667900																																																																																																
121700971																																																																																																
121734225																																																																																																
121767660																																																																																																
121800891																																																																																																
121834421																																																																																																
121867326																																																																																																
121901146																																																																																																
121934116																																																																																																
121967531																																																																																																
122001108																																																																																																
122034252																																																																																																
122067664																																																																																																
122100785																																																																																																
122134196																																																																																																
122167498																																																																																																
122200684																																																																																																
122234022																																																																																																
122267341																																																																																																
122300688																																																																																																
122333982																																																																																																
122380062																																																																																																
122400987																																																																																																
122434264																																																																																																
122467605																																																																																																
122500750																																																																																																
122534373																																																																																																
122567471																																																																																																
122601044																																																																																																
122633997																																																																																																
122667332																																																																																																
122700791																																																																																																
122743787																																																																																																
122767406																																																																																																
122800841																																																																																																
122834336																																																																																																
122867983																																																																																																
122900931																																																																																																
122934033																																																																																																
122967569																																																																																																
123001004																																																																																																
123036857																																																																																																
123067357																																																																																																
123100647																																																																																																
123134203																																																																																																
123167327																																																																																																
123200650																																																																																																
123234459																																																																																																
123267320																																																																																																
123300976																																																																																																
123333992																																																																																																
123367375																																																																																																
123400987																																																																																																
123434245																																																																																																
123467397																																																																																																
123500667																																																																																																
123534376																																																																																																
123567590																																																																																																
123601008																																																																																																
123633997																																																																																																
123668210																																																																																																
123700976																																																																																																
123734009																																																																																																
123767394																																																																																																
123801007																																																																																																
123834197																																																																																																
123867355																																																																																																
123901014																																																																																																
123934008																																																																																																
123968899																																																																																																
124001077																																																																																																
124049455																																																																																																
124067757																																																																																																
124100654																																																																																																
124134311																																																																																																
124167663																																																																																																
124200650																																																																																																
124234645																																																																																																
124267349																																																																																																
124301028																																																																																																
124334334																																																																																																
124367639																																																																																																
124400837																																																																																																
124434346																																																																																																
124467680																																																																																																
124501003																																																																																																
124534257																																																																																																
124567335																																																																																																
124600977																																																																																																
124634034																																																																																																
124667349																																																																																																
124700925																																																																																																
124734290																																																																																																
124767261																																																																																																
124800631																																																																																																
124834118																																																																																																
124867287																																																																																																
124900635																																																																																																
124934469																																																																																																
124967619																																																																																																
125001034																																																																																																
125034628																																																																																																
125067485																																																																																																
125100944																																																																																																
125134974																																																																																																
125167713																																																																																																
125200717																																																																																																
125234268																																																																																																
125267626																																																																																																
125300995																																																																																																
125334214																																																																																																
125367507																																																																																																
125400767																																																																																																
125434125																																																																																																
125467377																																																																																																
125500663																																																																																																
125534431																																																																																																
125567547																																																																																																
125600673																																																																																																
125633998																																																																																																
125667702																																																																																																
125701243																																																																																																
125734392																																																																																																
125767924																																																																																																
125800674																																																																																																
125834268																																																																																																
125867633																																																																																																
125901111																																																																																																
125934335																																																																																																
125967804																																																																																																
126001058																																																																																																
126034234																																																																																																
126067623																																																																																																
126100690																																																																																																
126134370																																																																																																
126167308																																																																																																
126200669																																																																																																
126234020																																																																																																
126267351																																																																																																
126300683																																																																																																
126339446																																																																																																
126387045																																																																																																
126401460																																																																																																
126434049																																																																																																
126467557																																																																																																
126501111																																																																																																
126534005																																																																																																
126567712																																																																																																
126600992																																																																																																
126634186																																																																																																
126667637																																																																																																
126700707																																																																																																
126734300																																																																																																
126767355																																																																																																
126801062																																																																																																
126834215																																																																																																
126867424																																																																																																
126901058																																																																																																
126934016																																																																																																
126967426																																																																																																
127001009																																																																																																
127034321																																																																																																
127067794																																																																																																
127101092																																																																																																
127134017																																																																																																
127167439																																																																																																
127201013																																																																																																
127234381																																																																																																
127267606																																																																																																
127300867																																																																																																
127334296																																																																																																
127367346																																																																																																
127401024																																																																																																
127434010																																																																																																
127467365																																																																																																
127501127																																																																																																
127534295																																																																																																
127567701																																																																																																
127601044																																																																																																
127634339																																																																																																
127667648																																																																																																
127701129																																																																																																
127739708																																																																																																
127767833																																																																																																
127801264																																																																																																
127834327																																																																																																
127868309																																																																																																
127901285																																																																																																
127934355																																																																																																
127968323																																																																																																
128000920																																																																																																
128034197																																																																																																
128068119																																																																																																
128101402																																																																																																
128134306																																																																																																
128167345																																																																																																
128200698																																																																																																
128234071																																																																																																
128267643																																																																																																
128301093																																																																																																
128334057																																																																																																
128377063																																																																																																
128401019																																																																																																
128434335																																																																																																
128467678																																																																																																
128501001																																																																																																
128534015																																																																																																
128567690																																																																																																
128600954																																																																																																
128634259																																																																																																
128667348																																																																																																
128730304																																																																																																
128767699																																																																																																
128800698																																																																																																
128834424																																																																																																
128867661																																																																																																
128901110																																																																																																
128934381																																																																																																
128967543																																																																																																
129000880																																																																																																
129034318																																																																																																
129067435																																																																																																
129100921																																																																																																
129134260																																																																																																
129167391																																																																																																
129201288																																																																																																
129234051																																																																																																
129267365																																																																																																
129300824																																																																																																
129334035																																																																																																
129367370																																																																																																
129401013																																																																																																
129434270																																																																																																
129467367																																																																																																
129500756																																																																																																
129534031																																																																																																
129567378																																																																																																
129600763																																																																																																
129634034																																																																																																
129667701																																																																																																
129700723																																																																																																
129734429																																																																																																
129767375																																																																																																
129800726																																																																																																
129834068																																																																																																
129867664																																																																																																
129900968																																																																																																
129934152																																																																																																
129967334																																																																																																
130001082																																																																																																
130034318																																																																																																
130071611																																																																																																
130100957																																																																																																
130139099																																																																																																
130167603																																																																																																
130200681																																																																																																
130234084																																																																																																
130267576																																																																																																
130300702																																																																																																
130334379																																																																																																
130367382																																																																																																
130400712																																																																																																
130434327																																																																																																
130467770																																																																																																
130500910																																																																																																
130534116																																																																																																
130567378																																																																																																
130600702																																																																																																
130634325																																																																																																
130667435																																																																																																
130700735																																																																																																
130734066																																																																																																
130767620																																																																																																
130801180																																																																																																
130834390																																																																																																
130874655																																																																																																
130901056																																																																																																
130934410																																																																																																
130967680																																																																																																
131000992																																																																																																
131034403																																																																																																
131067728																																																																																																
131101453																																																																																																
131134323																																																																																																
131167744																																																																																																
131200947																																																																																																
131234087																																																																																																
131267604																																																																																																
131300804																																																																																																
131334148																																																																																																
131367363																																																																																																
131410514																																																																																																
131434333																																																																																																
131467376																																																																																																
131500927																																																																																																
131534425																																																																																																
131567566																																																																																																
131600719																																																																																																
131634404																																																																																																
131667824																																																																																																
131700720																																																																																																
131734051																																																																																																
131767709																																																																																																
131801041																																																																																																
131834235																																																																																																
131867433																																																																																																
131901182																																																																																																
131934050																																																																																																
131967648																																																																																																
132000724																																																																																																
132034099																																																																																																
132067853																																																																																																
132101127																																																																																																
132134520																																																																																																
132167768																																																																																																
132200758																																																																																																
132234265																																																																																																
132267803																																																																																																
132300726																																																																																																
132334094																																																																																																
132367700																																																																																																
132403892																																																																																																
132434668																																																																																																
132467396																																																																																																
132501068																																																																																																
132534350																																																																																																
132567397																																																																																																
132601442																																																																																																
132634066																																																																																																
132667746																																																																																																
132700734																																																																																																
132734354																																																																																																
132767522																																																																																																
132801249																																																																																																
132834062																																																																																																
132867391																																																																																																
132901155																																																																																																
132934050																																																																																																
132967377																																																																																																
133001201																																																																																																
133034481																																																																																																
133067640																																																																																																
133101100																																																																																																
133134168																																																																																																
133167619																																																																																																
133200736																																																																																																
133234424																																																																																																
133267392																																																																																																
133300738																																																																																																
133334364																																																																																																
133367751																																																																																																
133401073																																																																																																
133434473																																																																																																
133467636																																																																																																
133500995																																																																																																
133545259																																																																																																
133567675																																																																																																
133600735																																																																																																
133634068																																																																																																
133667689																																																																																																
133701094																																																																																																
133734388																																																																																																
133767400																																																																																																
133800776																																																																																																
133834062																																																																																																
133867463																																																																																																
133900733																																																																																																
133934154																																																																																																
133967473																																																																																																
134000955																																																																																																
134034517																																																																																																
134067691																																																																																																
134101053																																																																																																
134134483																																																																																																
134167724																																																																																																
134208283																																																																																																
134234459																																																																																																
134267409																																																																																																
134300738																																																																																																
134334076																																																																																																
134367639																																																																																																
134400743																																																																																																
134434410																																																																																																
134467654																																																																																																
134500738																																																																																																
134534471																																																																																																
134567770																																																																																																
134600741																																																																																																
134634170																																																																																																
134667401																																																																																																
134700752																																																																																																
134734367																																																																																																
134767689																																																																																																
134801086																																																																																																
134834424																																																																																																
134867407																																																																																																
134906361																																																																																																
134934398																																																																																																
134967717																																																																																																
135001055																																																																																																
135034238																																																																																																
135067695																																																																																																
135101018																																																																																																
135134244																																																																																																
135167468																																																																																																
135201056																																																																																																
135234116																																																																																																
135267849																																																																																																
135300752																																																																																																
135334089																																																																																																
135367621																																																																																																
135400986																																																																																																
135434419																																																																																																
135467751																																																																																																
135501019																																																																																																
135534907																																																																																																
135567738																																																																																																
135600993																																																																																																
135634086																																																																																																
135667400																																																																																																
135701125																																																																																																
135734078																																																																																																
135767662																																																																																																
135800743																																																																																																
135834582																																																																																																
135867412																																																																																																
135900745																																																																																																
135934393																																																																																																
135967699																																																																																																
136000958																																																																																																
136034190																																																																																																
136067722																																																																																																
136101150																																																																																																
136134807																																																																																																
136168091																																																																																																
136200993																																																																																																
136234456																																																																																																
136267781																																																																																																
136301060																																																																																																
136334192																																																																																																
136367728																																																																																																
136400757																																																																																																
136434362																																																																																																
136467402																																																																																																
136501126																																																																																																
136534084																																																																																																
136567395																																																																																																
136601104																																																																																																
136634082																																																																																																
136667745																																																																																																
136701037																																																																																																
136734092																																																																																																
136767828																																																																																																
136800725																																																																																																
136834372																																																																																																
136867786																																																																																																
136901050																																																																																																
136934355																																																																																																
136967692																																																																																																
137000924																																																																																																
137034503																																																																																																
137068011																																																																																																
137100988																																																																																																
137134157																																																																																																
137167901																																																																																																
137200807																																																																																																
137234264																																																																																																
137267703																																																																																																
137300920																																																																																																
137335189																																																																																																
137367700																																																																																																
137400765																																																																																																
137434160																																																																																																
137467698																																																																																																
137501087																																																																																																
137534372																																																																																																
137567594																																																																																																
137601555																																																																																																
137634421																																																																																																
137667736																																																																																																
137701061																																																																																																
137734401																																																																																																
137767760																																																																																																
137801101																																																																																																
137834410																																																																																																
137867780																																																																																																
137901224																																																																																																
137934512																																																																																																
137967969																																																																																																
138001263																																																																																																
138034272																																																																																																
138067624																																																																																																
138101142																																																																																																
138134380																																																																																																
138167696																																																																																																
138201057																																																																																																
138234184																																																																																																
138267429																																																																																																
138300771																																																																																																
138334778																																																																																																
138368000																																																																																																
138401160																																																																																																
138434925																																																																																																
138467467																																																																																																
138500896																																																																																																
138534398																																																																																																
138567590																																																																																																
138601037																																																																																																
138634467																																																																																																
138667476																																																																																																
138700796																																																																																																
138734492																																																																																																
138767476																																																																																																
138800824																																																																																																
138835274																																																																																																
138867641																																																																																																
138901202																																																																																																
138934255																																																																																																
138967698																																																																																																
139001201																																																																																																
139034274																																																																																																
139067817																																																																																																
139101299																																																																																																
139134137																																																																																																
139167889																																																																																																
139200766																																																																																																
139234125																																																																																																
139267483																																																																																																
139300811																																																																																																
139334209																																																																																																
139367619																																																																																																
139401156																																																																																																
139434143																																																																																																
139467794																																																																																																
139500830																																																																																																
139534433																																																																																																
139567933																																																																																																
139601060																																																																																																
139634535																																																																																																
139667689																																																																																																
139701081																																																																																																
139734214																																																																																																
139767474																																																																																																
139801019																																																																																																
139834160																																																																																																
139867500																																																																																																
139900873																																																																																																
139934226																																																																																																
139967771																																																																																																
140000822																																																																																																
140034522																																																																																																
140067451																																																																																																
140100895																																																																																																
140134506																																																																																																
140167501																																																																																																
140201020																																																																																																
140234340																																																																																																
140267809																																																																																																
140300999																																																																																																
140334415																																																																																																
140367743																																																																																																
140400792																																																																																																
140434486																																																																																																
140467449																																																																																																
140500805																																																																																																
140534151																																																																																																
140567790																																																																																																
140601092																																																																																																
140634463																																																																																																
140667940																																																																																																
140701243																																																																																																
140734662																																																																																																
140769337																																																																																																
140801389																																																																																																
140834900																																																																																																
140867507																																																																																																
140901846																																																																																																
140934749																																																																																																
140967805																																																																																																
141001200																																																																																																
141034813																																																																																																
141067455																																																																																																
141101162																																																																																																
141134617																																																																																																
141167729																																																																																																
141200820																																																																																																
141234152																																																																																																
141267820																																																																																																
141301026																																																																																																
141334364																																																																																																
141367747																																																																																																
141401016																																																																																																
141434132																																																																																																
141467760																																																																																																
141501067																																																																																																
141536895																																																																																																
141567814																																																																																																
141600795																																																																																																
141634510																																																																																																
141667455																																																																																																
141700797																																																																																																
141734137																																																																																																
141767815																																																																																																
141801303																																																																																																
141834411																																																																																																
141867783																																																																																																
141901215																																																																																																
141934442																																																																																																
141967800																																																																																																
142001148																																																																																																
142034456																																																																																																
142067681																																																																																																
142101110																																																																																																
142134130																																																																																																
142167829																																																																																																
142201064																																																																																																
142234625																																																																																																
142267867																																																																																																
142300771																																																																																																
142334526																																																																																																
142370547																																																																																																
142401047																																																																																																
142434161																																																																																																
142467473																																																																																																
142501960																																																																																																
142534401																																																																																																
142567475																																																																																																
142600906																																																																																																
142634464																																																																																																
142667939																																																																																																
142700855																																																																																																
142734148																																																																																																
142767731																																																																																																
142800765																																																																																																
142834122																																																																																																
142867450																																																																																																
142901106																																																																																																
142934899																																																																																																
142967568																																																																																																
143000873																																																																																																
143034182																																																																																																
143067919																																																																																																
143101467																																																																																																
143134482																																																																																																
143167509																																																																																																
143200848																																																																																																
143236081																																																																																																
143267500																																																																																																
143300993																																																																																																
143355963																																																																																																
143367821																																																																																																
143401080																																																																																																
143434331																																																																																																
143467765																																																																																																
143500819																																																																																																
143534166																																																																																																
143567478																																																																																																
143601160																																																																																																
143634422																																																																																																
143667688																																																																																																
143701142																																																																																																
143734203																																																																																																
143767485																																																																																																
143800821																																																																																																
143834372																																																																																																
143867599																																																																																																
143901219																																																																																																
143934467																																																																																																
143967978																																																																																																
144001317																																																																																																
144034232																																																																																																
144067872																																																																																																
144101101																																																																																																
144134289																																																																																																
144167796																																																																																																
144201185																																																																																																
144234150																																																																																																
144267890																																																																																																
144300811																																																																																																
144334149																																																																																																
144367518																																																																																																
144401030																																																																																																
144435248																																																																																																
144467847																																																																																																
144500879																																																																																																
144534416																																																																																																
144567795																																																																																																
144601209																																																																																																
144634405																																																																																																
144667488																																																																																																
144716336																																																																																																
144750420																																																																																																
144767751																																																																																																
144801064																																																																																																
144834494																																																																																																
144867876																																																																																																
144900827																																																																																																
144934155																																																																																																
144967938																																																																																																
145001242																																																																																																
145034416																																																																																																
145068025																																																																																																
145101178																																																																																																
145134310																																																																																																
145167958																																																																																																
145201055																																																																																																
145234377																																																																																																
145267827																																																																																																
145300853																																																																																																
145334165																																																																																																
145367495																																																																																																
145401192																																																																																																
145438090																																																																																																
145467525																																																																																																
145500832																																																																																																
145534157																																																																																																
145567707																																																																																																
145601205																																																																																																
145634505																																																																																																
145667932																																																																																																
145701133																																																																																																
145734378																																																																																																
145767660																																																																																																
145801131																																																																																																
145834172																																																																																																
145867493																																																																																																
145901242																																																																																																
145934164																																																																																																
145967677																																																																																																
146000885																																																																																																
146034248																																																																																																
146067508																																																																																																
146100851																																																																																																
146134301																																																																																																
146167614																																																																																																
146201193																																																																																																
146234173																																																																																																
146267506																																																																																																
146301265																																																																																																
146334281																																																																																																
146367805																																																																																																
146400825																																																																																																
146434365																																																																																																
146467545																																																																																																
146500842																																																																																																
146534240																																																																																																
146567855																																																																																																
146601197																																																																																																
146634512																																																																																																
146667833																																																																																																
146700846																																																																																																
146734174																																																																																																
146767510																																																																																																
146815373																																																																																																
146834512																																																																																																
146867881																																																																																																
146900892																																																																																																
146934227																																																																																																
146968077																																																																																																
147001196																																																																																																
147034368																																																																																																
147067947																																																																																																
147101155																																																																																																
147134338																																																																																																
147168033																																																																																																
147201121																																																																																																
147234433																																																																																																
147267514																																																																																																
147301165																																																																																																
147334578																																																																																																
147367830																																																																																																
147401066																																																																																																
147434389																																																																																																
147468080																																																																																																
147501038																																																																																																
147534561																																																																																																
147567840																																																																																																
147601148																																																																																																
147634483																																																																																																
147667557																																																																																																
147700868																																																																																																
147734175																																																																																																
147767536																																																																																																
147800856																																																																																																
147834185																																																																																																
147867831																																																																																																
147900883																																																																																																
147934529																																																																																																
147967798																																																																																																
148001209																																																																																																
148034527																																																																																																
148067879																																																																																																
148101146																																																																																																
148134551																																																																																																
148167512																																																																																																
148201010																																																																																																
148234191																																																																																																
148267810																																																																																																
148301557																																																																																																
148334182																																																																																																
148367746																																																																																																
148401157																																																																																																
148434188																																																																																																
148467638																																																																																																
148500980																																																																																																
148534192																																																																																																
148567566																																																																																																
148601069																																																																																																
148634209																																																																																																
148667513																																																																																																
148701144																																																																																																
148734186																																																																																																
148767531																																																																																																
148801094																																																																																																
148834415																																																																																																
148867527																																																																																																
148901085																																																																																																
148934592																																																																																																
148967560																																																																																																
149000896																																																																																																
149034235																																																																																																
149067843																																																																																																
149101079																																																																																																
149134563																																																																																																
149167893																																																																																																
149201348																																																																																																
149234580																																																																																																
149267880																																																																																																
149301181																																																																																																
149335058																																																																																																
149367526																																																																																																
149401162																																																																																																
149434538																																																																																																
149467902																																																																																																
149501665																																																																																																
149534346																																																																																																
149567520																																																																																																
149603084																																																																																																
149634486																																																																																																
149667811																																																																																																
149701195																																																																																																
149734511																																																																																																
149767722																																																																																																
149800960																																																																																																
149834583																																																																																																
149867491																																																																																																
149900907																																																																																																
149934462																																																																																																
149967563																																																																																																
150001243																																																																																																
150034526																																																																																																
150067827																																																																																																
150100973																																																																																																
150134151																																																																																																
150167500																																																																																																
150202260																																																																																																
150234410																																																																																																
150267801																																																																																																
150301111																																																																																																
150334535																																																																																																
150388221																																																																																																
150401192																																																																																																
150434340																																																																																																
150470469																																																																																																
150501057																																																																																																
150534646																																																																																																
150567670																																																																																																
150600862																																																																																																
150634224																																																																																																
150667524																																																																																																
150700854																																																																																																
150734200																																																																																																
150768159																																																																																																
150801094																																																																																																
150834587																																																																																																
150867649																																																																																																
150900882																																																																																																
150934444																																																																																																
150967814																																																																																																
151001416																																																																																																
151034195																																																																																																
151067988																																																																																																
151101312																																																																																																
151134204																																																																																																
151167925																																																																																																
151204934																																																																																																
151234809																																																																																																
151267833																																																																																																
151301186																																																																																																
151334424																																																																																																
151367898																																																																																																
151401260																																																																																																
151434515																																																																																																
151467833																																																																																																
151501135																																																																																																
151534478																																																																																																
151567817																																																																																																
151606414																																																																																																
151654468																																																																																																
151667893																																																																																																
151721650																																																																																																
151771021																																																																																																
151801188																																																																																																
151834580																																																																																																
151868071																																																																																																
151901156																																																																																																
151934510																																																																																																
151967859																																																																																																
152000883																																																																																																
152034429																																																																																																
152067909																																																																																																
152100879																																																																																																
152134598																																																																																																
152167897																																																																																																
152201067																																																																																																
152234209																																																																																																
152267863																																																																																																
152301174																																																																																																
152334247																																																																																																
152367826																																																																																																
152401076																																																																																																
152434438																																																																																																
152467812																																																																																																
152500867																																																																																																
152534551																																																																																																
152567772																																																																																																
152600878																																																																																																
152634237																																																																																																
152667892																																																																																																
152701280																																																																																																
152734242																																																																																																
152767554																																																																																																
152800936																																																																																																
152834657																																																																																																
152867556																																																																																																
152901147																																																																																																
152934619																																																																																																
152967724																																																																																																
153001082																																																																																																
153034225																																																																																																
153067579																																																																																																
153101109																																																																																																
153134293																																																																																																
153167910																																																																																																
153201058																																																																																																
153234371																																																																																																
153267559																																																																																																
153301205																																																																																																
153334903																																																																																																
153367573																																																																																																
153400884																																																																																																
153434578																																																																																																
153467567																																																																																																
153501317																																																																																																
153534575																																																																																																
153567847																																																																																																
153601092																																																																																																
153634479																																																																																																
153668530																																																																																																
153701231																																																																																																
153734638																																																																																																
153767823																																																																																																
153804790																																																																																																
153836775																																																																																																
153867768																																																																																																
153901140																																																																																																
153934418																																																																																																
153967786																																																																																																
154001262																																																																																																
154034488																																																																																																
154067916																																																																																																
154100943																																																																																																
154136180																																																																																																
154175770																																																																																																
154201103																																																																																																
154234457																																																																																																
154267563																																																																																																
154301197																																																																																																
154334528																																																																																																
154367888																																																																																																
154401205																																																																																																
154434281																																																																																																
154467858																																																																																																
154501449																																																																																																
154534549																																																																																																
154567628																																																																																																
154601105																																																																																																
154634551																																																																																																
154667602																																																																																																
154701402																																																																																																
154734565																																																																																																
154767568																																																																																																
154800905																																																																																																
154834579																																																																																																
154867563																																																																																																
154900912																																																																																																
154934314																																																																																																
154967906																																																																																																
155001290																																																																																																
155034608																																																																																																
155067818																																																																																																
155101096																																																																																																
155134638																																																																																																
155167871																																																																																																
155215819																																																																																																
155234499																																																																																																
155268159																																																																																																
155301686																																																																																																
155334578																																																																																																
155367575																																																																																																
155401277																																																																																																
155434330																																																																																																
155467577																																																																																																
155500948																																																																																																
155535624																																																																																																
155567646																																																																																																
155600987																																																																																																
155635031																																																																																																
155667663																																																																																																
155700943																																																																																																
155751041																																																																																																
155767746																																																																																																
155801429																																																																																																
155834541																																																																																																
155867877																																																																																																
155901120																																																																																																
155934384																																																																																																
155967858																																																																																																
156001247																																																																																																
156034605																																																																																																
156067783																																																																																																
156101453																																																																																																
156134567																																																																																																
156167685																																																																																																
156200988																																																																																																
156234578																																																																																																
156267610																																																																																																
156301008																																																																																																
156334293																																																																																																
156368046																																																																																																
156418605																																																																																																
156434773																																																																																																
156468013																																																																																																
156500968																																																																																																
156534995																																																																																																
156568088																																																																																																
156600944																																																																																																
156634497																																																																																																
156668001																																																																																																
156700955																																																																																																
156734295																																																																																																
156767955																																																																																																
156801320																																																																																																
156834280																																																																																																
156867654																																																																																																
156901398																																																																																																
156934776																																																																																																
156967714																																																																																																
157001237																																																																																																
157034696																																																																																																
157068063																																																																																																
157101135																																																																																																
157134459																																																																																																
157168091																																																																																																
157201488																																																																																																
157234444																																																																																																
157267902																																																																																																
157301310																																																																																																
157334561																																																																																																
157368037																																																																																																
157401303																																																																																																
157434682																																																																																																
157467588																																																																																																
157501407																																																																																																
157534773																																																																																																
157568107																																																																																																
157601528																																																																																																
157658473																																																																																																
157668200																																																																																																
157708641																																																																																																
157734923																																																																																																
157767916																																																																																																
157800977																																																																																																
157834580																																																																																																
157867945																																																																																																
157900969																																																																																																
157934356																																																																																																
157967868																																																																																																
158001297																																																																																																
158034671																																																																																																
158067767																																																																																																
158101312																																																																																																
158134689																																																																																																
158167871																																																																																																
158201346																																																																																																
158234454																																																																																																
158267949																																																																																																
158300930																																																																																																
158334332																																																																																																
158367783																																																																																																
158400950																																																																																																
158434715																																																																																																
158467601																																																																																																
158501224																																																																																																
158536194																																																																																																
158567947																																																																																																
158601020																																																																																																
158634529																																																																																																
158667592																																																																																																
158701315																																																																																																
158734597																																																																																																
158767926																																																																																																
158801341																																																																																																
158834334																																																																																																
158867835																																																																																																
158901337																																																																																																
158934704																																																																																																
158978552																																																																																																
159001287																																																																																																
159035109																																																																																																
159067985																																																																																																
159101439																																																																																																
159134805																																																																																																
159167601																																																																																																
159201402																																																																																																
159234499																																																																																																
159267597																																																																																																
159301185																																																																																																
159334416																																																																																																
159367916																																																																																																
159401341																																																																																																
159434282																																																																																																
159467608																																																																																																
159500941																																																																																																
159534281																																																																																																
159567628																																																																																																
159601317																																																																																																
159634276																																																																																																
159667860																																																																																																
159700947																																																																																																
159734351																																																																																																
159767712																																																																																																
159800942																																																																																																
159834733																																																																																																
159867812																																																																																																
159901142																																																																																																
159934749																																																																																																
159967851																																																																																																
160005179																																																																																																
160034648																																																																																																
160067987																																																																																																
160101239																																																																																																
160134217																																																																																																
160167863																																																																																																
160201370																																																																																																
160257408																																																																																																
160267824																																																																																																
160301264																																																																																																
160334652																																																																																																
160367930																																																																																																
160401204																																																																																																
160434709																																																																																																
160467836																																																																																																
160501342																																																																																																
160534618																																																																																																
160567976																																																																																																
160601147																																																																																																
160634280																																																																																																
160667608																																																																																																
160700977																																																																																																
160734283																																																																																																
160767602																																																																																																
160801354																																																																																																
160834611																																																																																																
160867688																																																																																																
160900970																																																																																																
160934288																																																																																																
160967822																																																																																																
161001387																																																																																																
161034276																																																																																																
161067953																																																																																																
161101019																																																																																																
161134565																																																																																																
161167611																																																																																																
161200954																																																																																																
161234302																																																																																																
161267713																																																																																																
161301111																																																																																																
161334671																																																																																																
161367622																																																																																																
161401449																																																																																																
161434624																																																																																																
161467891																																																																																																
161500999																																																																																																
161534553																																																																																																
161567988																																																																																																
161601174																																																																																																
161634291																																																																																																
161668152																																																																																																
161701206																																																																																																
161734561																																																																																																
161767912																																																																																																
161801261																																																																																																
161834664																																																																																																
161867992																																																																																																
161901164																																																																																																
161934428																																																																																																
161967962																																																																																																
162001291																																																																																																
162034682																																																																																																
162067911																																																																																																
162101160																																																																																																
162134678																																																																																																
162167762																																																																																																
162200967																																																																																																
162234533																																																																																																
162267856																																																																																																
162301213																																																																																																
162334369																																																																																																
162367908																																																																																																
162401258																																																																																																
162434668																																																																																																
162467877																																																																																																
162500897																																																																																																
162534308																																																																																																
162567786																																																																																																
162601096																																																																																																
162634238																																																																																																
162668031																																																																																																
162700963																																																																																																
162734301																																																																																																
162767638																																																																																																
162800955																																																																																																
162834302																																																																																																
162867651																																																																																																
162900975																																																																																																
162934308																																																																																																
162968037																																																																																																
163001272																																																																																																
163034523																																																																																																
163067857																																																																																																
163101281																																																																																																
163134540																																																																																																
163168065																																																																																																
163201355																																																																																																
163234626																																																																																																
163267968																																																																																																
163300964																																																																																																
163334804																																																																																																
163367635																																																																																																
163400964																																																																																																
163434706																																																																																																
163467940																																																																																																
163501359																																																																																																
163534676																																																																																																
163567914																																																																																																
163601300																																																																																																
163634437																																																																																																
163669481																																																																																																
163701160																																																																																																
163734675																																																																																																
163768485																																																																																																
163801218																																																																																																
163834477																																																																																																
163867744																																																																																																
163901226																																																																																																
163934674																																																																																																
163967856																																																																																																
164001143																																																																																																
164034415																																																																																																
164067902																																																																																																
164101295																																																																																																
164135041																																																																																																
164167690																																																																																																
164201101																																																																																																
164234605																																																																																																
164267966																																																																																																
164301086																																																																																																
164342438																																																																																																
164367945																																																																																																
164401186																																																																																																
164434621																																																																																																
164467885																																																																																																
164501341																																																																																																
164534569																																																																																																
164567945																																																																																																
164601174																																																																																																
164634582																																																																																																
164667620																																																																																																
164701244																																																																																																
164737520																																																																																																
164767863																																																																																																
164815158																																																																																																
164834613																																																																																																
164868232																																																																																																
164901285																																																																																																
164934645																																																																																																
164969500																																																																																																
165001193																																																																																																
165034549																																																																																																
165067979																																																																																																
165101297																																																																																																
165134564																																																																																																
165167787																																																																																																
165201249																																																																																																
165234397																																																																																																
165267959																																																																																																
165301828																																																																																																
165334376																																																																																																
165367650																																																																																																
165408175																																																																																																
165434663																																																																																																
165468266																																																																																																
165501195																																																																																																
165534366																																																																																																
165567914																																																																																																
165601225																																																																																																
165634550																																																																																																
165667849																																																																																																
165701018																																																																																																
165734357																																																																																																
165767959																																																																																																
165800995																																																																																																
165842896																																																																																																
165867970																																																																																																
165901069																																																																																																
165934356																																																																																																
165967657																																																																																																
166001075																																																																																																
166034516																																																																																																
166067969																																																																																																
166101335																																																																																																
166134765																																																																																																
166167734																																																																																																
166201386																																																																																																
166248375																																																																																																
166268855																																																																																																
166301230																																																																																																
166334322																																																																																																
166367716																																																																																																
166400988																																																																																																
166434342																																																																																																
166467655																																																																																																
166500990																																																																																																
166534900																																																																																																
166568069																																																																																																
166600990																																																																																																
166634545																																																																																																
166667935																																																																																																
166701097																																																																																																
166734741																																																																																																
166767655																																																																																																
166801001																																																																																																
166834636																																																																																																
166867704																																																																																																
166901081																																																																																																
166934324																																																																																																
166967981																																																																																																
167001074																																																																																																
167034412																																																																																																
167067878																																																																																																
167101375																																																																																																
167134424																																																																																																
167168309																																																																																																
167201070																																																																																																
167234620																																																																																																
167268014																																																																																																
167301401																																																																																																
167334717																																																																																																
167367911																																																																																																
167401209																																																																																																
167434505																																																																																																
167467666																																																																																																
167501091																																																																																																
167534336																																																																																																
167567838																																																																																																
167601369																																																																																																
167634347																																																																																																
167667673																																																																																																
167702996																																																																																																
167734721																																																																																																
167767994																																																																																																
167801268																																																																																																
167834421																																																																																																
167868040																																																																																																
167901696																																																																																																
167934626																																																																																																
167968177																																																																																																
168001255																																																																																																
168034331																																																																																																
168067984																																																																																																
168101396																																																																																																
168134739																																																																																																
168167999																																																																																																
168201578																																																																																																
168234939																																																																																																
168268070																																																																																																
168301163																																																																																																
168334387																																																																																																
168367839																																																																																																
168401013																																																																																																
168434671																																																																																																
168468001																																																																																																
168501192																																																																																																
168534717																																																																																																
168568043																																																																																																
168610613																																																																																																
168634640																																																																																																
168676164																																																																																																
168701376																																																																																																
168734584																																																																																																
168767910																																																																																																
168801259																																																																																																
168834600																																																																																																
168867674																																																																																																
168901090																																																																																																
168934373																																																																																																
168967669																																																																																																
169001423																																																																																																
169034369																																																																																																
169067690																																																																																																
169101092																																																																																																
169134483																																																																																																
169167720																																																																																																
169201187																																																																																																
169234704																																																																																																
169285993																																																																																																
169301312																																																																																																
169334777																																																																																																
169367825																																																																																																
169401357																																																																																																
169434379																																																																																																
169467682																																																																																																
169501009																																																																																																
169534357																																																																																																
169568005																																																																																																
169601019																																																																																																
169649792																																																																																																
169667991																																																																																																
169701260																																																																																																
169734641																																																																																																
169767903																																																																																																
169801351																																																																																																
169834630																																																																																																
169867702																																																																																																
169907037																																																																																																
169934702																																																																																																
169967953																																																																																																
170001303																																																																																																
170034366																																																																																																
170067984																																																																																																
170101175																																																																																																
170134681																																																																																																
170167970																																																																																																
170201025																																																																																																
170234665																																																																																																
170282180																																																																																																
170301320																																																																																																
170334660																																																																																																
170367846																																																																																																
170401320																																																																																																
170434605																																																																																																
170467702																																																																																																
170501316																																																																																																
170534360																																																																																																
170567858																																																																																																
170601025																																																																																																
170634308																																																																																																
170667892																																																																																																
170701022																																																																																																
170734354																																																																																																
170767677																																																																																																
170801041																																																																																																
170834778																																																																																																
170868616																																																																																																
170901368																																																																																																
170934887																																																																																																
170968007																																																																																																
171002807																																																																																																
171034371																																																																																																
171067908																																																																																																
171101423																																																																																																
171134687																																																																																																
171167960																																																																																																
171201365																																																																																																
171234368																																																																																																
171268028																																																																																																
171301325																																																																																																
171334540																																																																																																
171368092																																																																																																
171401363																																																																																																
171434944																																																																																																
171467701																																																																																																
171501021																																																																																																
171534720																																																																																																
171568008																																																																																																
171601232																																																																																																
171634411																																																																																																
171668118																																																																																																
171701024																																																																																																
171734767																																																																																																
171767692																																																																																																
171801030																																																																																																
171835049																																																																																																
171867962																																																																																																
171901035																																																																																																
171934695																																																																																																
171968026																																																																																																
172001230																																																																																																
172034628																																																																																																
172068017																																																																																																
172101437																																																																																																
172166338																																																																																																
172168826																																																																																																
172201343																																																																																																
172234706																																																																																																
172267967																																																																																																
172301200																																																																																																
172350109																																																																																																
172368054																																																																																																
172401223																																																																																																
172434660																																																																																																
172467998																																																																																																
172501123																																																																																																
172534445																																																																																																
172569352																																																																																																
172601469																																																																																																
172634658																																																																																																
172667921																																																																																																
172701101																																																																																																
172734876																																																																																																
172768041																																																																																																
172801068																																																																																																
172834391																																																																																																
172868438																																																																																																
172901086																																																																																																
172934721																																																																																																
172967793																																																																																																
173001025																																																																																																
173034709																																																																																																
173068159																																																																																																
173101414																																																																																																
173134846																																																																																																
173168000																																																																																																
173201680																																																																																																
173234903																																																																																																
173268436																																																																																																
173301579																																																																																																
173334487																																																																																																
173367845																																																																																																
173401138																																																																																																
173434618																																																																																																
173467694																																																																																																
173501061																																																																																																
173534384																																																																																																
173567740																																																																																																
173601293																																																																																																
173634392																																																																																																
173668066																																																																																																
173701440																																																																																																
173734377																																																																																																
173767741																																																																																																
173801055																																																																																																
173834623																																																																																																
173867746																																																																																																
173901462																																																																																																
173938836																																																																																																
173968063																																																																																																
174001732																																																																																																
174034420																																																																																																
174068127																																																																																																
174101341																																																																																																
174134609																																																																																																
174168004																																																																																																
174201090																																																																																																
174234688																																																																																																
174284809																																																																																																
174301362																																																																																																
174334783																																																																																																
174368120																																																																																																
174401406																																																																																																
174434416																																																																																																
174468091																																																																																																
174501356																																																																																																
174534399																																																																																																
174567669																																																																																																
174601236																																																																																																
174634691																																																																																																
174667967																																																																																																
174701182																																																																																																
174734756																																																																																																
174767715																																																																																																
174801343																																																																																																
174834716																																																																																																
174867752																																																																																																
174901235																																																																																																
174934698																																																																																																
174968040																																																																																																
175001406																																																																																																
175034766																																																																																																
175068100																																																																																																
175101077																																																																																																
175134675																																																																																																
175168081																																																																																																
175201511																																																																																																
175234809																																																																																																
175267750																																																																																																
175301272																																																																																																
175334740																																																																																																
175367906																																																																																																
175401011																																																																																																
175436011																																																																																																
175467731																																																																																																
175501072																																																																																																
175534861																																																																																																
175567727																																																																																																
175601075																																																																																																
175634922																																																																																																
175668067																																																																																																
175701458																																																																																																
175734401																																																																																																
175768055																																																																																																
175829012																																																																																																
175834769																																																																																																
175868142																																																																																																
175906729																																																																																																
175934776																																																																																																
175968073																																																																																																
176001299																																																																																																
176034408																																																																																																
176068083																																																																																																
176101125																																																																																																
176134458																																																																																																
176168081																																																																																																
176201069																																																																																																
176234639																																																																																																
176267729																																																																																																
176301327																																																																																																
176334665																																																																																																
176367798																																																																																																
176401084																																																																																																
176434796																																																																																																
176468033																																																																																																
176501355																																																																																																
176534739																																																																																																
176568073																																																																																																
176601094																																																																																																
176634425																																																																																																
176668114																																																																																																
176701076																																																																																																
176734408																																																																																																
176767755																																																																																																
176808815																																																																																																
176834450																																																																																																
176868132																																																																																																
176901447																																																																																																
176934379																																																																																																
176968004																																																																																																
177001475																																																																																																
177034407																																																																																																
177067753																																																																																																
177101086																																																																																																
177134632																																																																																																
177168136																																																																																																
177201081																																																																																																
177234736																																																																																																
177267747																																																																																																
177301357																																																																																																
177334441																																																																																																
177368100																																																																																																
177401133																																																																																																
177434812																																																																																																
177467994																																																																																																
177501122																																																																																																
177534628																																																																																																
177567931																																																																																																
177601413																																																																																																
177634741																																																																																																
177667748																																																																																																
177701109																																																																																																
177734434																																																																																																
177767748																																																																																																
177801560																																																																																																
177834468																																																																																																
177867959																																																																																																
177901082																																																																																																
177934432																																																																																																
177968108																																																																																																
178001082																																																																																																
178034847																																																																																																
178067761																																																																																																
178101243																																																																																																
178134427																																																																																																
178167806																																																																																																
178201313																																																																																																
178234442																																																																																																
178268010																																																																																																
178301082																																																																																																
178334537																																																																																																
178367753																																																																																																
178401240																																																																																																
178449310																																																																																																
178467908																																																																																																
178501396																																																																																																
178534818																																																																																																
178568159																																																																																																
178601393																																																																																																
178634475																																																																																																
178668009																																																																																																
178701088																																																																																																
178734424																																																																																																
178768080																																																																																																
178801088																																																																																																
178834667																																																																																																
178868073																																																																																																
178901329																																																																																																
178934580																																																																																																
178968932																																																																																																
179001066																																																																																																
179034490																																																																																																
179068464																																																																																																
179101320																																																																																																
179134543																																																																																																
179167880																																																																																																
179201280																																																																																																
179234540																																																																																																
179267801																																																																																																
179301829																																																																																																
179334732																																																																																																
179368090																																																																																																
179401631																																																																																																
179434657																																																																																																
179468088																																																																																																
179501461																																																																																																
179534432																																																																																																
179568044																																																																																																
179601558																																																																																																
179634428																																																																																																
179667778																																																																																																
179701452																																																																																																
179734691																																																																																																
179768031																																																																																																
179801569																																																																																																
179834435																																																																																																
179867795																																																																																																
179901114																																																																																																
179934482																																																																																																
179968129																																																																																																
180001099																																																																																																
180034487																																																																																																
180068060																																																																																																
180101106																																																																																																
180134772																																																																																																
180167816																																																																																																
180201328																																																																																																
180234866																																																																																																
180267998																																																																																																
180301104																																																																																																
180334807																																																																																																
180367786																																																																																																
180401100																																																																																																
180434449																																																																																																
180469378																																																																																																
180508879																																																																																																
180540944																																																																																																
180568057																																																																																																
180601285																																																																																																
180634603																																																																																																
180667778																																																																																																
180701122																																																																																																
180734700																																																																																																
180767942																																																																																																
180801203																																																																																																
180834704																																																																																																
180868100																																																																																																
180903560																																																																																																
180934707																																																																																																
180967777																																																																																																
181001384																																																																																																
181034871																																																																																																
181068142																																																																																																
181101421																																																																																																
181134965																																																																																																
181167804																																																																																																
181201319																																																																																																
181234933																																																																																																
181268603																																																																																																
181301286																																																																																																
181334447																																																																																																
181368074																																																																																																
181401460																																																																																																
181434799																																																																																																
181468123																																																																																																
181501335																																																																																																
181534666																																																																																																
181568059																																																																																																
181601333																																																																																																
181634491																																																																																																
181668116																																																																																																
181729967																																																																																																
181734874																																																																																																
181768091																																																																																																
181801464																																																																																																
181834713																																																																																																
181868138																																																																																																
181901629																																																																																																
181935034																																																																																																
181968087																																																																																																
182001385																																																																																																
182034577																																																																																																
182068159																																																																																																
182101484																																																																																																
182134876																																																																																																
182167787																																																																																																
182201330																																																																																																
182234577																																																																																																
182267811																																																																																																
182301526																																																																																																
182334865																																																																																																
182367784																																																																																																
182401175																																																																																																
182434456																																																																																																
182468057																																																																																																
182501133																																																																																																
182534453																																																																																																
182567782																																																																																																
182601461																																																																																																
182634459																																																																																																
182668142																																																																																																
182701228																																																																																																
182734452																																																																																																
182768021																																																																																																
182801135																																																																																																
182834692																																																																																																
182867816																																																																																																
182901279																																																																																																
182934681																																																																																																
182967933																																																																																																
183001116																																																																																																
183034883																																																																																																
183067975																																																																																																
183101450																																																																																																
183134896																																																																																																
183167791																																																																																																
183201127																																																																																																
183234844																																																																																																
183267787																																																																																																
183301510																																																																																																
183334468																																																																																																
183367986																																																																																																
183401134																																																																																																
183434533																																																																																																
183468089																																																																																																
183501138																																																																																																
183534968																																																																																																
183568060																																																																																																
183601484																																																																																																
183634819																																																																																																
183667857																																																																																																
183701129																																																																																																
183734462																																																																																																
183768190																																																																																																
183801129																																																																																																
183834834																																																																																																
183868417																																																																																																
183901468																																																																																																
183934467																																																																																																
183967980																																																																																																
184001396																																																																																																
184034851																																																																																																
184068099																																																																																																
184101463																																																																																																
184134740																																																																																																
184168201																																																																																																
184201474																																																																																																
184260538																																																																																																
184268220																																																																																																
184301525																																																																																																
184334465																																																																																																
184368167																																																																																																
184401181																																																																																																
184434485																																																																																																
184467845																																																																																																
184501139																																																																																																
184534717																																																																																																
184567853																																																																																																
184602045																																																																																																
184634741																																																																																																
184667820																																																																																																
184701174																																																																																																
184734849																																																																																																
184767798																																																																																																
184801141																																																																																																
184834493																																																																																																
184867900																																																																																																
184901214																																																																																																
184934686																																																																																																
184968149																																																																																																
185001502																																																																																																
185034707																																																																																																
185068361																																																																																																
185102624																																																																																																
185134515																																																																																																
185168565																																																																																																
185201287																																																																																																
185234749																																																																																																
185268183																																																																																																
185301719																																																																																																
185334814																																																																																																
185367805																																																																																																
185401196																																																																																																
185434976																																																																																																
185471072																																																																																																
185501458																																																																																																
185534861																																																																																																
185568055																																																																																																
185601485																																																																																																
185634481																																																																																																
185668174																																																																																																
185701391																																																																																																
185734678																																																																																																
185767811																																																																																																
185801156																																																																																																
185834509																																																																																																
185868038																																																																																																
185901601																																																																																																
185934777																																																																																																
185968109																																																																																																
186001536																																																																																																
186034831																																																																																																
186068146																																																																																																
186101600																																																																																																
186134864																																																																																																
186167869																																																																																																
186201525																																																																																																
186234667																																																																																																
186268160																																																																																																
186301142																																																																																																
186334699																																																																																																
186367836																																																																																																
186401465																																																																																																
186434752																																																																																																
186467823																																																																																																
186508461																																																																																																
186534789																																																																																																
186568047																																																																																																
186601465																																																																																																
186634832																																																																																																
186668210																																																																																																
186701313																																																																																																
186734540																																																																																																
186767812																																																																																																
186802799																																																																																																
186834662																																																																																																
186868011																																																																																																
186901509																																																																																																
186934785																																																																																																
186968160																																																																																																
187001589																																																																																																
187034900																																																																																																
187068141																																																																																																
187101493																																																																																																
187134563																																																																																																
187168037																																																																																																
187201328																																																																																																
187234739																																																																																																
187267858																																																																																																
187301168																																																																																																
187334697																																																																																																
187367825																																																																																																
187401468																																																																																																
187434496																																																																																																
187468109																																																																																																
187501477																																																																																																
187534682																																																																																																
187568173																																																																																																
187601455																																																																																																
187634810																																																																																																
187667850																																																																																																
187728275																																																																																																
187734842																																																																																																
187767856																																																																																																
187801244																																																																																																
187839968																																																																																																
187868093																																																																																																
187901187																																																																																																
187934793																																																																																																
187968104																																																																																																
188001172																																																																																																
188034762																																																																																																
188067835																																																																																																
188101449																																																																																																
188134749																																																																																																
188167811																																																																																																
188201442																																																																																																
188234824																																																																																																
188268038																																																																																																
188301161																																																																																																
188334497																																																																																																
188367837																																																																																																
188401151																																																																																																
188434508																																																																																																
188467828																																																																																																
188501534																																																																																																
188534667																																																																																																
188568230																																																																																																
188601366																																																																																																
188634849																																																																																																
188668121																																																																																																
188701524																																																																																																
188734952																																																																																																
188768141																																																																																																
188801169																																																																																																
188834530																																																																																																
188868178																																																																																																
188901367																																																																																																
188936352																																																																																																
188968110																																																																																																
189001593																																																																																																
189045128																																																																																																
189068355																																																																																																
189101470																																																																																																
189134728																																																																																																
189168204																																																																																																
189201362																																																																																																
189234737																																																																																																
189268192																																																																																																
189301231																																																																																																
189334573																																																																																																
189367949																																																																																																
189401268																																																																																																
189434866																																																																																																
189468209																																																																																																
189501396																																																																																																
189534658																																																																																																
189568203																																																																																																
189601360																																																																																																
189634866																																																																																																
189668106																																																																																																
189701529																																																																																																
189734537																																																																																																
189767872																																																																																																
189801292																																																																																																
189834517																																																																																																
189867845																																																																																																
189901256																																																																																																
189934898																																																																																																
189967928																																																																																																
190001496																																																																																																
190034868																																																																																																
190068188																																																																																																
190101528																																																																																																
190135214																																																																																																
190168319																																																																																																
190201850																																																																																																
190234561																																																																																																
190268161																																																																																																
190301235																																																																																																
190334520																																																																																																
190383270																																																																																																
190401475																																																																																																
190434514																																																																																																
190467917																																																																																																
190501521																																																																																																
190534531																																																																																																
190567875																																																																																																
190601789																																																																																																
190634747																																																																																																
190668175																																																																																																
190701569																																																																																																
190734950																																																																																																
190767848																																																																																																
190801933																																																																																																
190834812																																																																																																
190867852																																																																																																
190901480																																																																																																
190934799																																																																																																
190967849																																																																																																
191001659																																																																																																
191034883																																																																																																
191068221																																																																																																
191101635																																																																																																
191135002																																																																																																
191167930																																																																																																
191201889																																																																																																
191235106																																																																																																
191268471																																																																																																
191302060																																																																																																
191334843																																																																																																
191371716																																																																																																
191402277																																																																																																
191434768																																																																																																
191468776																																																																																																
191501443																																																																																																
191535384																																																																																																
191568209																																																																																																
191601469																																																																																																
191635147																																																																																																
191667860																																																																																																
191701221																																																																																																
191734797																																																																																																
191767860																																																																																																
191801420																																																																																																
191834874																																																																																																
191867928																																																																																																
191901570																																																																																																
191934707																																																																																																
191967867																																																																																																
192001495																																																																																																
192035060																																																																																																
192068424																																																																																																
192101788																																																																																																
192135224																																																																																																
192168177																																																																																																
192201602																																																																																																
192234955																																																																																																
192268295																																																																																																
192301202																																																																																																
192334572																																																																																																
192368185																																																																																																
192401248																																																																																																
192434533																																																																																																
192468193																																																																																																
192501204																																																																																																
192534569																																																																																																
192568039																																																																																																
192601547																																																																																																
192634788																																																																																																
192668418																																																																																																
192706106																																																																																																
192734748																																																																																																
192768369																																																																																																
192801197																																																																																																
192834525																																																																																																
192867939																																																																																																
192901207																																																																																																
192934856																																																																																																
192968122																																																																																																
193001230																																																																																																
193034982																																																																																																
193068211																																																																																																
193101523																																																																																																
193134868																																																																																																
193168302																																																																																																
193201234																																																																																																
193234594																																																																																																
193268355																																																																																																
193301213																																																																																																
193334544																																																																																																
193368130																																																																																																
193401213																																																																																																
193434853																																																																																																
193468081																																																																																																
193501471																																																																																																
193534531																																																																																																
193568206																																																																																																
193601212																																																																																																
193634548																																																																																																
193668266																																																																																																
193701514																																																																																																
193734652																																																																																																
193767910																																																																																																
193801552																																																																																																
193834755																																																																																																
193867913																																																																																																
193908989																																																																																																
193934807																																																																																																
193967952																																																																																																
194001441																																																																																																
194034892																																																																																																
194068311																																																																																																
194101616																																																																																																
194134738																																																																																																
194168218																																																																																																
194201512																																																																																																
194234778																																																																																																
194268183																																																																																																
194301485																																																																																																
194334754																																																																																																
194367914																																																																																																
194401552																																																																																																
194434597																																																																																																
194467928																																																																																																
194501563																																																																																																
194534792																																																																																																
194568097																																																																																																
194601458																																																																																																
194634919																																																																																																
194668211																																																																																																
194701555																																																																																																
194734898																																																																																																
194767920																																																																																																
194801213																																																																																																
194834853																																																																																																
194868235																																																																																																
194901242																																																																																																
194934573																																																																																																
194967883																																																																																																
195001298																																																																																																
195036032																																																																																																
195068320																																																																																																
195101395																																																																																																
195134858																																																																																																
195168297																																																																																																
195201520																																																																																																
195234554																																																																																																
195267909																																																																																																
195301206																																																																																																
195335396																																																																																																
195368447																																																																																																
195401568																																																																																																
195434556																																																																																																
195467896																																																																																																
195501587																																																																																																
195534594																																																																																																
195568076																																																																																																
195601227																																																																																																
195634955																																																																																																
195668225																																																																																																
195701537																																																																																																
195734932																																																																																																
195767937																																																																																																
195801393																																																																																																
195834553																																																																																																
195868251																																																																																																
195901440																																																																																																
195935029																																																																																																
195968220																																																																																																
196001467																																																																																																
196034869																																																																																																
196068079																																																																																																
196101634																																																																																																
196134919																																																																																																
196168005																																																																																																
196201574																																																																																																
196236287																																																																																																
196284029																																																																																																
196301644																																																																																																
196335131																																																																																																
196368296																																																																																																
196401716																																																																																																
196434565																																																																																																
196468242																																																																																																
196501312																																																																																																
196534529																																																																																																
196568522																																																																																																
196601224																																																																																																
196634768																																																																																																
196667953																																																																																																
196714442																																																																																																
196734794																																																																																																
196767902																																																																																																
196801375																																																																																																
196834908																																																																																																
196867894																																																																																																
196901262																																																																																																
196934874																																																																																																
196968140																																																																																																
197001252																																																																																																
197034878																																																																																																
197068253																																																																																																
197101782																																																																																																
197134848																																																																																																
197168217																																																																																																
197206123																																																																																																
197234918																																																																																																
197268148																																																																																																
197301991																																																																																																
197334947																																																																																																
197368211																																																																																																
197401423																																																																																																
197434865																																																																																																
197468370																																																																																																
197501521																																																																																																
197534787																																																																																																
197568194																																																																																																
197601213																																																																																																
197634804																																																																																																
197668112																																																																																																
197701544																																																																																																
197734511																																																																																																
197767902																																																																																																
197801228																																																																																																
197834891																																																																																																
197867929																																																																																																
197901358																																																																																																
197934664																																																																																																
197968234																																																																																																
198001298																																																																																																
198035509																																																																																																
198067868																																																																																																
198101294																																																																																																
198134778																																																																																																
198168242																																																																																																
198201675																																																																																																
198234639																																																																																																
198267911																																																																																																
198301239																																																																																																
198334585																																																																																																
198367910																																																																																																
198401253																																																																																																
198434951																																																																																																
198468299																																																																																																
198501543																																																																																																
198534623																																																																																																
198567937																																																																																																
198626623																																																																																																
198634807																																																																																																
198668274																																																																																																
198701246																																																																																																
198734835																																																																																																
198768122																																																																																																
198801849																																																																																																
198834933																																																																																																
198868216																																																																																																
198904716																																																																																																
198935065																																																																																																
198968244																																																																																																
199001530																																																																																																
199034978																																																																																																
199068273																																																																																																
199101642																																																																																																
199134907																																																																																																
199168289																																																																																																
199205298																																																																																																
199234979																																																																																																
199268269																																																																																																
199301535																																																																																																
199334580																																																																																																
199367928																																																																																																
199401348																																																																																																
199434582																																																																																																
199467941																																																																																																
199501556																																																																																																
199534594																																																																																																
199568008																																																																																																
199601592																																																																																																
199634954																																																																																																
199668155																																																																																																
199701261																																																																																																
199734595																																																																																																
199768120																																																																																																
199830001																																																																																																
199834885																																																																																																
199892582																																																																																																
199901568																																																																																																
199934918																																																																																																
199967977																																																																																																
200001232																																																																																																
200034630																																																																																																
200067891																																																																																																
200101596																																																																																																
200134871																																																																																																
200168427																																																																																																
200206071																																																																																																
200235086																																																																																																
200268004																																																																																																
200301527																																																																																																
200334790																																																																																																
200367941																																																																																																
200401261																																																																																																
200434904																																																																																																
200471704																																																																																																
200501514																																																																																																
200534944																																																																																																
200576960																																																																																																
200615330																																																																																																
200634858																																																																																																
200668320																																																																																																
200701504																																																																																																
200734840																																																																																																
200768204																																																																																																
200801657																																																																																																
200834887																																																																																																
200868206																																																																																																
200901642																																																																																																
200934902																																																																																																
200968161																																																																																																
201007391																																																																																																
201036871																																																																																																
201068258																																																																																																
201101264																																																																																																
201134677																																																																																																
201167985																																																																																																
201201281																																																																																																
201234893																																																																																																
201268076																																																																																																
201301533																																																																																																
201334983																																																																																																
201367935																																																																																																
201401245																																																																																																
201434613																																																																																																
201467941																																																																																																
201501282																																																																																																
201535574																																																																																																
201568556																																																																																																
201609657																																																																																																
201634890																																																																																																
201668079																																																																																																
201701486																																																																																																
201734768																																																																																																
201769509																																																																																																
201801575																																																																																																
201834860																																																																																																
201867936																																																																																																
201901715																																																																																																
201934823																																																																																																
201968096																																																																																																
202001893																																																																																																
202034766																																																																																																
202068300																																																																																																
202101525																																																																																																
202134902																																																																																																
202168172																																																																																																
202201604																																																																																																
202235923																																																																																																
202267942																																																																																																
202301227																																																																																																
202334614																																																																																																
202368001																																																																																																
202401233																																																																																																
202434606																																																																																																
202468240																																																																																																
202501314																																																																																																
202535078																																																																																																
202568410																																																																																																
202602228																																																																																																
202634812																																																																																																
202671392																																																																																																
202703780																																																																																																
202734931																																																																																																
202768241																																																																																																
202801915																																																																																																
202834616																																																																																																
202867949																																																																																																
202901286																																																																																																
202934590																																																																																																
202967981																																																																																																
203001282																																																																																																
203034987																																																																																																
203067945																																																																																																
203101659																																																																																																
203134614																																																																																																
203167920																																																																																																
203201258																																																																																																
203234663																																																																																																
203268130																																																																																																
203301480																																																																																																
203334896																																																																																																
203368172																																																																																																
203401520																																																																																																
203434983																																																																																																
203468277																																																																																																
203501722																																																																																																
203534890																																																																																																
203568327																																																																																																
203601291																																																																																																
203634633																																																																																																
203668319																																																																																																
203701333																																																																																																
203734895																																																																																																
203768287																																																																																																
203801630																																																																																																
203849275																																																																																																
203868289																																																																																																
203901364																																																																																																
203935005																																																																																																
203968287																																																																																																
204001675																																																																																																
204034915																																																																																																
204068237																																																																																																
204101701																																																																																																
204135107																																																																																																
204168469																																																																																																
204201423																																																																																																
204234712																																																																																																
204268419																																																																																																
204301371																																																																																																
204335017																																																																																																
204369914																																																																																																
204401482																																																																																																
204436150																																																																																																
204468702																																																																																																
204501472																																																																																																
204535014																																																																																																
204568190																																																																																																
204601694																																																																																																
204634979																																																																																																
204667964																																																																																																
204701772																																																																																																
204734942																																																																																																
204768262																																																																																																
204801298																																																																																																
204834761																																																																																																
204868309																																																																																																
204901576																																																																																																
204934835																																																																																																
204968208																																																																																																
205001579																																																																																																
205034840																																																																																																
205068326																																																																																																
205101703																																																																																																
205135045																																																																																																
205168271																																																																																																
205201728																																																																																																
205234992																																																																																																
205268006																																																																																																
205301402																																																																																																
205335007																																																																																																
205367964																																																																																																
205401321																																																																																																
205434646																																																																																																
205467987																																																																																																
205501336																																																																																																
205534640																																																																																																
205567987																																																																																																
205601605																																																																																																
205635081																																																																																																
205668222																																																																																																
205701590																																																																																																
205734782																																																																																																
205768016																																																																																																
205801631																																																																																																
205834827																																																																																																
205867977																																																																																																
205901561																																																																																																
205935057																																																																																																
205968383																																																																																																
206001573																																																																																																
206034899																																																																																																
206068040																																																																																																
206101819																																																																																																
206135127																																																																																																
206168188																																																																																																
206201531																																																																																																
206234741																																																																																																
206273375																																																																																																
206301424																																																																																																
206334885																																																																																																
206367996																																																																																																
206401620																																																																																																
206434943																																																																																																
206468320																																																																																																
206501323																																																																																																
206534682																																																																																																
206568368																																																																																																
206601751																																																																																																
206635247																																																																																																
206668100																																																																																																
206701350																																																																																																
206734701																																																																																																
206768394																																																																																																
206801380																																																																																																
206835040																																																																																																
206868263																																																																																																
206901390																																																																																																
206934929																																																																																																
206968011																																																																																																
207001380																																																																																																
207034712																																																																																																
207068379																																																																																																
207101920																																																																																																
207134685																																																																																																
207168005																																																																																																
207201409																																																																																																
207234653																																																																																																
207268015																																																																																																
207301725																																																																																																
207334956																																																																																																
207377084																																																																																																
207401835																																																																																																
207438148																																																																																																
207468308																																																																																																
207501597																																																																																																
207534963																																																																																																
207568333																																																																																																
207601361																																																																																																
207634990																																																																																																
207667990																																																																																																
207701565																																																																																																
207735341																																																																																																
207767960																																																																																																
207801440																																																																																																
207834676																																																																																																
207868033																																																																																																
207901457																																																																																																
207935122																																																																																																
207968344																																																																																																
208001550																																																																																																
208034916																																																																																																
208068019																																																																																																
208101554																																																																																																
208134986																																																																																																
208168355																																																																																																
208201363																																																																																																
208234860																																																																																																
208268362																																																																																																
208302264																																																																																																
208334952																																																																																																
208368328																																																																																																
208401651																																																																																																
208435046																																																																																																
208468284																																																																																																
208501345																																																																																																
208534995																																																																																																
208568403																																																																																																
208601790																																																																																																
208635051																																																																																																
208669206																																																																																																
208701490																																																																																																
208734999																																																																																																
208768359																																																																																																
208801502																																																																																																
208834987																																																																																																
208875824																																																																																																
208901703																																																																																																
208934924																																																																																																
208968321																																																																																																
209001516																																																																																																
209035031																																																																																																
209068031																																																																																																
209104004																																																																																																
209134954																																																																																																
209168033																																																																																																
209201844																																																																																																
209234667																																																																																																
209268388																																																																																																
209301330																																																																																																
209335047																																																																																																
209367996																																																																																																
209401332																																																																																																
209434949																																																																																																
209468419																																																																																																
209501653																																																																																																
209534908																																																																																																
209568411																																																																																																
209601404																																																																																																
209634994																																																																																																
209668187																																																																																																
209701636																																																																																																
209735006																																																																																																
209768443																																																																																																
209801623																																																																																																
209834937																																																																																																
209868290																																																																																																
209901593																																																																																																
209935013																																																																																																
209968235																																																																																																
210017299																																																																																																
210034871																																																																																																
210068351																																																																																																
210101418																																																																																																
210134996																																																																																																
210168433																																																																																																
210201582																																																																																																
210234987																																																																																																
210268759																																																																																																
210301371																																																																																																
210335003																																																																																																
210368004																																																																																																
210401340																																																																																																
210434669																																																																																																
210468126																																																																																																
210501568																																																																																																
210534672																																																																																																
210568304																																																																																																
210601699																																																																																																
210634676																																																																																																
210668357																																																																																																
210701542																																																																																																
210734680																																																																																																
210767992																																																																																																
210801724																																																																																																
210835050																																																																																																
210869451																																																																																																
210901646																																																																																																
210934873																																																																																																
210968360																																																																																																
211001672																																																																																																
211034758																																																																																																
211068255																																																																																																
211101674																																																																																																
211134944																																																																																																
211168305																																																																																																
211201949																																																																																																
211235049																																																																																																
211268538																																																																																																
211301687																																																																																																
211334850																																																																																																
211368804																																																																																																
211401556																																																																																																
211434823																																																																																																
211468331																																																																																																
211501728																																																																																																
211535023																																																																																																
211568276																																																																																																
211601403																																																																																																
211634909																																																																																																
211668018																																																																																																
211701551																																																																																																
211763419																																																																																																
211770033																																																																																																
211801558																																																																																																
211834697																																																																																																
211868206																																																																																																
211901368																																																																																																
211934838																																																																																																
211968031																																																																																																
212001357																																																																																																
212034937																																																																																																
212068070																																																																																																
212101918																																																																																																
212134923																																																																																																
212168178																																																																																																
212201742																																																																																																
212235033																																																																																																
212268350																																																																																																
212301712																																																																																																
212334928																																																																																																
212368295																																																																																																
212401673																																																																																																
212445117																																																																																																
212468467																																																																																																
212501749																																																																																																
212535015																																																																																																
212568364																																																																																																
212601775																																																																																																
212634694																																																																																																
212668363																																																																																																
212701666																																																																																																
212735056																																																																																																
212768072																																																																																																
212801577																																																																																																
212839893																																																																																																
212868009																																																																																																
212901366																																																																																																
212934695																																																																																																
212968385																																																																																																
213001366																																																																																																
213034937																																																																																																
213068365																																																																																																
213101955																																																																																																
213134733																																																																																																
213168475																																																																																																
213201764																																																																																																
213235004																																																																																																
213268045																																																																																																
213301397																																																																																																
213334751																																																																																																
213368033																																																																																																
213401366																																																																																																
213434908																																																																																																
213498670																																																																																																
213501684																																																																																																
213548425																																																																																																
213568326																																																																																																
213601678																																																																																																
213635019																																																																																																
213668017																																																																																																
213701578																																																																																																
213734925																																																																																																
213768065																																																																																																
213801374																																																																																																
213834704																																																																																																
213868739																																																																																																
213901615																																																																																																
213935001																																																																																																
213968396																																																																																																
214001365																																																																																																
214034735																																																																																																
214068143																																																																																																
214101607																																																																																																
214135120																																																																																																
214168153																																																																																																
214201673																																																																																																
214235136																																																																																																
214268536																																																																																																
214301693																																																																																																
214334908																																																																																																
214368367																																																																																																
214401615																																																																																																
214435090																																																																																																
214468235																																																																																																
214501612																																																																																																
214535019																																																																																																
214568448																																																																																																
214601790																																																																																																
214634714																																																																																																
214668063																																																																																																
214701635																																																																																																
214736410																																																																																																
214768336																																																																																																
214801347																																																																																																
214835150																																																																																																
214885475																																																																																																
214901772																																																																																																
214934995																																																																																																
214968283																																																																																																
215001576																																																																																																
215034789																																																																																																
215068069																																																																																																
215101406																																																																																																
215134827																																																																																																
215168809																																																																																																
215201429																																																																																																
215234825																																																																																																
215268198																																																																																																
215301772																																																																																																
215335091																																																																																																
215368402																																																																																																
215401433																																																																																																
215435059																																																																																																
215468390																																																																																																
215501725																																																																																																
215535072																																																																																																
215568534																																																																																																
215601381																																																																																																
215634758																																																																																																
215668406																																																																																																
215702110																																																																																																
215734854																																																																																																
215768054																																																																																																
215801379																																																																																																
215834883																																																																																																
215868046																																																																																																
215901403																																																																																																
215935065																																																																																																
215975420																																																																																																
216001688																																																																																																
216035075																																																																																																
216068380																																																																																																
216101920																																																																																																
216134721																																																																																																
216168587																																																																																																
216201394																																																																																																
216234798																																																																																																
216268142																																																																																																
216301670																																																																																																
216335132																																																																																																
216368231																																																																																																
216401425																																																																																																
216434930																																																																																																
216468256																																																																																																
216501419																																																																																																
216535110																																																																																																
216568066																																																																																																
216601712																																																																																																
216635102																																																																																																
216668064																																																																																																
216701631																																																																																																
216734858																																																																																																
216768061																																																																																																
216801396																																																																																																
216835038																																																																																																
216868307																																																																																																
216901395																																																																																																
216934840																																																																																																
216968178																																																																																																
217001509																																																																																																
217035083																																																																																																
217068173																																																																																																
217101531																																																																																																
217134875																																																																																																
217168087																																																																																																
217201799																																																																																																
217235080																																																																																																
217268453																																																																																																
217301770																																																																																																
217349789																																																																																																
217368246																																																																																																
217401735																																																																																																
217434738																																																																																																
217468073																																																																																																
217501397																																																																																																
217534736																																																																																																
217568380																																																																																																
217601710																																																																																																
217634849																																																																																																
217668093																																																																																																
217701645																																																																																																
217735107																																																																																																
217768078																																																																																																
217801434																																																																																																
217834744																																																																																																
217868602																																																																																																
217901796																																																																																																
217935090																																																																																																
217968455																																																																																																
218001795																																																																																																
218035069																																																																																																
218069084																																																																																																
218101457																																																																																																
218135032																																																																																																
218168418																																																																																																
218201594																																																																																																
218235151																																																																																																
218268513																																																																																																
218301662																																																																																																
218335177																																																																																																
218368421																																																																																																
218406885																																																																																																
218435182																																																																																																
218468087																																																																																																
218501559																																																																																																
218535347																																																																																																
218568438																																																																																																
218601773																																																																																																
218634985																																																																																																
218668495																																																																																																
218701773																																																																																																
218735077																																																																																																
218768075																																																																																																
218801420																																																																																																
218834920																																																																																																
218868398																																																																																																
218901405																																																																																																
218934917																																																																																																
218968113																																																																																																
219001526																																																																																																
219034915																																																																																																
219068152																																																																																																
219101736																																																																																																
219134919																																																																																																
219168078																																																																																																
219201695																																																																																																
219234956																																																																																																
219268281																																																																																																
219301798																																																																																																
219335045																																																																																																
219368417																																																																																																
219401678																																																																																																
219434938																																																																																																
219468439																																																																																																
219501598																																																																																																
219534936																																																																																																
219568237																																																																																																
219601887																																																																																																
219648200																																																																																																
219668461																																																																																																
219701666																																																																																																
219735063																																																																																																
219768124																																																																																																
219801622																																																																																																
219835063																																																																																																
219868512																																																																																																
219901412																																																																																																
219935024																																																																																																
219968353																																																																																																
220001417																																																																																																
220034758																																																																																																
220068173																																																																																																
220101767																																																																																																
220135003																																																																																																
220168400																																																																																																
220201627																																																																																																
220235015																																																																																																
220268178																																																																																																
220301662																																																																																																
220335150																																																																																																
220368520																																																																																																
220401601																																																																																																
220434757																																																																																																
220468083																																																																																																
220501417																																																																																																
220534751																																																																																																
220568429																																																																																																
220601498																																																																																																
220634937																																																																																																
220668090																																																																																																
220701520																																																																																																
220734768																																																																																																
220768450																																																																																																
220801424																																																																																																
220834785																																																																																																
220869649																																																																																																
220901643																																																																																																
220935140																																																																																																
220968389																																																																																																
221001703																																																																																																
221035097																																																																																																
221068339																																																																																																
221101777																																																																																																
221135083																																																																																																
221168313																																																																																																
221201584																																																																																																
221235124																																																																																																
221268381																																																																																																
221301742																																																																																																
221335200																																																																																																
221368286																																																																																																
221401465																																																																																																
221434809																																																																																																
221468127																																																																																																
221501431																																																																																																
221535102																																																																																																
221568102																																																																																																
221601470																																																																																																
221635042																																																																																																
221677416																																																																																																
221701772																																																																																																
221748853																																																																																																
221768115																																																																																																
221801679																																																																																																
221834780																																																																																																
221868333																																																																																																
221901646																																																																																																
221935151																																																																																																
221968485																																																																																																
222001529																																																																																																
222035108																																																																																																
222068106																																																																																																
222101755																																																																																																
222134940																																																																																																
222174392																																																																																																
222201694																																																																																																
222235123																																																																																																
222268108																																																																																																
222301891																																																																																																
222335146																																																																																																
222368467																																																																																																
222401788																																																																																																
222434823																																																																																																
222468485																																																																																																
222501441																																																																																																
222535072																																																																																																
222568158																																																																																																
222601434																																																																																																
222634818																																																																																																
222668383																																																																																																
222701715																																																																																																
222735161																																																																																																
222768365																																																																																																
222801500																																																																																																
222834845																																																																																																
222868524																																																																																																
222901742																																																																																																
222934769																																																																																																
222968528																																																																																																
223001914																																																																																																
223034771																																																																																																
223068114																																																																																																
223101480																																																																																																
223135165																																																																																																
223168305																																																																																																
223201496																																																																																																
223235281																																																																																																
223268119																																																																																																
223301596																																																																																																
223334898																																																																																																
223368442																																																																																																
223401724																																																																																																
223435181																																																																																																
223468211																																																																																																
223502003																																																																																																
223534781																																																																																																
223568342																																																																																																
223601813																																																																																																
223635106																																																																																																
223668224																																																																																																
223702091																																																																																																
223735198																																																																																																
223768553																																																																																																
223801814																																																																																																
223834919																																																																																																
223868170																																																																																																
223901565																																																																																																
223935049																																																																																																
223968109																																																																																																
224001766																																																																																																
224035176																																																																																																
224068107																																																																																																
224101881																																																																																																
224135002																																																																																																
224168278																																																																																																
224201916																																																																																																
224234837																																																																																																
224268157																																																																																																
224301460																																																																																																
224334796																																																																																																
224368542																																																																																																
224401537																																																																																																
224434816																																																																																																
224468402																																																																																																
224501855																																																																																																
224534792																																																																																																
224568130																																																																																																
224601745																																																																																																
224634911																																																																																																
224668487																																																																																																
224710908																																																																																																
224742209																																																																																																
224779971																																																																																																
224801751																																																																																																
224835730																																																																																																
224868485																																																																																																
224902027																																																																																																
224934802																																																																																																
224968748																																																																																																
225001491																																																																																																
225034840																																																																																																
225068121																																																																																																
225101653																																																																																																
225135076																																																																																																
225168312																																																																																																
225201803																																																																																																
225235286																																																																																																
225268278																																																																																																
225301752																																																																																																
225335019																																																																																																
225368116																																																																																																
225406744																																																																																																
225435072																																																																																																
225468419																																																																																																
225501467																																																																																																
225534790																																																																																																
225568260																																																																																																
225601462																																																																																																
225634817																																																																																																
225668423																																																																																																
225701848																																																																																																
225735170																																																																																																
225768903																																																																																																
225801498																																																																																																
225835101																																																																																																
225883022																																																																																																
225903331																																																																																																
225935558																																																																																																
225968120																																																																																																
226001686																																																																																																
226045719																																																																																																
226068402																																																																																																
226101756																																																																																																
226134984																																																																																																
226168431																																																																																																
226201661																																																																																																
226234841																																																																																																
226268539																																																																																																
226301693																																																																																																
226336927																																																																																																
226368336																																																																																																
226401874																																																																																																
226435404																																																																																																
226468371																																																																																																
226501665																																																																																																
226534823																																																																																																
226568211																																																																																																
226601598																																																																																																
226634809																																																																																																
226668141																																																																																																
226701776																																																																																																
226734800																																																																																																
226768531																																																																																																
226801831																																																																																																
226834804																																																																																																
226868666																																																																																																
226901980																																																																																																
226935033																																																																																																
226968441																																																																																																
227001531																																																																																																
227034815																																																																																																
227068167																																																																																																
227101843																																																																																																
227135156																																																																																																
227168294																																																																																																
227201840																																																																																																
227235104																																																																																																
227268180																																																																																																
227301549																																																																																																
227335012																																																																																																
227368139																																																																																																
227401995																																																																																																
227435180																																																																																																
227468346																																																																																																
227501779																																																																																																
227535044																																																																																																
227568171																																																																																																
227601468																																																																																																
227638484																																																																																																
227668500																																																																																																
227701834																																																																																																
227735436																																																																																																
227768534																																																																																																
227801809																																																																																																
227834846																																																																																																
227868169																																																																																																
227901487																																																																																																
227934821																																																																																																
227968251																																																																																																
228001603																																																																																																
228035394																																																																																																
228068230																																																																																																
228101943																																																																																																
228135461																																																																																																
228168471																																																																																																
228202137																																																																																																
228235055																																																																																																
228268698																																																																																																
228301824																																																																																																
228335003																																																																																																
228368635																																																																																																
228401661																																																																																																
228435158																																																																																																
228468375																																																																																																
228501795																																																																																																
228535168																																																																																																
228568217																																																																																																
228601690																																																																																																
228634833																																																																																																
228668515																																																																																																
228701603																																																																																																
228734823																																																																																																
228768218																																																																																																
228801494																																																																																																
228835168																																																																																																
228868162																																																																																																
228901766																																																																																																
228935058																																																																																																
228968164																																																																																																
229001538																																																																																																
229035387																																																																																																
229068220																																																																																																
229101486																																																																																																
229134821																																																																																																
229168234																																																																																																
229201724																																																																																																
229235009																																																																																																
229268219																																																																																																
229301661																																																																																																
229334826																																																																																																
229368430																																																																																																
229401573																																																																																																
229435145																																																																																																
229468167																																																																																																
229501984																																																																																																
229534822																																																																																																
229578082																																																																																																
229601721																																																																																																
229641221																																																																																																
229668756																																																																																																
229701889																																																																																																
229734846																																																																																																
229768555																																																																																																
229801664																																																																																																
229835230																																																																																																
229868162																																																																																																
229901702																																																																																																
229934922																																																																																																
229968164																																																																																																
230001498																																																																																																
230035196																																																																																																
230072735																																																																																																
230101848																																																																																																
230134834																																																																																																
230168575																																																																																																
230201509																																																																																																
230234828																																																																																																
230268584																																																																																																
230301834																																																																																																
230335051																																																																																																
230368228																																																																																																
230401892																																																																																																
230434831																																																																																																
230468173																																																																																																
230501675																																																																																																
230535253																																																																																																
230568173																																																																																																
230601963																																																																																																
230635116																																																																																																
230668175																																																																																																
230701773																																																																																																
230735139																																																																																																
230768201																																																																																																
230801556																																																																																																
230834867																																																																																																
230868342																																																																																																
230903867																																																																																																
230935182																																																																																																
230968441																																																																																																
231001513																																																																																																
231035171																																																																																																
231068494																																																																																																
231101778																																																																																																
231134917																																																																																																
231168282																																																																																																
231201476																																																																																																
231234899																																																																																																
231268311																																																																																																
231301507																																																																																																
231334974																																																																																																
231368561																																																																																																
231401800																																																																																																
231435192																																																																																																
231468193																																																																																																
231502173																																																																																																
231535163																																																																																																
231568391																																																																																																
231601519																																																																																																
231634848																																																																																																
231668177																																																																																																
231701514																																																																																																
231734839																																																																																																
231768502																																																																																																
231801517																																																																																																
231835166																																																																																																
231868507																																																																																																
231901879																																																																																																
231934910																																																																																																
231968455																																																																																																
232009345																																																																																																
232034900																																																																																																
232068490																																																																																																
232101769																																																																																																
232135183																																																																																																
232185435																																																																																																
232201690																																																																																																
232234828																																																																																																
232268229																																																																																																
232301516																																																																																																
232334819																																																																																																
232368226																																																																																																
232401693																																																																																																
232450337																																																																																																
232468529																																																																																																
232501763																																																																																																
232535224																																																																																																
232568401																																																																																																
232601554																																																																																																
232636006																																																																																																
232668183																																																																																																
232701963																																																																																																
232734912																																																																																																
232768540																																																																																																
232801535																																																																																																
232835178																																																																																																
232868457																																																																																																
232917867																																																																																																
232935137																																																																																																
232968559																																																																																																
233001885																																																																																																
233035223																																																																																																
233068633																																																																																																
233101523																																																																																																
233134913																																																																																																
233168235																																																																																																
233201531																																																																																																
233235114																																																																																																
233268190																																																																																																
233301540																																																																																																
233335126																																																																																																
233369123																																																																																																
233401936																																																																																																
233434908																																																																																																
233468213																																																																																																
233501919																																																																																																
233535191																																																																																																
233568235																																																																																																
233601523																																																																																																
233634840																																																																																																
233668476																																																																																																
233701523																																																																																																
233734895																																																																																																
233768515																																																																																																
233801824																																																																																																
233834857																																																																																																
233868202																																																																																																
233901780																																																																																																
233934855																																																																																																
233968206																																																																																																
234001972																																																																																																
234034943																																																																																																
234068502																																																																																																
234101900																																																																																																
234135193																																																																																																
234168557																																																																																																
234201893																																																																																																
234235319																																																																																																
234268640																																																																																																
234301787																																																																																																
234335388																																																																																																
234368550																																																																																																
234401884																																																																																																
234434863																																																																																																
234468223																																																																																																
234501713																																																																																																
234534897																																																																																																
234568216																																																																																																
234601744																																																																																																
234634873																																																																																																
234668379																																																																																																
234701536																																																																																																
234735217																																																																																																
234768206																																																																																																
234810448																																																																																																
234834864																																																																																																
234868467																																																																																																
234902008																																																																																																
234935228																																																																																																
234968212																																																																																																
235001857																																																																																																
235035069																																																																																																
235068460																																																																																																
235101806																																																																																																
235135326																																																																																																
235168569																																																																																																
235201737																																																																																																
235234937																																																																																																
235268269																																																																																																
235301768																																																																																																
235334971																																																																																																
235368265																																																																																																
235401774																																																																																																
235434865																																																																																																
235468216																																																																																																
235501879																																																																																																
235534883																																																																																																
235568427																																																																																																
235601837																																																																																																
235634924																																																																																																
235668413																																																																																																
235701846																																																																																																
235735267																																																																																																
235768216																																																																																																
235801774																																																																																																
235835790																																																																																																
235868578																																																																																																
235901899																																																																																																
235935054																																																																																																
235968216																																																																																																
236001549																																																																																																
236035123																																																																																																
236068638																																																																																																
236101550																																																																																																
236134964																																																																																																
236168207																																																																																																
236202015																																																																																																
236235293																																																																																																
236268211																																																																																																
236301779																																																																																																
236334926																																																																																																
236368741																																																																																																
236401869																																																																																																
236434875																																																																																																
236468225																																																																																																
236502241																																																																																																
236535068																																																																																																
236568357																																																																																																
236601904																																																																																																
236635223																																																																																																
236668648																																																																																																
236701886																																																																																																
236734921																																																																																																
236768262																																																																																																
236801561																																																																																																
236834884																																																																																																
236868225																																																																																																
236901563																																																																																																
236934905																																																																																																
236968658																																																																																																
237001593																																																																																																
237035606																																																																																																
237068461																																																																																																
237101702																																																																																																
237135261																																																																																																
237168457																																																																																																
237201851																																																																																																
237235376																																																																																																
237268586																																																																																																
237301554																																																																																																
237335255																																																																																																
237368248																																																																																																
237401509																																																																																																
237435184																																																																																																
237468289																																																																																																
237501899																																																																																																
237535096																																																																																																
237568579																																																																																																
237601900																																																																																																
237635111																																																																																																
237668507																																																																																																
237701567																																																																																																
237735266																																																																																																
237768553																																																																																																
237801770																																																																																																
237834908																																																																																																
237868219																																																																																																
237902148																																																																																																
237935188																																																																																																
237968416																																																																																																
238001707																																																																																																
238035057																																																																																																
238068288																																																																																																
238101525																																																																																																
238135236																																																																																																
238168433																																																																																																
238201959																																																																																																
238235097																																																																																																
238268584																																																																																																
238301892																																																																																																
238335346																																																																																																
238368489																																																																																																
238401527																																																																																																
238435163																																																																																																
238468233																																																																																																
238501935																																																																																																
238534904																																																																																																
238568537																																																																																																
238601905																																																																																																
238635190																																																																																																
238668234																																																																																																
238701903																																																																																																
238734863																																																																																																
238768641																																																																																																
238801561																																																																																																
238834928																																																																																																
238868236																																																																																																
238901897																																																																																																
238935188																																																																																																
238968398																																																																																																
239001638																																																																																																
239034993																																																																																																
239068570																																																																																																
239101593																																																																																																
239135296																																																																																																
239168498																																																																																																
239201925																																																																																																
239234873																																																																																																
239268550																																																																																																
239301631																																																																																																
239335242																																																																																																
239368221																																																																																																
239401595																																																																																																
239435661																																																																																																
239473192																																																																																																
239501878																																																																																																
239535603																																																																																																
239568467																																																																																																
239602206																																																																																																
239635118																																																																																																
239668499																																																																																																
239701814																																																																																																
239751324																																																																																																
239768689																																																																																																
239801896																																																																																																
239835402																																																																																																
239868371																																																																																																
239901598																																																																																																
239935228																																																																																																
239968209																																																																																																
240001916																																																																																																
